slug,claim_id,type,claim,class,proof_url,proof_quote,proof_read_at,stale_change_date,stale_change_quote,stale_change_url,causing_url,causing_type,causing_quote,rationale,reviewer_1,reviewer_2,review_date,review_state
"procore","C01","pricing","Procore pricing is custom (quote based); no standard price is published.","true","https://www.procore.com/pricing","Start here to get a custom quote.","2026-10-08T03:07:52.428Z","","","","","","","The pricing page publishes no dollar figures and directs buyers to a custom quote.","","","","unreviewed"
"procore","C02","pricing","Procore pricing is based on annual construction volume (ACV).","true","https://www.procore.com/pricing","We charge an upfront annual fee by product and based upon your Annual Construction Volume (ACV) - the aggregate dollar value of the construction work across your projects.","2026-10-08T03:07:52.428Z","","","","","","","The pricing FAQ states that the fee is based on Annual Construction Volume.","","","","unreviewed"
"procore","C03","pricing","Procore pricing depends on the products (modules) bought; modules such as preconstruction and financial management are paid for separately.","true","https://www.procore.com/pricing","Pricing for Procore depends on the products you need and the amount of construction you do.","2026-10-08T03:07:52.428Z","","","","","","","The pricing page says price depends on the products bought and that the annual fee is charged by product, which buyers pick and choose; it does not list which product holds which tool, so the named module examples are read as examples of this by-product pricing.","","","","unreviewed"
"procore","C04","pricing","Procore is sold on an annual contract with an upfront annual fee.","true","https://www.procore.com/pricing","We charge an upfront annual fee by product and based upon your Annual Construction Volume (ACV)","2026-10-08T03:07:52.428Z","","","","","","","The pricing FAQ states that Procore charges an upfront annual fee, and the page refers to every annual contract.","","","","unreviewed"
"procore","C05","pricing","Procore does not price per user or per seat.","true","https://www.procore.com/","Procore provides volume-based pricing tailored to your annual construction volume. This model gives your entire team unlimited user access to the platform without charging per-seat licensing fees.","2026-10-08T03:07:47.726Z","","","","","","","The home page FAQ states that Procore does not charge per-seat licensing fees.","","","","unreviewed"
"procore","C06","plans","Procore includes unlimited users.","true","https://www.procore.com/pricing","Unlimited Users Grow your team and collaborate as much as you need. We'll never charge you for adding more users to Procore.","2026-10-08T03:07:52.428Z","","","","","","","The pricing page lists unlimited users as included in every contract (the one exception, Field Productivity, is priced by FTE, which matches the answer that says most products).","","","","unreviewed"
"procore","C07","pricing","Field Productivity is priced separately, per FTE, outside the standard unlimited-user model.","true","https://www.procore.com/pricing","*Excludes the Field Productivity product, which is priced based on FTE.","2026-10-08T03:07:52.428Z","","","","","","","The pricing page footnote excludes Field Productivity from the standard model and says it is priced based on FTE.","","","","unreviewed"
"procore","C08","pricing","Subcontractors can use Procore free of charge (free subcontractor access).","true","https://www.procore.com/pricing","With Procore, you have unlimited users, including not just your employees, but all other collaborators like clients, subcontractors, and vendors.","2026-10-08T03:07:52.428Z","","","","","","","The pricing page includes subcontractors among the unlimited users a customer's contract covers at no extra charge.","","","","unreviewed"
"procore","C09","pricing","Procore has no pricing page on its website.","wrong","https://www.procore.com/pricing","How much does Procore cost? Pricing for Procore depends on the products you need and the amount of construction you do.","2026-10-08T03:07:52.428Z","","","","https://projul.com/competitors/procore-vs-buildertrend/","other","Procore hides its pricing entirely. Its pricing page lists no prices. You fill out a form, wait for a sales rep to call, sit through a demo, and then get a custom quote based on your annual construction volume.","Procore has a pricing page (procore.com/pricing, titled Plans and Pricing) that explains how it prices; it lists no dollar figures, which is true, but the page exists. The cited competitor comparison carries the same passage, saying the pricing page lists no prices, and the answer turned that into no pricing page. Pass 2 check: the contradiction is the vendor's own page itself, like with like (whether a pricing page exists).","","","","unreviewed"
"procore","C10","pricing","Procore is priced per user.","wrong","https://www.procore.com/pricing","We'll never charge you for adding more users to Procore.","2026-10-08T03:07:52.428Z","","","","https://pmspace.ai/compare/procore-vs-buildertrend/","other","Procore is designed for large commercial construction with enterprise features and per-user pricing ($375+/user/month).","The pricing page states that Procore never charges for adding users and prices by product and construction volume; the cited comparison page states per-user pricing. Pass 2 check: like with like on the price basis; the only per-head exception the page names is Field Productivity (priced by FTE), which does not make Procore per-user priced.","","","","unreviewed"
"procore","C11","pricing","Procore pricing is revenue based (a share of the customer's revenue).","unverifiable","","","","","","","","","","The pricing page bases the fee on Annual Construction Volume, the dollar value of construction work across projects; it does not say the fee is based on or a percentage of revenue, so the claim is neither confirmed nor contradicted.","","","","unreviewed"
"procore","C12","pricing","Procore plans are customized on company size, number of projects and feature requirements.","unverifiable","","","","","","","","","","The pricing page names products and construction volume as the price drivers; it does not name company size or project count, so this basis is not settled.","","","","unreviewed"
"procore","C13","pricing","Procore pricing starts at about $10,000 per year.","unverifiable","","","","","","","","","","The vendor's pages publish no dollar prices.","","","","unreviewed"
"procore","C14","pricing","Procore annual contracts run between $10,000 and $50,000+ depending on volume.","unverifiable","","","","","","","","","","The vendor's pages publish no dollar prices.","","","","unreviewed"
"procore","C15","pricing","Mid-size general contractors pay between $10,000 and $60,000+ per year for Procore.","unverifiable","","","","","","","","","","The vendor's pages publish no dollar prices.","","","","unreviewed"
"procore","C16","pricing","Procore pricing typically starts at $20,000 or more per year.","unverifiable","","","","","","","","","","The vendor's pages publish no dollar prices.","","","","unreviewed"
"procore","C17","pricing","Procore's minimum annual cost often starts around $4,500 to $10,000+.","unverifiable","","","","","","","","","","The vendor's pages publish no dollar prices or minimums.","","","","unreviewed"
"procore","C18","pricing","A small general contractor should budget roughly $600 to $1,200 per month for Procore.","unverifiable","","","","","","","","","","The vendor's pages publish no dollar prices.","","","","unreviewed"
"procore","C19","pricing","For a residential contractor doing $1M to $5M a year, a Procore quote starts around $375 per month.","unverifiable","","","","","","","","","","The vendor's pages publish no dollar prices.","","","","unreviewed"
"procore","C20","pricing","Procore typically costs $15,000 to $30,000 per year for small general contractors ($10M to $50M ACV).","unverifiable","","","","","","","","","","The vendor's pages publish no dollar prices.","","","","unreviewed"
"procore","C21","pricing","Procore typically costs $30,000 to $80,000 per year for mid-size general contractors.","unverifiable","","","","","","","","","","The vendor's pages publish no dollar prices.","","","","unreviewed"
"procore","C22","pricing","Procore implementation typically adds $50,000 to $150,000+ in the first year.","unverifiable","","","","","","","","","","The pricing page mentions implementation services but gives no prices for them.","","","","unreviewed"
"procore","C23","pricing","Contractors report Procore renewal price increases of 5% to 14%.","unverifiable","","","","","","","","","","The vendor's pages give no renewal rates (the pricing page offers renewal rate protection as a deal option but states no increase figures).","","","","unreviewed"
"procore","C24","pricing","Contractors report Procore renewal increases of 10% to 20% a year.","unverifiable","","","","","","","","","","The vendor's pages give no renewal rates.","","","","unreviewed"
"procore","C25","pricing","Procore moved to custom, volume-based pricing in 2026.","unverifiable","","","","","","","","","","The pages confirm custom, volume-based pricing today but carry no date for when it was introduced, so the 2026 timing is not settled.","","","","unreviewed"
"procore","C26","plans","Procore offers a subcontractor tier (subcontractor-focused tiers).","unverifiable","","","","","","","","","","The subcontractors page describes products for specialty contractors and use through a general contractor's account but names no subcontractor tier or plan; the pricing page lists no tiers.","","","","unreviewed"
"procore","C27","product_names","Procore offers a product named Procore AI, with AI agents.","true","https://www.procore.com/","Procore AI Scale team capacity with construction-native AI agents that automate the busywork","2026-10-08T03:07:47.726Z","","","","","","","The home page presents Procore AI as a named offering built on construction-native AI agents (it does not use the word Copilot, which is not needed to settle the name).","","","","unreviewed"
"procore","C28","integrations","Procore integrates with Sage 300 CRE.","true","https://marketplace.procore.com/apps/procore-built-sage-300-cre-connector","Procore is the only comprehensive cloud-based construction project management platform with an out-of-the-box integration with Sage 300 CRE.","2026-10-08T03:09:03.254Z","","","","","","","The browser read of Procore's own marketplace listing for its Sage 300 CRE connector states an out-of-the-box Sage 300 CRE integration built and supported by Procore.","","","","unreviewed"
"procore","C29","integrations","Procore integrates with Viewpoint Vista.","true","https://marketplace.procore.com/apps/procore-built-viewpoint-vista-connector-c61526c9-7d8a-490c-9e8a-fdee68af02b2","Procore-built Viewpoint Vista™ connector","2026-10-08T04:22:47.081Z","","","","","","","Procore's own marketplace carries a live listing titled 'Procore-built Viewpoint Vista™ connector' (read once in pass 2 as the second individual integration page); the snapshot is thin and carries only that title, which names the integration.","","","","unreviewed"
"procore","C30","integrations","Procore integrates with Acumatica.","true","https://www.procore.com/accounting-integrations","Oracle NetSuite Quickbooks Connector Sage Viewpoint® Spectrum® Workday Yardi MRI Acumatica","2026-10-08T03:09:58.873Z","","","","","","","The accounting integrations page lists Acumatica among its accounting integrations.","","","","unreviewed"
"procore","C31","integrations","Procore integrates with QuickBooks.","true","https://www.procore.com/accounting-integrations","Quickbooks Connector","2026-10-08T03:09:58.873Z","","","","","","","The accounting integrations page lists a QuickBooks connector.","","","","unreviewed"
"procore","C32","integrations","Procore integrates with Xero.","true","https://www.procore.com/accounting-integrations","Xero with OneCore Generate invoices, update payments, and auto populate costs incurred into your project as and when they occur.","2026-10-08T03:09:58.873Z","","","","","","","The accounting integrations page lists partner-built Xero integrations.","","","","unreviewed"
"procore","C33","integrations","Procore integrates with Sage.","true","https://www.procore.com/accounting-integrations","Oracle NetSuite Quickbooks Connector Sage Viewpoint® Spectrum®","2026-10-08T03:09:58.873Z","","","","","","","The accounting integrations page lists Sage among its accounting integrations.","","","","unreviewed"
"procore","C34","integrations","Procore offers hundreds of integrations.","true","https://www.procore.com/platform","Access 500+ integrations in Procore to manage tools and data seamlessly without disrupting workflows.","2026-10-08T03:09:19.143Z","","","","","","","The platform page states 500+ integrations, which is hundreds.","","","","unreviewed"
"procore","C35","integrations","Procore's app marketplace has over 400 integrations.","true","https://www.procore.com/platform","Tap into 500+ integrations and apps you love working with","2026-10-08T03:09:19.143Z","","","","","","","The platform page states 500+ integrations; over 400 is true as written as a lower bound.","","","","unreviewed"
"procore","C36","platforms","Procore is cloud based.","true","https://www.procore.com/pricing","Cloud-based Platform Ditch on-premise servers. Procore's cloud-based infrastructure will help you grow wherever you go.","2026-10-08T03:07:52.428Z","","","","","","","The pricing page describes Procore as a cloud-based platform.","","","","unreviewed"
"procore","C37","platforms","Procore has mobile apps (mobile access for field teams).","true","https://www.procore.com/subcontractors","Procore has mobile apps for both Android and iOS that let you access and manage your projects from anywhere.","2026-10-08T03:09:19.792Z","","","","","","","The subcontractors page FAQ states that Procore has mobile apps for Android and iOS.","","","","unreviewed"
"procore","C38","customer_counts","Procore's subcontractor network has over 1.6 million connected companies.","unverifiable","","","","","","","","","","None of the vendor pages read states a count of connected companies (they give 3M users and 3M+ projects, which do not settle a company count).","","","","unreviewed"
"procore","C39","customer_counts","Procore's user community has more than 40,000 professionals.","true","https://www.procore.com/pricing","Procore Community Connect with an online community of 40k+ peers in your region or role and see how others are using Procore.","2026-10-08T03:07:52.428Z","","","","","","","The pricing page states an online community of 40k+ peers.","","","","unreviewed"
"buildertrend","C01","pricing","Buildertrend pricing is a custom quote; no standard prices are published.","true","https://buildertrend.com/pricing","Get your custom quote for the platform that does it all","2026-10-08T03:14:22.929Z","","","","","","","The pricing page (browser read) offers only a custom quote and publishes no prices; the pricing guide gives Buildertrend's model as 'Custom quote; all-in-one'.","","","","unreviewed"
"buildertrend","C02","pricing","Buildertrend stopped publishing prices in 2026 (its published tiers were removed in favour of custom quotes).","unverifiable","","","","","","","","","","The browser-read pricing page shows custom quotes only, but no own page read dates a change in 2026 or names removed tiers, so the dated shift is not settled.","","","","unreviewed"
"buildertrend","C03","pricing","Buildertrend quotes are based on builder type, annual revenue and business needs.","unverifiable","","","","","","","","","","The FAQ answer to 'How is Buildertrend pricing determined?' is collapsed in the browser snapshot; the pricing guide says pricing is 'based on business size, team and goals' and the quote form asks builder type, but annual revenue is not named, so the claim is not settled.","","","","unreviewed"
"buildertrend","C04","pricing","Buildertrend's quote form asks for annual construction volume (quotes are based on it).","unverifiable","","","","","","","","","","The browser-read pricing page shows only the first quote question (builder type) and says 'Answer four quick questions'; annual construction volume is not shown on any page read.","","","","unreviewed"
"buildertrend","C05","plans","Buildertrend includes unlimited users.","true","https://buildertrend.com/pricing","Unlimited users","2026-10-08T03:14:22.929Z","","","","","","","The browser-read pricing page states unlimited users.","","","","unreviewed"
"buildertrend","C06","plans","Buildertrend includes unlimited projects.","true","https://buildertrend.com/pricing","Unlimited projects","2026-10-08T03:14:22.929Z","","","","","","","The browser-read pricing page states unlimited projects.","","","","unreviewed"
"buildertrend","C07","pricing","Buildertrend does not charge per user.","true","https://buildertrend.com/construction-software-pricing/","Cost per user No extra cost","2026-10-08T03:34:25.534Z","","","","","","","The pricing guide's comparison table gives Buildertrend's cost per user as 'No extra cost' (its column is the one whose model is 'Custom quote; all-in-one'), and the pricing page lists unlimited users.","","","","unreviewed"
"buildertrend","C08","pricing","Buildertrend is billed as a flat subscription fee (monthly or annual), not tied to project count.","unverifiable","","","","","","","","","","The own pages show unlimited projects but describe the model as a custom quote with 'Annual or quarterly' payment options and state no flat monthly fee; a monthly price level is not the same unit as a payment schedule, so the pages neither confirm nor explicitly contradict a flat monthly or annual fee.","","","","unreviewed"
"buildertrend","C09","pricing","Buildertrend pricing is tiered (several plans or tiers).","unverifiable","","","","","","","","","","The pricing guide labels Buildertrend's model 'Custom quote; all-in-one' against competitors marked 'Tiered', but the pricing page also offers to 'discuss different options available to you' and the FAQ asks 'Do all Buildertrend features come with my plan?' with the answer collapsed, so the pages do not explicitly rule out quote-based tiers.","","","","unreviewed"
"buildertrend","C10","pricing","Buildertrend starts at about $199 per month for its base tier, scaling to $799 per month for premium features.","unverifiable","","","","","","","","","","The browser-read pricing page publishes no prices (custom quote only), so this price cannot be compared with a published one.","","","","unreviewed"
"buildertrend","C11","pricing","Buildertrend starts at about $399 per month.","unverifiable","","","","","","","","","","The browser-read pricing page publishes no prices (custom quote only), so this price cannot be compared with a published one.","","","","unreviewed"
"buildertrend","C12","pricing","Buildertrend costs $199 to $499 per month.","unverifiable","","","","","","","","","","The browser-read pricing page publishes no prices (custom quote only), so this price cannot be compared with a published one.","","","","unreviewed"
"buildertrend","C13","pricing","Buildertrend costs $399 to $1,099 per month.","unverifiable","","","","","","","","","","The browser-read pricing page publishes no prices (custom quote only), so this price cannot be compared with a published one.","","","","unreviewed"
"buildertrend","C14","pricing","The Standard plan costs $299 per month billed annually.","unverifiable","","","","","","","","","","The browser-read pricing page publishes no prices and names no plans, so this plan price cannot be checked.","","","","unreviewed"
"buildertrend","C15","pricing","Buildertrend offers a two-month $99 introductory promotion.","unverifiable","","","","","","","","","","The pricing page read on 8 Oct shows only a '10% off' offer for paying annually upfront; it neither states nor rules out a $99 promotion on the capture date.","","","","unreviewed"
"buildertrend","C16","pricing","The Pro plan costs $499 per month.","unverifiable","","","","","","","","","","The browser-read pricing page publishes no prices and names no plans, so this plan price cannot be checked.","","","","unreviewed"
"buildertrend","C17","pricing","The Core plan costs $299 per month.","unverifiable","","","","","","","","","","The browser-read pricing page publishes no prices and names no plans, so this plan price cannot be checked.","","","","unreviewed"
"buildertrend","C18","pricing","The Premium plan costs $799 per month.","unverifiable","","","","","","","","","","The browser-read pricing page publishes no prices and names no plans, so this plan price cannot be checked.","","","","unreviewed"
"buildertrend","C19","pricing","The Essential plan costs $499 per month.","unverifiable","","","","","","","","","","The browser-read pricing page publishes no prices and names no plans, so this plan price cannot be checked.","","","","unreviewed"
"buildertrend","C20","pricing","The Advanced plan costs $799 per month.","unverifiable","","","","","","","","","","The browser-read pricing page publishes no prices and names no plans, so this plan price cannot be checked.","","","","unreviewed"
"buildertrend","C21","pricing","The Complete plan costs $1,099 per month.","unverifiable","","","","","","","","","","The browser-read pricing page publishes no prices and names no plans, so this plan price cannot be checked.","","","","unreviewed"
"buildertrend","C22","pricing","The Essential plan costs around $339 to $499 per month.","unverifiable","","","","","","","","","","The browser-read pricing page publishes no prices and names no plans, so this plan price cannot be checked.","","","","unreviewed"
"buildertrend","C23","pricing","The Advanced plan costs around $699 to $799 per month.","unverifiable","","","","","","","","","","The browser-read pricing page publishes no prices and names no plans, so this plan price cannot be checked.","","","","unreviewed"
"buildertrend","C24","pricing","The Complete plan costs around $829 to $1,099 per month.","unverifiable","","","","","","","","","","The browser-read pricing page publishes no prices and names no plans, so this plan price cannot be checked.","","","","unreviewed"
"buildertrend","C25","pricing","Buildertrend tiers range from about $299 to $900+ per month.","unverifiable","","","","","","","","","","The browser-read pricing page publishes no prices (custom quote only), so this price range cannot be compared with a published one.","","","","unreviewed"
"buildertrend","C26","pricing","Buildertrend tiers range from about $299 to $1,000+ per month.","unverifiable","","","","","","","","","","The browser-read pricing page publishes no prices (custom quote only), so this price range cannot be compared with a published one.","","","","unreviewed"
"buildertrend","C27","pricing","Buildertrend is a flat monthly subscription of $299 to $1,099+ per month.","unverifiable","","","","","","","","","","The browser-read pricing page publishes no prices (custom quote only), so this price range cannot be compared with a published one.","","","","unreviewed"
"buildertrend","C28","pricing","Buildertrend charges $400 to $1,500 for onboarding.","unverifiable","","","","","","","","","","The home and pricing pages (browser read) describe onboarding but state no onboarding fee.","","","","unreviewed"
"buildertrend","C29","pricing","Buildertrend offers a first-month promotional price, with the full price from month two.","unverifiable","","","","","","","","","","The pricing page read on 8 Oct shows only a '10% off' offer for paying annually upfront; it neither states nor rules out a first-month promotional price on the capture date.","","","","unreviewed"
"buildertrend","C30","pricing","Buildertrend price increases are reported after 2 to 4 years.","unverifiable","","","","","","","","","","No own page read states renewal or price-increase terms.","","","","unreviewed"
"buildertrend","C31","plans","Estimating requires the Pro plan; the Standard plan does not include estimating or change orders.","unverifiable","","","","","","","","","","The own pages read name no plans and state no plan contents, so plan inclusions cannot be checked.","","","","unreviewed"
"buildertrend","C32","plans","The Pro plan adds deeper financial tools and advanced reporting.","unverifiable","","","","","","","","","","The own pages read name no plans and state no plan contents, so plan inclusions cannot be checked.","","","","unreviewed"
"buildertrend","C33","plans","Buildertrend's custom pricing includes the full feature collection.","unverifiable","","","","","","","","","","The FAQ question 'Do all Buildertrend features come with my plan?' is in the browser snapshot but its answer is collapsed; 'all-in-one' describes the platform, not what each quote includes.","","","","unreviewed"
"buildertrend","C34","free_tier","Buildertrend has no free trial.","unverifiable","","","","","","","","","","The FAQ question 'Do you offer a free trial?' is in the browser snapshot but its answer is collapsed, and no other page read settles it.","","","","unreviewed"
"buildertrend","C35","free_tier","Buildertrend has no free plan.","unverifiable","","","","","","","","","","No own page read states whether a free plan exists.","","","","unreviewed"
"buildertrend","C36","pricing","Subcontractors (trade partners) use Buildertrend's portal at no cost.","unverifiable","","","","","","","","","","The pricing and product pages list a 'Sub Portal' feature, but no page read states its cost to subcontractors (the FAQ answer on how subcontractors use Buildertrend is collapsed).","","","","unreviewed"
"buildertrend","C37","product_names","Buildertrend's subcontractor portal is named Sub Center.","unverifiable","","","","","","","","","","The browser-read pricing and product pages label the feature 'Sub Portal' and do not mention 'Sub Center'; a different feature label is not an explicit contradiction of the name, so the claim is not settled.","","","","unreviewed"
"buildertrend","C38","integrations","Buildertrend integrates with QuickBooks (including QuickBooks Online).","true","https://buildertrend.com/","Connect accounting system (QuickBooks or Xero)","2026-10-08T03:14:18.248Z","","","","","","","The browser-read home page's onboarding plan includes connecting the accounting system, QuickBooks or Xero.","","","","unreviewed"
"buildertrend","C39","integrations","Buildertrend integrates with Xero.","true","https://buildertrend.com/","Connect accounting system (QuickBooks or Xero)","2026-10-08T03:14:18.248Z","","","","","","","The browser-read home page's onboarding plan includes connecting the accounting system, QuickBooks or Xero.","","","","unreviewed"
"buildertrend","C40","integrations","Buildertrend integrates with Sage 100 Contractor.","unverifiable","","","","","","","","","","The home page names only QuickBooks and Xero for the accounting connection and no integrations page was read, so this integration is not settled.","","","","unreviewed"
"buildertrend","C41","integrations","Buildertrend integrates with Gusto.","unverifiable","","","","","","","","","","No integrations page was read and no page read names Gusto, so this integration is not settled.","","","","unreviewed"
"buildertrend","C42","integrations","Buildertrend integrates with Salesforce.","unverifiable","","","","","","","","","","No integrations page was read and no page read names Salesforce, so this integration is not settled.","","","","unreviewed"
"buildertrend","C43","integrations","Buildertrend integrates with HubSpot.","unverifiable","","","","","","","","","","No integrations page was read and no page read names HubSpot, so this integration is not settled.","","","","unreviewed"
"buildertrend","C44","integrations","Buildertrend integrates with Pipedrive.","unverifiable","","","","","","","","","","No integrations page was read and no page read names Pipedrive, so this integration is not settled.","","","","unreviewed"
"buildertrend","C45","platforms","Buildertrend has mobile apps (mobile access for field teams).","unverifiable","","","","","","","","","","The home page title reads 'Software & App' and the FAQ asks 'Can I use Buildertrend on the go?' with the answer collapsed; no page read states a mobile app explicitly.","","","","unreviewed"
"buildertrend","C46","platforms","Buildertrend is cloud based.","unverifiable","","","","","","","","","","The FAQ answer to 'Where is my data stored?' is collapsed in the browser snapshot and no other page read states cloud hosting.","","","","unreviewed"
"buildertrend","C47","acquisitions","Buildertrend acquired CoConstruct.","unverifiable","","","","","","","","","","coconstruct.com (browser read) describes CoConstruct's transition to Buildertrend, but no own page read states an acquisition.","","","","unreviewed"
"buildertrend","C48","acquisitions","Buildertrend acquired CoConstruct in 2021.","unverifiable","","","","","","","","","","No own page read states or dates an acquisition of CoConstruct.","","","","unreviewed"
"buildertrend","C49","ownership","CoConstruct is owned by Buildertrend (they are now the same company).","unverifiable","","","","","","","","","","coconstruct.com (browser read) describes a migration of CoConstruct customers to Buildertrend, but no own page read states who owns CoConstruct.","","","","unreviewed"
"buildertrend","C50","discontinued","CoConstruct is being phased out as a standalone product, with customers moved and new buyers directed to Buildertrend.","true","https://www.coconstruct.com/","CoConstruct's transition toBuildertrend is entering its final phase. Make your move now and let our team guide you through a seamless migration","2026-10-08T03:35:32.328Z","","","","","","","The CoConstruct site (browser read) says the transition to Buildertrend is in its final phase, asks customers to migrate and sends prospects to the Buildertrend team.","","","","unreviewed"
"contractor-foreman","C01","pricing","The Basic plan costs $49 per month billed annually ($588 a year).","true","https://contractorforeman.com/plans/","Basic $49 per month 1 Users FREE for 30 days then pay $588 annually at renewal.","2026-10-08T03:18:06.752Z","","","","","","","The browser-read plans page lists Basic at $49 per month for one user, paid $588 annually.","","","","unreviewed"
"contractor-foreman","C02","plans","The entry (Basic) plan includes one user.","true","https://contractorforeman.com/plans/","Basic $49 per month 1 Users","2026-10-08T03:18:06.752Z","","","","","","","The browser-read plans page lists the Basic plan with one user.","","","","unreviewed"
"contractor-foreman","C03","pricing","Paid plans start at $49 per month (billing basis not stated).","true","https://contractorforeman.com/plans/","With plans starting at $49/month, it is the most affordable project management software for contractors.","2026-10-08T03:18:06.752Z","","","","","","","The browser-read plans page states plans start at $49/month (the Basic plan, billed annually).","","","","unreviewed"
"contractor-foreman","C04","pricing","Plans start at $49 per month for up to three users.","wrong","https://contractorforeman.com/plans/","Basic $49 per month 1 Users FREE for 30 days then pay $588 annually at renewal. Try for Free Save $404 Standard $105 per month Up to 3 Users","2026-10-08T03:37:06.451Z","","","","","not found","","Like with like on the entry price: the plans page gives the $49 plan (Basic) one user and puts up to three users on Standard at $105 per month; monthly billing is dearer, so no published plan is $49 for three users.","","","","unreviewed"
"contractor-foreman","C05","pricing","Contractor Foreman starts at $49 per user per month.","wrong","https://contractorforeman.com/plans/","Is the fee per user or for the whole company? The fee listed on the website is the fee for the company as a whole.","2026-10-08T03:37:06.451Z","","","","","not found","","Like with like on the price basis: the plans page FAQ says the listed fee is for the company as a whole, not per user.","","","","unreviewed"
"contractor-foreman","C06","pricing","The Standard plan costs about $105 per month billed annually ($1,264 a year).","true","https://contractorforeman.com/plans/","Standard $105 per month Up to 3 Users FREE for 30 days then pay $1,264 annually at renewal.","2026-10-08T03:18:06.752Z","","","","","","","The browser-read plans page lists Standard at $105 per month, paid $1,264 annually.","","","","unreviewed"
"contractor-foreman","C07","plans","The Standard plan covers up to three users.","true","https://contractorforeman.com/plans/","Standard $105 per month Up to 3 Users","2026-10-08T03:18:06.752Z","","","","","","","The browser-read plans page lists Standard for up to three users.","","","","unreviewed"
"contractor-foreman","C08","plans","Higher-tier plans support larger teams (more users).","true","https://contractorforeman.com/plans/","Plus $166 per month Up to 8 Users","2026-10-08T03:18:06.752Z","","","","","","","The browser-read plans page raises the user limit with each tier: Basic 1, Standard up to 3, Plus up to 8, Pro up to 15, Unlimited unlimited.","","","","unreviewed"
"contractor-foreman","C09","free_tier","Contractor Foreman offers a free trial.","true","https://contractorforeman.com/plans/","30 Day Free Trial 100 Day Money Back Guarantee","2026-10-08T03:18:06.752Z","","","","","","","The browser-read plans page offers a 30-day free trial.","","","","unreviewed"
"contractor-foreman","C10","free_tier","The free trial lasts 30 days.","true","https://contractorforeman.com/plans/","30 Day Free Trial 100 Day Money Back Guarantee","2026-10-08T03:18:06.752Z","","","","","","","The browser-read plans page offers a 30-day free trial.","","","","unreviewed"
"contractor-foreman","C11","free_tier","Contractor Foreman has a free tier for one user.","wrong","https://contractorforeman.com/plans/","Basic $49 per month 1 Users FREE for 30 days then pay $588 annually at renewal.","2026-10-08T03:37:06.451Z","","","","","not found","","Like with like on the one-user tier: the plans page lists every plan and the one-user plan (Basic) costs $49 per month after a 30-day free trial; the only free access named is for non-profits, not a one-user tier.","","","","unreviewed"
"contractor-foreman","C12","pricing","Contractor Foreman uses flat-rate plan pricing.","true","https://contractorforeman.com/plans/","No, the pricing for Contractor Foreman if fixed and does not increase based on your company’s growth.","2026-10-08T03:18:06.752Z","","","","","","","The plans page FAQ says plan pricing is fixed and charged for the company as a whole, with one listed price per plan.","","","","unreviewed"
"contractor-foreman","C13","pricing","Contractor Foreman does not charge per-user fees.","true","https://contractorforeman.com/plans/","The fee listed on the website is the fee for the company as a whole.","2026-10-08T03:18:06.752Z","","","","","","","The plans page FAQ says the listed fee is for the company as a whole, not per user.","","","","unreviewed"
"contractor-foreman","C14","pricing","Contractor Foreman does not charge per-project fees.","true","https://contractorforeman.com/plans/","Does the price increase if we add more projects? No, the pricing for Contractor Foreman if fixed and does not increase based on your company’s growth. This allows you to add an unlimited number of projects.","2026-10-08T03:18:06.752Z","","","","","","","The plans page FAQ says the price does not increase with more projects and projects are unlimited.","","","","unreviewed"
"contractor-foreman","C15","pricing","Contractor Foreman publishes its prices.","true","https://contractorforeman.com/plans/","Compare plans and features Basic $49 per month","2026-10-08T03:18:06.752Z","","","","","","","The browser-read plans page publishes a price for each of its five plans.","","","","unreviewed"
"contractor-foreman","C16","integrations","Contractor Foreman integrates with QuickBooks.","true","https://contractorforeman.com/plans/","We integrate with QuickBooks Online, Zoho (Q4 2026) and Zapier.","2026-10-08T03:18:06.752Z","","","","","","","The plans page FAQ names a QuickBooks Online integration (also listed among integrations on the home page).","","","","unreviewed"
"contractor-foreman","C17","integrations","Contractor Foreman integrates with Xero.","true","https://contractorforeman.com/","Quickbooks CompanyCam Stripe Zapier Google Calendar Outlook Calendar Gusto Angi List Leads Sweetpay Microsoft Project Xero","2026-10-08T03:18:02.334Z","","","","","","","The browser-read home page lists Xero among the systems under 'Easily connect and integrate with 50+ other systems'.","","","","unreviewed"
"contractor-foreman","C18","platforms","Contractor Foreman is cloud based.","true","https://contractorforeman.com/plans/","Contractor Foreman works in the cloud on AWS (Amazon Web Servers).","2026-10-08T03:18:06.752Z","","","","","","","The plans page FAQ says Contractor Foreman works in the cloud on AWS.","","","","unreviewed"
"contractor-foreman","C19","platforms","Contractor Foreman runs in a web browser.","true","https://contractorforeman.com/plans/","Contractor Foreman is web based. The web panel can be used on any device that has a web browser.","2026-10-08T03:18:06.752Z","","","","","","","The plans page FAQ says Contractor Foreman is web based and runs in any web browser.","","","","unreviewed"
"contractor-foreman","C20","platforms","Contractor Foreman has mobile apps (mobile access).","true","https://contractorforeman.com/plans/","We also have native apps for iOS (iPhone and iPad) as well as Android phones and tablets.","2026-10-08T03:18:06.752Z","","","","","","","The plans page FAQ names native iOS and Android apps.","","","","unreviewed"
"contractor-foreman","C21","platforms","Contractor Foreman has a native iOS app.","true","https://contractorforeman.com/plans/","We also have native apps for iOS (iPhone and iPad) as well as Android phones and tablets.","2026-10-08T03:18:06.752Z","","","","","","","The plans page FAQ names a native iOS app.","","","","unreviewed"
"contractor-foreman","C22","platforms","Contractor Foreman has a native Android app.","true","https://contractorforeman.com/plans/","We also have native apps for iOS (iPhone and iPad) as well as Android phones and tablets.","2026-10-08T03:18:06.752Z","","","","","","","The plans page FAQ names native Android apps.","","","","unreviewed"
"contractor-foreman","C23","pricing","Contractor Foreman is sold as a subscription.","true","https://contractorforeman.com/plans/","Annual plans are charged at the end of the free trial and monthly plans are charged immediately.","2026-10-08T03:18:06.752Z","","","","","","","The plans page sells annual and monthly plans that renew (for example 'pay $588 annually at renewal').","","","","unreviewed"
"fieldwire","C01","pricing","The Pro plan costs $39 per user per month billed annually.","true","https://www.fieldwire.com/pricing","Pro $ 39 per user / month billed annually","2026-10-08T02:36:39.340Z","","","","","","","The pricing page lists Pro at $39 per user per month billed annually, the same plan and billing basis as the claim.","","","","unreviewed"
"fieldwire","C02","pricing","The Business plan costs $64 per user per month billed annually.","true","https://www.fieldwire.com/pricing","Business $ 64 per user / month billed annually","2026-10-08T02:36:39.340Z","","","","","","","The pricing page lists Business at $64 per user per month billed annually, the same plan and billing basis as the claim.","","","","unreviewed"
"fieldwire","C03","pricing","The Business Plus plan costs $89 per user per month billed annually.","true","https://www.fieldwire.com/pricing","Business Plus $ 89 per user / month billed annually","2026-10-08T02:36:39.340Z","","","","","","","The pricing page lists Business Plus at $89 per user per month billed annually, the same plan and billing basis as the claim.","","","","unreviewed"
"fieldwire","C04","pricing","Paid plans start at $39 per user per month (billing basis not stated).","true","https://www.fieldwire.com/pricing","Pro $ 39 per user / month billed annually","2026-10-08T02:36:39.340Z","","","","","","","Pro is the lowest paid plan on the pricing page at $39 per user per month (billed annually), so the stated paid starting price matches; the answer does not claim a monthly-billing price.","","","","unreviewed"
"fieldwire","C05","pricing","Pricing is per user (per user per month).","true","https://www.fieldwire.com/pricing","Users | 5 | Pay per user | Pay per user | Pay per user |","2026-10-08T02:36:39.340Z","","","","","","","The pricing page states pay per user on every paid plan and quotes each plan per user per month; the word add-on in one answer describes positioning beside a main platform, not a price fact.","","","","unreviewed"
"fieldwire","C06","pricing","Pricing is tiered.","true","https://www.fieldwire.com/pricing","Usage | Basic | Pro | Business | Business Plus |","2026-10-08T02:36:39.340Z","","","","","","","The pricing page compares four tiers: Basic, Pro, Business and Business Plus.","","","","unreviewed"
"fieldwire","C07","free_tier","Fieldwire has a free plan (Basic).","true","https://www.fieldwire.com/pricing","Basic $ 0 per user / month For small teams wanting to try out Fieldwire's core features. START FOR FREE","2026-10-08T02:36:39.340Z","","","","","","","The pricing page lists the Basic plan at $0 per user per month.","","","","unreviewed"
"fieldwire","C08","free_tier","The free plan allows up to 5 users.","true","https://www.fieldwire.com/pricing","Users | 5 | Pay per user | Pay per user | Pay per user |","2026-10-08T02:36:39.340Z","","","","","","","The plan comparison table gives the Basic (free) plan 5 users.","","","","unreviewed"
"fieldwire","C09","free_tier","The free plan allows up to 3 projects.","true","https://www.fieldwire.com/pricing","Projects | 3 | Unlimited | Unlimited | Unlimited |","2026-10-08T02:36:39.340Z","","","","","","","The plan comparison table gives the Basic (free) plan 3 projects.","","","","unreviewed"
"fieldwire","C10","free_tier","The free plan allows up to 100 sheets.","true","https://www.fieldwire.com/pricing","Sheets | 100 | Unlimited | Unlimited | Unlimited |","2026-10-08T02:36:39.340Z","","","","","","","The plan comparison table gives the Basic (free) plan 100 sheets.","","","","unreviewed"
"fieldwire","C11","plans","RFIs, submittals, change orders and budgets require the Business Plus plan.","true","https://www.fieldwire.com/pricing","BUY BUSINESS PLUS View features All Business features, and: RFIs Submittals Change Orders Budget","2026-10-08T02:36:39.340Z","","","","","","","The pricing page lists RFIs, Submittals, Change Orders and Budget as the features Business Plus adds over Business (the table marks submittal management, RFIs, change orders and budget for Business Plus only).","","","","unreviewed"
"fieldwire","C12","plans","Forms and BIM viewing come with higher tiers, not the free entry tier.","true","https://www.fieldwire.com/pricing","BUY BUSINESS View features All Pro features, and: Custom forms App integrations BIM viewer Custom task fields","2026-10-08T02:36:39.340Z","","","","","","","The pricing page adds custom forms and the BIM viewer at the Business tier; the Basic (free) feature list does not include them.","","","","unreviewed"
"fieldwire","C13","product_names","The product is named Fieldwire by Hilti.","true","https://www.fieldwire.com/","Fieldwire by Hilti","2026-10-08T02:40:29.735Z","","","","","","","The vendor's home page carries the name Fieldwire by Hilti.","","","","unreviewed"
"fieldwire","C14","ownership","Fieldwire is owned by Hilti (part of Hilti).","true","https://www.fieldwire.com/","Fieldwire is part of Hilti Construction Software","2026-10-08T02:40:29.735Z","","","","","","","The home page states that Fieldwire is part of Hilti Construction Software.","","","","unreviewed"
"fieldwire","C15","acquisitions","Fieldwire was acquired by Hilti.","true","https://www.fieldwire.com/press/","Fieldwire + Hilti acquisition announcement Blog • November 16, 2021 The acquisition will further Hilti’s mission to drive outstanding field productivity","2026-10-08T02:40:53.234Z","","","","","","","The vendor's press page lists its own blog announcement of the Hilti acquisition.","","","","unreviewed"
"fieldwire","C16","acquisitions","Hilti acquired Fieldwire in 2021.","true","https://www.fieldwire.com/press/","Fieldwire + Hilti acquisition announcement Blog • November 16, 2021 The acquisition will further Hilti’s mission to drive outstanding field productivity","2026-10-08T02:40:53.234Z","","","","","","","The press page dates the vendor's acquisition announcement to November 16, 2021.","","","","unreviewed"
"fieldwire","C17","customer_counts","Fieldwire is used on over 1,000,000 projects worldwide.","true","https://www.fieldwire.com/about-us/","Fieldwire powers more than 4,000,000 commercial, industrial, heavy-civil and residential projects worldwide.","2026-10-08T02:40:48.554Z","","","","","","","The about page states more than 4,000,000 projects, which satisfies the lower bound of over 1,000,000; the answer understates the published figure but does not contradict it, and no dated change to the count is published.","","","","unreviewed"
"fieldwire","C18","integrations","Fieldwire integrates with Procore.","unverifiable","","","","","","","","","","The integrations directory renders client side, so its snapshot names no partners; the two individual integration pages read in pass 2 (Primavera P6, Sage Intacct) and their related-integration lists do not name Procore, and no other page read names it. Absence from the pages read is not a contradiction.","","","","unreviewed"
"fieldwire","C19","integrations","Fieldwire integrates with Sage.","true","https://www.fieldwire.com/integrations/sage-intacct/","Fieldwire & Sage Intacct Automatically import costs from Sage as Budget’s actual costs in Fieldwire (beta).","2026-10-08T04:01:33.255Z","","","","","","","Pass 2 re-class from unverifiable: the vendor's own Sage Intacct integration page, read because the directory loads by script, describes importing costs from Sage into Fieldwire budgets; the answer names Sage without a product, and Sage Intacct is a Sage product named as such on the page.","","","","unreviewed"
"fieldwire","C20","integrations","Fieldwire integrates with Viewpoint.","true","https://www.fieldwire.com/integrations/sage-intacct/","Viewpoint Vista Project data, Budget [API required] Seamlessly import key information from Viewpoint Vista into Fieldwire to kick off projects faster and ensure data consistency.","2026-10-08T04:01:33.255Z","","","","","","","Pass 2 re-class from unverifiable: the related-integrations list on the vendor's own Sage Intacct integration page lists Viewpoint Vista (and Viewpoint Spectrum) integrations that import project data into Fieldwire.","","","","unreviewed"
"fieldwire","C21","integrations","Fieldwire integrates with CMiC.","unverifiable","","","","","","","","","","The integrations directory renders client side, so its snapshot names no partners; the two individual integration pages read in pass 2 (Primavera P6, Sage Intacct) and their related-integration lists do not name CMiC, and no other page read names it. Absence from the pages read is not a contradiction.","","","","unreviewed"
"fieldwire","C22","integrations","Fieldwire integrates with Oracle Primavera P6.","true","https://www.fieldwire.com/integrations/primavera/p6/","Fieldwire & Primavera P6 Upload Primavera P6 files to create and update tasks in Fieldwire","2026-10-08T04:01:32.639Z","","","","","","","Pass 2 re-class from unverifiable: the vendor's own Primavera P6 integration page, read because the directory loads by script, describes uploading Primavera P6 files to create and update Fieldwire tasks.","","","","unreviewed"
"fieldwire","C23","platforms","Fieldwire runs on iPhone and iPad (iOS).","true","https://www.fieldwire.com/","Platforms iPhone iPad Android","2026-10-08T02:40:29.735Z","","","","","","","The home page lists iPhone and iPad under Platforms.","","","","unreviewed"
"fieldwire","C24","platforms","Fieldwire runs on Android.","true","https://www.fieldwire.com/","Platforms iPhone iPad Android","2026-10-08T02:40:29.735Z","","","","","","","The home page lists Android under Platforms.","","","","unreviewed"
"fieldwire","C25","platforms","Fieldwire has a mobile app.","true","https://www.fieldwire.com/","Available on the App Store Get it on Google Play","2026-10-08T02:40:29.735Z","","","","","","","Added in pass 2 under the clarification that 'has a mobile app' is a platforms claim: the home page offers the app on the App Store and Google Play and lists iPhone, iPad and Android under Platforms.","","","","unreviewed"
"jobtread","C01","pricing","JobTread costs $199 per month, including one internal user.","true","https://www.jobtread.com/pricing","$199 per month + $20/month per internal user","2026-10-08T03:19:58.885Z","","","","","","","The pricing page lists $199 per month plus $20 per additional internal user, and its user table marks the first internal user as included; the $199 figure is the monthly-plan price, matching these answers, which give no annual basis.","","","","unreviewed"
"jobtread","C02","pricing","Additional internal users cost $20 per month each (users 2 to 10).","true","https://www.jobtread.com/pricing","Internal Users Monthly Plan Annual Plan 1 Included Included 2-10 $20 each $16 each","2026-10-08T03:19:58.885Z","","","","","","","The pricing table lists users 2 to 10 at $20 each per month on the monthly plan ($16 on the annual plan); the headline also says $20/month per internal user. Two Claude answers attach this rate to an annual-billing sentence, which the reviewer may want to see.","","","","unreviewed"
"jobtread","C03","pricing","JobTread is priced per (internal) user.","true","https://www.jobtread.com/pricing","All features are included with your JobTread subscription. You simply pay based on the number of internal users you have.","2026-10-08T03:19:58.885Z","","","","","","","The pricing FAQ states that customers pay based on the number of internal users.","","","","unreviewed"
"jobtread","C04","pricing","Additional-user prices are tiered, with volume discounts at higher user counts.","true","https://www.jobtread.com/pricing","Tiered price breaks begin after 10 users.","2026-10-08T03:19:58.885Z","","","","","","","The pricing page states that tiered price breaks begin after 10 users.","","","","unreviewed"
"jobtread","C05","pricing","JobTread publishes its pricing.","true","https://www.jobtread.com/pricing","$199 per month + $20/month per internal user","2026-10-08T03:19:58.885Z","","","","","","","The pricing page publishes list prices.","","","","unreviewed"
"jobtread","C06","pricing","JobTread pricing is a custom quote.","wrong","https://www.jobtread.com/pricing","$199 per month + $20/month per internal user","2026-10-08T03:19:58.885Z","","","","","not found","","The pricing page publishes a fixed list price and a per-user price table with a self-serve sign up, not a quote. Of the answer's cited pages, the fieldwire.com and buildern.com blogs do not mention JobTread and the vendor's home builders page carries no quote language; the rest were not read within the cause budget.","","","","unreviewed"
"jobtread","C07","pricing","JobTread starts at about $99 per month.","wrong","https://www.jobtread.com/pricing","$199 per month + $20/month per internal user No contract & no setup fees Free implementation, training, and support Includes every feature - no hidden fees Save 20% on an annual subscription","2026-10-08T03:19:58.885Z","","","","","not found","","The single published plan is $199 per month, with 20% off on annual billing (about $159 per month), so no entry price near $99 exists. Of the cited pages read, buildern.com does not mention JobTread, tryobra.com gives about $200 a month, and thedigitalprojectmanager.com answered 403.","","","","unreviewed"
"jobtread","C08","pricing","On annual billing JobTread costs about $159 per month for the first user.","true","https://www.jobtread.com/pricing","$199 per month + $20/month per internal user No contract & no setup fees Free implementation, training, and support Includes every feature - no hidden fees Save 20% on an annual subscription","2026-10-08T03:19:58.885Z","","","","","","","The pricing page gives $199 per month with 20% saved on an annual subscription, which is $159.20 per month; the answers state roughly or about $159 on annual billing.","","","","unreviewed"
"jobtread","C09","pricing","JobTread starts at $199 per month billed annually for one internal user.","wrong","https://www.jobtread.com/pricing","$199 per month + $20/month per internal user No contract & no setup fees Free implementation, training, and support Includes every feature - no hidden fees Save 20% on an annual subscription","2026-10-08T03:19:58.885Z","","","","https://foreman.co/blog/procore-alternatives-small-contractors","other","JobTread starts at $199 per month (billed annually) plus $20 per additional internal user","Compared like with like on annual billing: the $199 headline is the monthly-plan price (its $20 per user matches the monthly column of the user table, where annual is $16), and an annual subscription saves 20%, so annual billing is about $159, not $199. The cited competitor blog states $199 billed annually.","","","","unreviewed"
"jobtread","C10","pricing","The JobTread base plan starts around $159 to $199 per month.","true","https://www.jobtread.com/pricing","$199 per month + $20/month per internal user No contract & no setup fees Free implementation, training, and support Includes every feature - no hidden fees Save 20% on an annual subscription","2026-10-08T03:19:58.885Z","","","","","","","The base price is $199 per month on monthly billing and 20% less (about $159) on annual billing, which is the stated range.","","","","unreviewed"
"jobtread","C11","pricing","An annual subscription saves 20%.","true","https://www.jobtread.com/pricing","Save 20% on an annual subscription","2026-10-08T03:19:58.885Z","","","","","","","The pricing page states a 20% saving on an annual subscription.","","","","unreviewed"
"jobtread","C12","pricing","JobTread has no contract and no setup fees.","true","https://www.jobtread.com/pricing","No contract & no setup fees","2026-10-08T03:19:58.885Z","","","","","","","The pricing page states no contract and no setup fees.","","","","unreviewed"
"jobtread","C13","pricing","The monthly subscription has a 30-day money-back guarantee.","true","https://www.jobtread.com/pricing","30-day money-back guarantee for monthly subscription","2026-10-08T03:19:58.885Z","","","","","","","The pricing page states a 30-day money-back guarantee for the monthly subscription.","","","","unreviewed"
"jobtread","C14","free_tier","JobTread has no free trial.","true","https://www.jobtread.com/pricing","We don't offer a free trial because we assign every client a Customer Success Manager","2026-10-08T03:19:58.885Z","","","","","","","The pricing FAQ states that JobTread does not offer a free trial.","","","","unreviewed"
"jobtread","C15","free_tier","JobTread offers a free trial.","wrong","https://www.jobtread.com/pricing","We don't offer a free trial because we assign every client a Customer Success Manager","2026-10-08T03:19:58.885Z","","","","","not found","","The pricing FAQ states that JobTread does not offer a free trial (it offers a 30-day money-back guarantee instead). The answer groups JobTread with three tools that 'all offer free trials'; the cited pages read (projul.com, foreman.co) do not say JobTread has a free trial, and foreman.co says it offers a money-back guarantee period.","","","","unreviewed"
"jobtread","C16","plans","Every JobTread subscription includes all features (no feature tiers or add-ons).","true","https://www.jobtread.com/pricing","Will I need to pay for an upgraded plan to unlock all the features? No. All features are included with your JobTread subscription.","2026-10-08T03:19:58.885Z","","","","","","","The pricing FAQ states that all features are included and no upgraded plan is needed.","","","","unreviewed"
"jobtread","C17","plans","Implementation and training are included at no extra cost.","true","https://www.jobtread.com/pricing","Free implementation, training, and support","2026-10-08T03:19:58.885Z","","","","","","","The pricing page lists free implementation, training and support.","","","","unreviewed"
"jobtread","C18","pricing","Customer, subcontractor and vendor portal users are free.","true","https://www.jobtread.com/pricing","No. Your JobTread subscription includes unlimited, free customer and vendor portal users such as suppliers, subcontractors, and customers.","2026-10-08T03:19:58.885Z","","","","","","","The pricing FAQ states that customer and vendor portal users, including subcontractors, are free.","","","","unreviewed"
"jobtread","C19","plans","External (subcontractor and client) portal users are unlimited.","true","https://www.jobtread.com/pricing","Unlimited customer and vendor portal users","2026-10-08T03:19:58.885Z","","","","","","","The pricing page lists unlimited customer and vendor portal users.","","","","unreviewed"
"jobtread","C20","plans","JobTread is sold in subscription tiers.","unverifiable","","","","","","","","","","The pricing page offers one all-features subscription, billed monthly or annually, with tiered per-user price breaks; it is not clear whether 'subscription tiers' means those user price breaks or feature plans, so the line is neither confirmed nor contradicted.","","","","unreviewed"
"jobtread","C21","pricing","Three internal users cost $239 per month (monthly billing).","true","https://www.jobtread.com/pricing","Internal Users Monthly Plan Annual Plan 1 Included Included 2-10 $20 each $16 each","2026-10-08T03:19:58.885Z","","","","","","","On the monthly plan the $199 base includes the first user and users 2 to 10 are $20 each, so three users are $199 + $40 = $239.","","","","unreviewed"
"jobtread","C22","pricing","Ten internal users cost $379 per month on monthly billing.","true","https://www.jobtread.com/pricing","Internal Users Monthly Plan Annual Plan 1 Included Included 2-10 $20 each $16 each","2026-10-08T03:19:58.885Z","","","","","","","On the monthly plan the $199 base includes the first user and users 2 to 10 are $20 each, so ten users are $199 + $180 = $379.","","","","unreviewed"
"jobtread","C23","integrations","JobTread integrates with QuickBooks Online.","true","https://www.jobtread.com/pricing","Integrations QuickBooks Online SRS Distribution Home Depot","2026-10-08T03:19:58.885Z","","","","","","","The site's integrations menu lists QuickBooks Online.","","","","unreviewed"
"jobtread","C24","platforms","JobTread has a mobile app.","true","https://www.jobtread.com/pricing","Sub & Vendor Portals Specifications Mobile App Workflows","2026-10-08T03:19:58.885Z","","","","","","","The site's feature list includes a Mobile App among its project management features.","","","","unreviewed"
"cdk-global","C01","pricing","CDK pricing is custom and quote-based (negotiated enterprise pricing, no published rates).","unverifiable","","","","","","","","","","The pages read publish no prices and offer demo requests, but none states that pricing is quoted or negotiated; the DMS guide speaks of DMS pricing in general, not of CDK's own pricing basis.","","","","unreviewed"
"cdk-global","C02","pricing","Large multi-store operations on CDK enterprise have paid about $50,000 to $60,000 per month.","unverifiable","","","","","","","","","","No page read publishes CDK prices or a monthly cost for any configuration.","","","","unreviewed"
"cdk-global","C03","pricing","CDK costs more than $2,000 per month.","unverifiable","","","","","","","","","","No page read publishes CDK prices.","","","","unreviewed"
"cdk-global","C04","pricing","CDK is sold on long, multi-year contracts.","unverifiable","","","","","","","","","","No page read states CDK's contract length or terms.","","","","unreviewed"
"cdk-global","C05","product_names","CDK Drive is CDK Global's DMS product.","unverifiable","","","","","","","","","","None of the eight pages read uses the name CDK Drive (the DMS page calls the product Dealer Management System within the Dealership Xperience Platform), and no page documents a rename, so the name is neither confirmed nor contradicted.","","","","unreviewed"
"cdk-global","C06","product_names","CDK's platform is named the Dealership Xperience Platform (DXP).","true","https://www.cdkglobal.com/about","The CDK Dealership Xperience Platform incorporates AI across a fully integrated set of suites to help you elevate the consumer experience and run your dealership.","2026-10-08T03:02:51.443Z","","","","","","","The about page names the CDK Dealership Xperience Platform as CDK's platform of integrated suites.","","","","unreviewed"
"cdk-global","C07","product_names","CDK sells a Foundations Suite.","true","https://www.cdkglobal.com/dms","Foundations Suite At the core of the CDK Dealership Xperience platform is this complete solution set made to strengthen every department from the ground up.","2026-10-08T03:03:05.374Z","","","","","","","The DMS page names the Foundations Suite as the core of the CDK Dealership Xperience platform.","","","","unreviewed"
"cdk-global","C08","product_names","CDK sells a Fundamentals Suite.","true","https://www.cdkglobal.com/dms","Tailored to suit the needs of one-to-two-site franchise dealers and independent auto dealers, the CDK Fundamentals Suite is a proven and scalable core business system","2026-10-08T03:03:05.374Z","","","","","","","The DMS page names the CDK Fundamentals Suite.","","","","unreviewed"
"cdk-global","C09","plans","The Fundamentals Suite is aimed at smaller stores: one- and two-location franchise dealers and independents.","true","https://www.cdkglobal.com/dms","Tailored to suit the needs of one-to-two-site franchise dealers and independent auto dealers, the CDK Fundamentals Suite is a proven and scalable core business system","2026-10-08T03:03:05.374Z","","","","","","","The DMS page states the Fundamentals Suite is tailored to one-to-two-site franchise dealers and independent dealers.","","","","unreviewed"
"cdk-global","C10","plans","CDK positions the Foundations Suite, not the Fundamentals Suite, for enterprise scalability.","true","https://www.cdkglobal.com/insights/unlocking-efficiency-common-questions-about-cdk-fundamentals-suite","In short, the Fundamentals Suite is about efficiency and ease of use, while the Foundations Suite is about depth and enterprise scalability.","2026-10-08T03:03:20.367Z","","","","","","","CDK's own Fundamentals Suite FAQ assigns enterprise scalability to the Foundations Suite and efficiency to the Fundamentals Suite.","","","","unreviewed"
"cdk-global","C11","product_names","Fortellis is CDK's API platform and marketplace.","true","https://www.cdkglobal.com/isv-offerings","With Fortellis, dealerships have the power to build apps, innovate and integrate with APIs and workflows. Our platform connects OEMs and dealers with software developers through the Developer Network and Marketplace.","2026-10-08T03:03:12.181Z","","","","","","","The ISV page presents Fortellis as CDK's platform for APIs with a Developer Network and Marketplace; the fuller name Fortellis Automotive Commerce Exchange in one answer is not on the pages but does not change the naming fact.","","","","unreviewed"
"cdk-global","C12","product_names","CDK Connect is CDK's API (integration) program.","unverifiable","","","","","","","","","","The pages read use CDK CONNECT only as the name of a customer conference and describe CDK's integration offer as APIs, managed data services and Fortellis; none names or denies a CDK Connect API program.","","","","unreviewed"
"cdk-global","C13","product_names","CDK's CRM is ELEAD (Elead).","unverifiable","","","","","","","","","","The CRM page snapshot calls the product CDK CRM and shows only the FAQ question 'Is Elead the same as CDK CRM?' without its answer, so the snapshot does not settle the naming. Pass 2: no browser read of the CRM page exists and no other snapshot names Elead, so it stays unverifiable.","","","","unreviewed"
"cdk-global","C14","product_names","CDK Drive Insights is a CDK product included in CDK Drive.","unverifiable","","","","","","","","","","No page read names CDK Drive Insights.","","","","unreviewed"
"cdk-global","C15","product_names","Auto/Mate is a CDK product (one answer equates it with CDK Fundamentals).","unverifiable","","","","","","","","","","No page read mentions Auto/Mate; the Fundamentals FAQ describes the suite as built on the CDK Dealership Xperience Platform but neither links nor denies a link to Auto/Mate.","","","","unreviewed"
"cdk-global","C16","ownership","CDK Global is owned by private equity firm Brookfield Business Partners.","unverifiable","","","","","","","","","","No page read names CDK's owner; the media center's first page lists news from August 2025 onward only.","","","","unreviewed"
"cdk-global","C17","ownership","CDK Global is a private company.","unverifiable","","","","","","","","","","No page read states whether CDK is public or private.","","","","unreviewed"
"cdk-global","C18","acquisitions","Brookfield Business Partners acquired CDK Global and took it private in 2022.","unverifiable","","","","","","","","","","No page read mentions an acquisition of CDK or its date.","","","","unreviewed"
"cdk-global","C19","acquisitions","CDK was built through more than 50 acquisitions.","unverifiable","","","","","","","","","","No page read states how many companies CDK has acquired.","","","","unreviewed"
"cdk-global","C20","acquisitions","CDK's platform includes acquired modules (assembled through acquisitions).","unverifiable","","","","","","","","","","No page read mentions CDK acquisitions.","","","","unreviewed"
"cdk-global","C21","founding","CDK Global was founded in 1972.","unverifiable","","","","","","","","","","The pages give no founding year; the about page says 'For over 50 years', which is consistent with 1972 but does not settle the year.","","","","unreviewed"
"cdk-global","C22","founding","CDK Global was founded in Hoffman Estates, Illinois.","unverifiable","","","","","","","","","","No page read states where CDK was founded or where it is headquartered.","","","","unreviewed"
"cdk-global","C23","integrations","CDK has more than 570 integration partners.","true","https://www.cdkglobal.com/","1,000 + integrated partners in our open, dealer-ready ecosystem","2026-10-08T03:02:12.962Z","","","","","","","The home page states 1,000+ integrated partners, so 570+ is true as written under the lower-bound rule.","","","","unreviewed"
"cdk-global","C24","customer_counts","CDK has contracts with 5 of the 6 largest public dealer groups.","unverifiable","","","","","","","","","","No page read names or counts CDK's public dealer group customers.","","","","unreviewed"
"cdk-global","C25","customer_counts","About 15,000 dealerships (rooftops) use CDK.","unverifiable","","","","","","","","","","The about page counts 9,000+ CDK customers in the automotive and heavy truck markets, a different unit from rooftops or dealership locations, so the rooftop count is neither confirmed nor contradicted.","","","","unreviewed"
"cdk-global","C26","customer_counts","CDK's June 2024 cyberattack took about 15,000 dealerships offline.","unverifiable","","","","","","","","","","No page read mentions the June 2024 incident or how many dealerships it affected.","","","","unreviewed"
"cdk-global","C27","customer_counts","CDK's June 2024 cyberattack took thousands of dealerships offline.","unverifiable","","","","","","","","","","No page read mentions the June 2024 incident or how many dealerships it affected.","","","","unreviewed"
"cdk-global","C28","platforms","CDK's DMS is a hybrid of legacy (on-premise) infrastructure and cloud.","unverifiable","","","","","","","","","","No page read describes how CDK's DMS is deployed or hosted (cloud, hybrid or on-premise).","","","","unreviewed"
"cdk-global","C29","platforms","CDK's DMS runs on-premise (client/server).","unverifiable","","","","","","","","","","No page read describes an on-premise or client/server deployment of CDK's DMS.","","","","unreviewed"
"cdk-global","C30","platforms","CDK's DMS is available in the cloud.","unverifiable","","","","","","","","","","No page read states that CDK's DMS is cloud hosted; the only cloud-based product named in the pages read is SimplePay.","","","","unreviewed"
"cdk-global","C31","plans","CDK packages its platform as a set of suites for different operating needs (a core suite plus additional suites).","true","https://www.cdkglobal.com/dms","Foundations Suite Strengthen workflows in every department with one complete solution Fundamentals Suite Empower one-to-two-site dealers with a proven and scalable core system Modern Retail Suite Surpass consumer expectations by making the buying journey easier","2026-10-08T03:03:05.374Z","","","","","","","Added in pass 2 from table cells and gap lines: the DMS page lists separate suites for different needs (Foundations, Fundamentals, Modern Retail, Fixed Operations, Vehicle Inventory, Intelligence), and the about page calls the Dealership Xperience Platform a fully integrated set of suites.","","","","unreviewed"
"dealercenter","C01","pricing","The DealerCenter DMS costs $99 per month.","true","https://www.dealercenter.com/pricing","DMS $99 / mo. RouteOne, Dealertrack and CUDL Access","2026-10-08T03:10:30.797Z","","","","","","","The pricing page lists the DMS at $99 per month.","","","","unreviewed"
"dealercenter","C02","pricing","DealerCenter pricing starts at about $99 per month (product not named).","unverifiable","","","","","","","","","","The pricing page sells modules a la carte, several below $99 (for example BHPH and Deal Driver at $50 per month), and states no starting price, so an unnamed starting price cannot be compared like with like.","","","","unreviewed"
"dealercenter","C03","pricing","The DealerCenter DMS costs $79 per month.","wrong","https://www.dealercenter.com/pricing","DMS $99 / mo. RouteOne, Dealertrack and CUDL Access","2026-10-08T03:10:30.797Z","","","","https://softwarefinder.com/accounting-software/dealercenter","directory","For instance, DMS for $79/month, Law contract for $2.25/contract, CRM Plus for $99/month, CRM Pro for $199/month","The pricing page lists the same product (DMS) on the same monthly basis at $99, not $79; the cited Software Finder listing carries the $79 figure.","","","","unreviewed"
"dealercenter","C04","pricing","DealerCenter pricing starts from $79 per month (flat rate; product not named).","unverifiable","","","","","","","","","","The pricing page sells modules a la carte and states no starting price; no $79 item appears, but without a named product the claim cannot be compared like with like.","","","","unreviewed"
"dealercenter","C05","pricing","DealerCenter costs (starts at) about $40 per month.","unverifiable","","","","","","","","","","The pricing page states no starting price and lists no $40 item; without a named product the claim cannot be compared like with like.","","","","unreviewed"
"dealercenter","C06","pricing","DealerCenter costs around $350 per month.","unverifiable","","","","","","","","","","The total depends on which modules are bought; the pricing page gives module prices, not a typical total.","","","","unreviewed"
"dealercenter","C07","pricing","CRM Plus costs $99 per month.","true","https://www.dealercenter.com/pricing","CRM Plus $99 / mo. Internet Lead Management","2026-10-08T03:10:30.797Z","","","","","","","The pricing page lists CRM Plus at $99 per month (and CRM Pro at $199, matching the $99 to $199 CRM range in one answer).","","","","unreviewed"
"dealercenter","C08","pricing","CRM Pro costs $199 per month.","true","https://www.dealercenter.com/pricing","CRM Pro $199 / mo. All the features of CRM Plus","2026-10-08T03:10:30.797Z","","","","","","","The pricing page lists CRM Pro at $199 per month.","","","","unreviewed"
"dealercenter","C09","pricing","The DMS plus CRM Plus costs $198 per month.","true","https://www.dealercenter.com/pricing","CRM Plus $99 / mo. Internet Lead Management","2026-10-08T03:10:30.797Z","","","","","","","The pricing page lists the DMS at $99 per month and CRM Plus at $99 per month, which sum to $198.","","","","unreviewed"
"dealercenter","C10","pricing","The DMS plus CRM Pro costs $298 per month.","true","https://www.dealercenter.com/pricing","CRM Pro $199 / mo. All the features of CRM Plus","2026-10-08T03:10:30.797Z","","","","","","","The pricing page lists the DMS at $99 per month and CRM Pro at $199 per month, which sum to $298.","","","","unreviewed"
"dealercenter","C11","pricing","Integrated accounting costs $99 per month.","true","https://www.dealercenter.com/pricing","Integrated Accounting $99 / mo. Centralized tracking of all vehicle sales and cost transactions","2026-10-08T03:10:30.797Z","","","","","","","The pricing page lists Integrated Accounting at $99 per month.","","","","unreviewed"
"dealercenter","C12","pricing","The DMS plus CRM Plus plus integrated accounting costs $297 per month.","true","https://www.dealercenter.com/pricing","Integrated Accounting $99 / mo. Centralized tracking of all vehicle sales and cost transactions","2026-10-08T03:10:30.797Z","","","","","","","The pricing page lists the DMS, CRM Plus and Integrated Accounting at $99 per month each, which sum to $297.","","","","unreviewed"
"dealercenter","C13","pricing","The BHPH module costs $50 per month.","true","https://www.dealercenter.com/pricing","Buy Here Pay Here (BHPH) $50 / mo. Total Portfolio Management","2026-10-08T03:10:30.797Z","","","","","","","The pricing page lists Buy Here Pay Here (BHPH) at $50 per month.","","","","unreviewed"
"dealercenter","C14","pricing","The DMS plus CRM Plus plus accounting plus BHPH costs $347 per month.","true","https://www.dealercenter.com/pricing","Buy Here Pay Here (BHPH) $50 / mo. Total Portfolio Management","2026-10-08T03:10:30.797Z","","","","","","","The pricing page lists the DMS, CRM Plus and Integrated Accounting at $99 per month each and BHPH at $50, which sum to $347.","","","","unreviewed"
"dealercenter","C15","pricing","Pricing is modular: CRM, accounting, BHPH, websites, book values and other modules are priced separately from the DMS.","true","https://www.dealercenter.com/pricing","Integrated Accounting $99 / mo. Centralized tracking of all vehicle sales and cost transactions","2026-10-08T03:10:30.797Z","","","","","","","The pricing page prices each module separately (DMS $99, Integrated Accounting $99, BHPH $50, CRM Plus $99, websites, book values and others), each with its own Add to Cart.","","","","unreviewed"
"dealercenter","C16","pricing","Pricing is tiered.","true","https://www.dealercenter.com/pricing","CRM Pro $199 / mo. All the features of CRM Plus","2026-10-08T03:10:30.797Z","","","","","","","The pricing page offers tiered modules: CRM Plus at $99 and CRM Pro at $199 with all CRM Plus features, and Premium and Premium Pro websites.","","","","unreviewed"
"dealercenter","C17","pricing","DealerCenter is sold by monthly subscription.","true","https://www.dealercenter.com/pricing","Shopping Cart ( 0 ) Monthly Subscription","2026-10-08T03:10:30.797Z","","","","","","","The pricing page quotes modules per month and its cart is labelled Monthly Subscription.","","","","unreviewed"
"dealercenter","C18","pricing","Usage-based charges apply on top of module prices (for example credit reports, electronic contracts and deal printing).","true","https://www.dealercenter.com/pricing","eContract Any Deal $3.00 / contract. Add to Cart DC Deal Printing $5 / contract","2026-10-08T03:10:30.797Z","","","","","","","The pricing page lists per-use charges: $3.00 per eContract, $5 per printed deal and per-report fees for Experian, Equifax and TransUnion credit reports.","","","","unreviewed"
"dealercenter","C19","pricing","DealerCenter charges a per-contract fee of $2.25.","unverifiable","","","","","","","","","","The pricing page lists $3.00 per eContract and $5 per printed deal but does not say which contract fee the answer means; the cited directory attributes $2.25 to a 'Law contract', an item the vendor page does not price, so the comparison is not like with like.","","","","unreviewed"
"dealercenter","C20","pricing","Book-out tools such as KBB or Black Book cost $40 to $69 per month each.","true","https://www.dealercenter.com/pricing","Kelley Blue Book $64 / mo.","2026-10-08T03:10:30.797Z","","","","","","","The pricing page lists Kelley Blue Book at $64 per month and Black Book Desktop at $64 per month, both inside the stated range.","","","","unreviewed"
"dealercenter","C21","pricing","DealerCenter does not publish its pricing and requires a demo call.","wrong","https://www.dealercenter.com/pricing","DMS $99 / mo. RouteOne, Dealertrack and CUDL Access","2026-10-08T03:10:30.797Z","","","","https://dealersignals.com/insights/dealercenter-review-2025/","review site","DealerCenter doesn’t publish pricing publicly — they require a demo call.","DealerCenter publishes a public pricing page with module prices and Add to Cart buttons; the cited DealerSignals review carries the opposite statement.","","","","unreviewed"
"dealercenter","C22","pricing","DealerCenter costs about $295 to $500+ per month in total.","unverifiable","","","","","","","","","","The total depends on the modules chosen; the pricing page gives module prices, not a typical total.","","","","unreviewed"
"dealercenter","C23","pricing","With CRM and BHPH, DealerCenter scales to about $250 to $500+ per month.","unverifiable","","","","","","","","","","The range is open-ended and depends on which CRM tier and other modules are chosen; the page gives module prices only.","","","","unreviewed"
"dealercenter","C24","pricing","DealerCenter's published pricing band runs from free to about $200 per month.","unverifiable","","","","","","","","","","The pricing page publishes no band and no free plan; it neither states nor rules out the free end of the band.","","","","unreviewed"
"dealercenter","C25","free_tier","DealerCenter has a free tier (free at the entry level).","unverifiable","","","","","","","","","","The pricing page lists no free plan (the DMS is $99 per month) and the home page offers an optional 30-day free trial, but no page read states that there is no free tier, so the claim is not explicitly contradicted.","","","","unreviewed"
"dealercenter","C26","plans","DealerCenter products include unlimited users, free training and support.","true","https://www.dealercenter.com/pricing","DealerCenter Products Include Unlimited Users, Free Training, and Support","2026-10-08T03:10:30.797Z","","","","","","","The pricing page states that DealerCenter products include unlimited users, free training and support.","","","","unreviewed"
"dealercenter","C27","plans","The DMS package includes inventory management, a forms library, mobile access and lender access (RouteOne, Dealertrack and CUDL).","true","https://www.dealercenter.com/pricing","DMS $99 / mo. RouteOne, Dealertrack and CUDL Access Full Inventory Management eFax Deal Submissions to Any Lender GWC, F&I Express and AUL Integrations Contract Management with Free Forms Library Mobile App Access","2026-10-08T03:10:30.797Z","","","","","","","The pricing page lists these items in the $99 DMS package.","","","","unreviewed"
"dealercenter","C28","plans","CRM Plus includes internet lead management, email and text, appointments, tasks and activity reporting.","true","https://www.dealercenter.com/pricing","CRM Plus $99 / mo. Internet Lead Management Campaign Tracking and Reporting Email, Text and Live Video Calls Manage Appointments, Tasks and Activities Facebook Messenger Integration User Level Assignments and Activity Reporting","2026-10-08T03:10:30.797Z","","","","","","","The pricing page lists these features under CRM Plus.","","","","unreviewed"
"dealercenter","C29","plans","CRM Pro adds automated workflows and call recording (with click-to-call).","true","https://www.dealercenter.com/pricing","CRM Pro $199 / mo. All the features of CRM Plus Click-to-Call and Call Recording Automated Workflows and Advanced Settings","2026-10-08T03:10:30.797Z","","","","","","","The pricing page lists click-to-call, call recording and automated workflows as CRM Pro additions over CRM Plus.","","","","unreviewed"
"dealercenter","C30","plans","BHPH features are not in the entry level; they are added as you move up (at extra cost).","true","https://www.dealercenter.com/pricing","Buy Here Pay Here (BHPH) $50 / mo. Total Portfolio Management","2026-10-08T03:10:30.797Z","","","","","","","The pricing page sells BHPH as a separate $50 per month module on top of the DMS; the free entry level in the same sentences is coded separately (C25).","","","","unreviewed"
"dealercenter","C31","platforms","DealerCenter is cloud-based and web-based (runs in a browser).","true","https://get.dealercenter.com/dms","Our cloud-based system makes it possible to manage your dealership operations from any browser and with unlimited users.","2026-10-08T03:13:11.839Z","","","","","","","The browser read of DealerCenter's own DMS page calls it a cloud-based system run from any browser; the home page also describes it as a web-based solution.","","","","unreviewed"
"dealercenter","C32","platforms","DealerCenter has a mobile app (mobile access from phones and tablets).","true","https://www.dealercenter.com/","DealerCenter’s Mobile App Oversee deals, upload inventory, shop vehicles in Auction Center","2026-10-08T03:10:12.645Z","","","","","","","The home page presents DealerCenter's Mobile App and the pricing page includes Mobile App Access in the DMS.","","","","unreviewed"
"dealercenter","C33","integrations","DealerCenter integrates with RouteOne.","true","https://www.dealercenter.com/dealer-management-system/","Submit credit applications and receive lender decisions using RouteOne and Dealertrack finance sources directly within DealerCenter.","2026-10-08T03:11:58.697Z","","","","","","","The DMS page states credit applications and lender decisions run through RouteOne inside DealerCenter.","","","","unreviewed"
"dealercenter","C34","integrations","DealerCenter integrates with Dealertrack.","true","https://www.dealercenter.com/dealer-management-system/","Submit credit applications and receive lender decisions using RouteOne and Dealertrack finance sources directly within DealerCenter.","2026-10-08T03:11:58.697Z","","","","","","","The DMS page states credit applications and lender decisions run through Dealertrack inside DealerCenter.","","","","unreviewed"
"dealercenter","C35","integrations","DealerCenter integrates with CUDL.","true","https://www.dealercenter.com/pricing","DMS $99 / mo. RouteOne, Dealertrack and CUDL Access","2026-10-08T03:10:30.797Z","","","","","","","The pricing page lists CUDL access in the DMS package.","","","","unreviewed"
"dealercenter","C36","integrations","DealerCenter integrates with Westlake (lender decisions).","true","https://www.dealercenter.com/dealer-management-system/","Instant decisions with Westlake Financial and Western Funding 24/7.","2026-10-08T03:11:58.697Z","","","","","","","The DMS page lists instant Westlake Financial decisions inside DealerCenter.","","","","unreviewed"
"dealercenter","C37","integrations","DealerCenter integrates with QuickBooks.","true","https://www.dealercenter.com/dealer-management-system/","Compatible with QuickBooks Online edition.","2026-10-08T03:11:58.697Z","","","","","","","The DMS page has a QuickBooks Integration section stating compatibility with QuickBooks Online.","","","","unreviewed"
"dealercenter","C38","integrations","DealerCenter connects to a network of 1,200+ lenders.","true","https://www.dealercenter.com/","Send & Receive Deals from 1200+ Lenders","2026-10-08T03:10:12.645Z","","","","","","","The home page states deals can be sent to and received from 1200+ lenders.","","","","unreviewed"
"dealercenter","C39","integrations","DealerCenter integrates with Experian (credit reports).","true","https://www.dealercenter.com/dealer-management-system/","Experian, Equifax and TransUnion direct connect integrations.","2026-10-08T03:11:58.697Z","","","","","","","The DMS page lists an Experian direct connect integration.","","","","unreviewed"
"dealercenter","C40","integrations","DealerCenter integrates with Equifax (credit reports).","true","https://www.dealercenter.com/dealer-management-system/","Experian, Equifax and TransUnion direct connect integrations.","2026-10-08T03:11:58.697Z","","","","","","","The DMS page lists an Equifax direct connect integration.","","","","unreviewed"
"dealercenter","C41","integrations","DealerCenter integrates with TransUnion (credit reports).","true","https://www.dealercenter.com/dealer-management-system/","Experian, Equifax and TransUnion direct connect integrations.","2026-10-08T03:11:58.697Z","","","","","","","The DMS page lists a TransUnion direct connect integration.","","","","unreviewed"
"dealercenter","C42","integrations","DealerCenter provides access to NADA values.","unverifiable","","","","","","","","","","The pages read list J.D. Power Values, KBB, Black Book and Manheim as DealerCenter's booking services; NADA appears only in the description of the MAX Digital pricing tool ('Works in conjunction with KBB, NADA, Black Book and Manheim valuation services'), which does not state that DealerCenter itself provides NADA access.","","","","unreviewed"
"dealercenter","C43","integrations","DealerCenter integrates with Kelley Blue Book (KBB).","true","https://www.dealercenter.com/inventory-management/","J.D. Power Values , KBB , BlackBook, and Manheim valuation services.","2026-10-08T03:12:05.792Z","","","","","","","The inventory page lists KBB among DealerCenter's vehicle booking services, and the pricing page prices Kelley Blue Book at $64 per month.","","","","unreviewed"
"dealercenter","C44","integrations","DealerCenter integrates with Manheim Market Report (MMR).","true","https://www.dealercenter.com/pricing","Manheim Market Report (MMR) $64 / mo.","2026-10-08T03:10:30.797Z","","","","","","","The pricing page offers Manheim Market Report (MMR) as a booking service.","","","","unreviewed"
"dealercenter","C45","integrations","DealerCenter integrates with AutoCheck.","true","https://www.dealercenter.com/inventory-management/","AutoCheck vehicle history reports powered by Experian Automotive.","2026-10-08T03:12:05.792Z","","","","","","","The inventory page lists AutoCheck vehicle history reports.","","","","unreviewed"
"dealercenter","C46","integrations","DealerCenter integrates with Carfax.","true","https://www.dealercenter.com/inventory-management/","CarFax vehicle history reports integration.","2026-10-08T03:12:05.792Z","","","","","","","The inventory page lists a CarFax vehicle history reports integration.","","","","unreviewed"
"dealercenter","C47","integrations","DealerCenter integrates with J.D. Power values.","true","https://www.dealercenter.com/pricing","J.D. Power Values Desktop $74 / mo.","2026-10-08T03:10:30.797Z","","","","","","","The pricing page offers J.D. Power Values as a booking service.","","","","unreviewed"
"dealercenter","C48","integrations","DealerCenter integrates with Black Book.","true","https://www.dealercenter.com/pricing","Black Book Desktop $64 / mo.","2026-10-08T03:10:30.797Z","","","","","","","The pricing page offers Black Book as a booking service.","","","","unreviewed"
"dealercenter","C49","integrations","DealerCenter posts listings to Facebook Marketplace.","true","https://www.dealercenter.com/","Access to 30+ marketing sites such as Facebook Marketplace, OfferUp, and CarGurus!","2026-10-08T03:10:12.645Z","","","","","","","The home page lists Facebook Marketplace among the marketing sites DealerCenter posts to.","","","","unreviewed"
"tekion","C01","product_names","Tekion's platform is named Automotive Retail Cloud (ARC).","true","https://tekion.com/products","Tekion ARC is an end-to-end, AI-native and cloud-native automotive retail software platform that unifies DMS, CRM, service, payments, payroll, and analytics into one intelligent system for automotive dealerships.","2026-10-08T03:22:29.884Z","","","","","","","The products page names the platform Tekion Automotive Retail Cloud (ARC).","","","","unreviewed"
"tekion","C02","product_names","Tekion's platform is named Tekion Automotive Cloud.","unverifiable","","","","","","","","","","The pages read name the products Automotive Retail Cloud, Automotive Enterprise Cloud and Automotive Partner Cloud and never use 'Automotive Cloud' on its own; no page says that name is not used, so it is not explicitly contradicted.","","","","unreviewed"
"tekion","C03","product_names","Automotive Partner Cloud (APC) is Tekion's partner integration product.","true","https://tekion.com/about-us","Tekion Automotive Partner Cloud (APC) launches next gen platform","2026-10-08T03:21:36.910Z","","","","","","","The about page names Tekion Automotive Partner Cloud (APC), and the home page lists it as the product for technology partners.","","","","unreviewed"
"tekion","C04","plans","CRM and payroll are add-ons to the Tekion DMS.","true","https://tekion.com/products/dms","Accelerate lead response and personalize engagement with CRM—an add-on solution that works seamlessly with your DMS on the same unified platform.","2026-10-08T03:22:17.218Z","","","","","","","The DMS page describes CRM as an add-on solution and Payroll as 'an add-on that’s fully connected to your DMS'.","","","","unreviewed"
"tekion","C05","pricing","Tekion pricing is custom and quote-based (no published rates).","unverifiable","","","","","","","","","","The pages read publish no prices and offer demo requests, but none states how Tekion prices or quotes.","","","","unreviewed"
"tekion","C06","pricing","Tekion is priced as a subscription per rooftop per month.","unverifiable","","","","","","","","","","No page read states Tekion's price basis.","","","","unreviewed"
"tekion","C07","pricing","Tekion's core DMS costs about $6,000 per month per store (reported GM dealer rate).","unverifiable","","","","","","","","","","No page read publishes Tekion prices.","","","","unreviewed"
"tekion","C08","pricing","Large multi-store operations pay in the low $30,000s per month on Tekion.","unverifiable","","","","","","","","","","No page read publishes Tekion prices or customer spend.","","","","unreviewed"
"tekion","C09","pricing","Tekion charges no (hidden) data integration fees.","unverifiable","","","","","","","","","","No page read states Tekion's integration or API fees; the cited Automotive Partner Cloud page answered 403 and is listed for a browser read.","","","","unreviewed"
"tekion","C10","founding","Tekion was founded in 2016.","true","https://tekion.com/about-us","2016 Founded by CEO, Jay Vijayan and COO, Guru Sankararaman","2026-10-08T03:21:36.910Z","","","","","","","The about page timeline dates Tekion's founding to 2016.","","","","unreviewed"
"tekion","C11","founding","Tekion was founded by Jay Vijayan.","true","https://tekion.com/about-us","2016 Founded by CEO, Jay Vijayan and COO, Guru Sankararaman","2026-10-08T03:21:36.910Z","","","","","","","The about page names Jay Vijayan as founder (with co-founder Guru Sankararaman).","","","","unreviewed"
"tekion","C12","founding","Founder Jay Vijayan was formerly Tesla's CIO.","true","https://tekion.com/about-us","Prior to founding Tekion, he was the Global CIO of Tesla Motors","2026-10-08T03:21:36.910Z","","","","","","","Jay Vijayan's bio on the about page says he was the Global CIO of Tesla Motors before founding Tekion.","","","","unreviewed"
"tekion","C13","founding","Founder Jay Vijayan was formerly Tesla's CTO.","wrong","https://tekion.com/about-us","Prior to founding Tekion, he was the Global CIO of Tesla Motors","2026-10-08T03:21:36.910Z","","","","https://www.dealerint.com/blog/tekion-arc-review-2026","other","Founded in 2016 by Jay Vijayan, formerly CTO of Tesla, Tekion set out to rebuild the DMS from zero","The about page gives his prior Tesla role as Global CIO, not CTO; the cited DealerInt blog review (a software vendor's blog) carries the CTO title.","","","","unreviewed"
"tekion","C14","founding","Tekion was built by former Tesla executives (tech leaders).","true","https://tekion.com/about-us","Prior to founding Tekion, he was the Global CIO of Tesla Motors","2026-10-08T03:21:36.910Z","","","","","","","The about page states that founder Jay Vijayan was Global CIO of Tesla Motors before founding Tekion.","","","","unreviewed"
"tekion","C15","founding","Tekion was founded by Raj Sundararajan, described as an ex-SAP CEO.","wrong","https://tekion.com/about-us","2016 Founded by CEO, Jay Vijayan and COO, Guru Sankararaman","2026-10-08T03:21:36.910Z","","","","https://dealersignals.com/insights/tekion-dms-review/","review site","Founded in 2016 by ex-SAP CEO Raj Sundararajan, it is cloud-native","The about page names Tekion's founders as Jay Vijayan and Guru Sankararaman; the cited DealerSignals review carries the Raj Sundararajan statement word for word.","","","","unreviewed"
"tekion","C16","customer_counts","Tekion serves roughly 3,000 rooftops (dealerships).","true","https://tekion.com/","3,000+ Dealerships Powered by Tekion","2026-10-08T03:21:25.869Z","","","","","","","The home page states 3,000+ dealerships powered by Tekion, matching roughly 3,000 rooftops.","","","","unreviewed"
"tekion","C17","integrations","Tekion supports 52 OEM brands.","unverifiable","","","","","","","","","","The about page timeline gives 'integrations with 50 OEM brands globally' as of 2023 and the OEM page lists OEM groups without a brand total, so the current count of 52 is neither confirmed nor contradicted.","","","","unreviewed"
"tekion","C18","integrations","Tekion integrates with 50+ OEMs.","true","https://tekion.com/about-us","Tekion has integrations with 50 OEM brands globally","2026-10-08T03:21:36.910Z","","","","","","","The about page states integrations with 50 OEM brands, which meets '50+' read as at least 50.","","","","unreviewed"
"tekion","C19","integrations","Tekion integrates with GM (General Motors).","true","https://tekion.com/oem-partners","General Motors 22 3 module · 8 integrations Accounting Dealer Data Share (DDS) Financial Accounting System","2026-10-08T03:21:55.984Z","","","","","","","The certified OEM integrations page lists General Motors with its integrated programs.","","","","unreviewed"
"tekion","C20","integrations","Tekion integrates with Ford.","true","https://tekion.com/oem-partners","Ford/Lincoln 22 3 module · 8 integrations Accounting Financial Statement Ford Reports (COMBAT Reports)","2026-10-08T03:21:55.984Z","","","","","","","The certified OEM integrations page lists Ford/Lincoln with its integrated programs.","","","","unreviewed"
"tekion","C21","integrations","Tekion integrates with Honda.","true","https://tekion.com/oem-partners","Honda 22 3 module · 8 integrations Accounting Financial Statement Parts","2026-10-08T03:21:55.984Z","","","","","","","The certified OEM integrations page lists Honda with its integrated programs.","","","","unreviewed"
"tekion","C22","integrations","Tekion integrates with Toyota.","true","https://tekion.com/oem-partners","Gulf States Toyota (GST) 22 3 module · 8 integrations Accounting Financial Statement Parts","2026-10-08T03:21:55.984Z","","","","","","","The certified OEM integrations page lists Toyota distributors Gulf States Toyota (GST) and TMNA with integrated programs.","","","","unreviewed"
"tekion","C23","integrations","Tekion integrates with Acura.","true","https://tekion.com/oem-partners","Acura 22 3 module · 8 integrations Accounting Financial Statement Parts","2026-10-08T03:21:55.984Z","","","","","","","The certified OEM integrations page lists Acura with its integrated programs.","","","","unreviewed"
"tekion","C24","integrations","BMW has certified Tekion for its dealer network (in select markets).","true","https://tekion.com/oem-partners","BMW/MINI 22 3 module · 8 integrations Accounting Financial Statement Parts","2026-10-08T03:21:55.984Z","","","","","","","The page, headed Certified OEM Integrations ('Explore Tekion's certified DMS modules and OEM integrations'), lists BMW/MINI with integrated programs.","","","","unreviewed"
"tekion","C25","integrations","GM has endorsed Tekion as a preferred DMS partner.","unverifiable","","","","","","","","","","The pages list General Motors integrations and an Automotive Enterprise Cloud launched for General Motors (2022) but do not describe a preferred DMS partner endorsement.","","","","unreviewed"
"tekion","C26","platforms","Tekion is cloud-native (a cloud platform that runs in the browser).","true","https://tekion.com/products","Tekion ARC is an end-to-end, AI-native and cloud-native automotive retail software platform that unifies DMS, CRM, service, payments, payroll, and analytics into one intelligent system for automotive dealerships.","2026-10-08T03:22:29.884Z","","","","","","","The products page describes Tekion ARC as cloud-native.","","","","unreviewed"
"tekion","C27","platforms","Tekion runs on Microsoft Azure.","true","https://tekion.com/trust-portal/security","As an end-to-end AI-native, cloud platform, Tekion leverages the state-of-the-art security provided by Azure and AWS-so your data is protected by world-class security foundations.","2026-10-08T03:22:41.717Z","","","","","","","The security page names Microsoft Azure as an infrastructure provider; it also names AWS, so 'everything runs on Microsoft Azure' in two answers overstates exclusivity, but the Azure hosting fact itself is confirmed.","","","","unreviewed"
"tekion","C28","platforms","Tekion needs no on-premise infrastructure or dealership servers.","true","https://tekion.com/products","Traditional dealer management system (DMS) platforms were built decades ago on an on-premise architecture with features bolted on over time. ARC was built AI-native from day one on a single cloud platform","2026-10-08T03:22:29.884Z","","","","","","","The products page contrasts the on-premise architecture of traditional DMS platforms with ARC, built on a single cloud platform.","","","","unreviewed"
"tekion","C29","platforms","Tekion can be used on mobile devices (smartphones, tablets, any device).","true","https://tekion.com/products/dms","Modern Experience AI-native, intuitive, and designed for how your team actually works—on any device, anywhere.","2026-10-08T03:22:17.218Z","","","","","","","The DMS page says the platform is designed to work on any device, anywhere.","","","","unreviewed"
"tekion","C30","customer_counts","Tekion has 1,100+ dealership rooftops (reached within roughly five years).","true","https://tekion.com/","3,000+ Dealerships Powered by Tekion","2026-10-08T03:21:25.869Z","","","","","","","1,100+ is a lower bound and the home page states 3,000+ dealerships powered by Tekion, so the count is true as written; the 'roughly five years' time frame is not dated on any page read and was not classed.","","","","unreviewed"
"dealertrack","C01","ownership","Dealertrack is owned by Cox Automotive (a Cox Automotive brand).","true","https://us.dealertrack.com/content/dealertrack/en/about.html","Lori is President of Retail Solutions for Cox Automotive, overseeing the growth and strategic direction of powerhouse brands including Autotrader®, Kelley Blue Book®, Dealertrack®, Dealer.com, VinSolutions, and Xtime.","2026-10-08T03:30:32.339Z","","","","","","","Dealertrack's about page presents Dealertrack as a Cox Automotive brand, and its DMS page describes the product as backed by Cox Automotive.","","","","unreviewed"
"dealertrack","C02","product_names","The product is named as Cox Automotive's: Dealertrack DMS (Cox Automotive), Cox Automotive Dealertrack.","true","https://us.dealertrack.com/content/dealertrack/en/dealer-management-solutions/platform.html","Dealertrack DMS by Cox Automotive offers open integration, a user-friendly cloud platform, and seamless connectivity with other Cox products","2026-10-08T03:31:30.495Z","","","","","","","The platform page names the product 'Dealertrack DMS by Cox Automotive'.","","","","unreviewed"
"dealertrack","C03","founding","Dealertrack was founded in 2001.","unverifiable","","","","","","","","","","No page read gives Dealertrack's founding year.","","","","unreviewed"
"dealertrack","C04","headquarters","Dealertrack is headquartered in New Hyde Park, New York.","unverifiable","","","","","","","","","","Re-classed from wrong in pass 2: the only address on Dealertrack's pages is the site footer 'HEADQUARTERS COX AUTOMOTIVE 6205 PEACHTREE DUNWOODY RD. ATLANTA, GA 30328', which is the parent company's headquarters, and no page read says Dealertrack itself is headquartered there or anywhere else, so there is no explicit contradiction.","","","","unreviewed"
"dealertrack","C05","customer_counts","Dealertrack DMS runs about 2,000 rooftops.","unverifiable","","","","","","","","","","No page read states how many rooftops run Dealertrack DMS (the pages give install rates, not a base count).","","","","unreviewed"
"dealertrack","C06","product_names","Opentrack is Dealertrack's integration (third-party certification) program.","true","https://us.dealertrack.com/content/dealertrack/en/dealer-management-solutions.html","Dealertrack DMS maximizes flexibility with OpenTrack, our industry-leading, third-party certification program.","2026-10-08T03:30:06.571Z","","","","","","","The DMS page names OpenTrack as Dealertrack's third-party certification program.","","","","unreviewed"
"dealertrack","C07","integrations","Dealertrack has 350+ integration partners.","unverifiable","","","","","","","","","","The pages state that Opentrack connects to '275+ certified partners'; a lower bound of 275 neither confirms nor explicitly contradicts 350+.","","","","unreviewed"
"dealertrack","C08","integrations","Opentrack connects to 360+ third-party vendors.","unverifiable","","","","","","","","","","The pages state that Opentrack connects to '275+ certified partners'; a lower bound of 275 neither confirms nor explicitly contradicts 360+.","","","","unreviewed"
"dealertrack","C09","integrations","Dealertrack integrates with VinSolutions.","true","https://us.dealertrack.com/content/dealertrack/en/integrations.html","Dealertrack DMS connected with VinSolutions creates process efficiencies, reduces repetitive tasks, and enhances customer satisfaction and profits","2026-10-08T03:30:48.572Z","","","","","","","The integrations page describes the Dealertrack DMS integration with VinSolutions.","","","","unreviewed"
"dealertrack","C10","integrations","Dealertrack integrates with vAuto.","true","https://us.dealertrack.com/content/dealertrack/en/integrations.html","Integrated With vAuto DMS Create more Sales Opportunities Dealers with Xtime Schedule, VinSolutions CRM, and vAuto Provision, can add Dealertrack DMS","2026-10-08T03:30:48.572Z","","","","","","","The integrations page lists Dealertrack DMS as integrated with vAuto.","","","","unreviewed"
"dealertrack","C11","integrations","Dealertrack integrates with Xtime.","true","https://us.dealertrack.com/content/dealertrack/en/integrations.html","Integrated with Xtime DMS Increase service lane efficiencies and customer satisfaction.","2026-10-08T03:30:48.572Z","","","","","","","The integrations page lists Dealertrack DMS as integrated with Xtime.","","","","unreviewed"
"dealertrack","C12","integrations","Dealertrack integrates with Dealer.com.","true","https://us.dealertrack.com/content/dealertrack/en/integrations.html","Integrated With Dealer.com F&I Speed Deals and Elevate Customer Experience","2026-10-08T03:30:48.572Z","","","","","","","The integrations page lists a Dealer.com integration (with Dealertrack F&I).","","","","unreviewed"
"dealertrack","C13","integrations","Dealertrack integrates with Autotrader.","true","https://us.dealertrack.com/content/dealertrack/en/integrations.html","Integrated With Autotrader F&I Enable Flexible Paths to Purchase","2026-10-08T03:30:48.572Z","","","","","","","The integrations page lists an Autotrader integration (with Dealertrack F&I).","","","","unreviewed"
"dealertrack","C14","integrations","Dealertrack integrates with Manheim.","unverifiable","","","","","","","","","","Manheim appears on the pages only as another Cox Automotive brand in the site header and leadership bios; no page read describes a Dealertrack integration with Manheim.","","","","unreviewed"
"dealertrack","C15","integrations","Dealertrack's lender network runs via RouteOne.","unverifiable","","","","","","","","","","No page read mentions RouteOne.","","","","unreviewed"
"dealertrack","C16","platforms","Dealertrack DMS is cloud-based (web-based).","true","https://us.dealertrack.com/content/dealertrack/en/dealer-management-solutions.html","Empower your team to access real-time data and manage operations from anywhere, on any device, with Dealertrack’s cloud-based dealer management system.","2026-10-08T03:30:06.571Z","","","","","","","The DMS page describes Dealertrack's cloud-based dealer management system accessible from any device.","","","","unreviewed"
"dealertrack","C17","platforms","Dealertrack DMS has a cloud-hybrid architecture.","unverifiable","","","","","","","","","","The pages call the DMS cloud-based; none says whether any part runs on premise, so 'hybrid' is neither confirmed nor contradicted.","","","","unreviewed"
"dealertrack","C18","pricing","Dealertrack pricing is custom and quote-based.","unverifiable","","","","","","","","","","The pages publish no prices and route buyers to a sales representative, but none states how Dealertrack prices or quotes.","","","","unreviewed"
"dealertrack","C19","pricing","Dealertrack runs a savings program (Switch and Save) for dealers switching their DMS.","unverifiable","","","","","","","","","","The switching page invites dealers to calculate savings on third-party data fees ('Stop Paying for Access, Start Saving with Dealertrack') but names no Switch and Save program or switching offer.","","","","unreviewed"
"dealertrack","C20","pricing","The Switch and Save Program offers at least 50% savings to dealers switching from qualifying competitors (ADP Elite, ADP Drive, Reynolds Power, Reynolds UCS, ERA).","unverifiable","","","","","","","","","","No page read states a percentage saving or lists qualifying competitor systems for a switching offer.","","","","unreviewed"
"dealertrack","C21","pricing","Dealertrack does not list its pricing publicly.","unverifiable","","","","","","","","","","The pages read, including the browser read of the home page, show no prices and route buyers to a sales representative, but none states whether or where Dealertrack publishes pricing, so the absence of prices on the pages read neither confirms nor contradicts the claim.","","","","unreviewed"
"frazer","C01","pricing","Frazer Desktop costs $129 per month.","true","https://www.frazer.com/frazer-pricing","DESKTOP Only $ 129 /month","2026-10-08T03:38:32.983Z","","","","","","","The pricing page lists Desktop at $129 per month.","","","","unreviewed"
"frazer","C02","pricing","Frazer Hosted starts at $199 per month.","true","https://www.frazer.com/frazer-pricing","HOSTED Starting At $ 199 /month","2026-10-08T03:38:32.983Z","","","","","","","The pricing page lists Hosted starting at $199 per month.","","","","unreviewed"
"frazer","C03","pricing","Frazer can be paid yearly at $1,299 per year.","true","https://www.frazer.com/frazer-pricing","$ 129 /month , $ 387 /quarter , or $ 1299 /year ($ 249 discount)","2026-10-08T03:38:32.983Z","","","","","","","The pricing page offers a $1,299 yearly subscription option.","","","","unreviewed"
"frazer","C04","pricing","Frazer costs about $129 to $199 per month, flat.","true","https://www.frazer.com/frazer-pricing","DESKTOP Only $ 129 /month Inventory Management Sales Processing Forms Printing Buy Here Pay Here Full Accounting Suite Access from Anywhere Request a Demo HOSTED Starting At $ 199 /month","2026-10-08T03:38:32.983Z","","","","","","","The pricing page lists Desktop at $129 per month and Hosted from $199 per month.","","","","unreviewed"
"frazer","C05","pricing","Frazer pricing starts at $99 per month.","wrong","https://www.frazer.com/frazer-pricing","DESKTOP Only $ 129 /month","2026-10-08T03:38:32.983Z","","","","https://voltra.ai/blog/best-dealer-management-systems-2026/","other","Frazer at $99/month and DealerCenter's free tier are the cheapest credible options for small independent used car lots.","The pricing page's lowest plan is Desktop at $129 per month (the yearly option works out to more than $99 a month), so a $99 monthly starting price contradicts it; the cited VoltrA blog carries the $99 figure.","","","","unreviewed"
"frazer","C06","pricing","Frazer costs a flat $55 per month.","wrong","https://www.frazer.com/frazer-pricing","DESKTOP Only $ 129 /month","2026-10-08T03:38:32.983Z","","","","","not found","","The pricing page's lowest monthly price is $129 (Desktop); the six-page cause budget was spent on pages cited by other wrong claims, so the $55 figure was not traced.","","","","unreviewed"
"frazer","C07","pricing","Frazer costs about $600 per year.","wrong","https://www.frazer.com/frazer-pricing","$ 129 /month , $ 387 /quarter , or $ 1299 /year ($ 249 discount)","2026-10-08T03:38:32.983Z","","","","","not found","","The pricing page gives the yearly subscription as $1,299, not about $600; the likeliest cited source (SelectHub) answered 403 and the rest of the cause budget was spent, so the cause was not found.","","","","unreviewed"
"frazer","C08","pricing","The Frazer Desktop version costs $119 per month.","wrong","https://www.frazer.com/frazer-pricing","DESKTOP Only $ 129 /month","2026-10-08T03:38:32.983Z","","","","https://softwarefinder.com/accounting-software/frazer","directory","The Frazer price plans include a Desktop Version for $119/month and a Hosted Version starting at $199/month.","The pricing page lists the same plan (Desktop) on the same monthly basis at $129, not $119; the cited Software Finder listing carries $119.","","","","unreviewed"
"frazer","C09","pricing","Frazer pricing starts at $199 per month for the base plan (single location).","unverifiable","","","","","","","","","","Re-classed from wrong in pass 2: the pricing page lists two plans, Desktop at $129 per month and Hosted starting at $199 per month, and defines no 'base plan' or single-location price; the answers present Frazer as a cloud-based DMS, whose published cloud (Hosted) price does start at $199, so the claim is not explicitly contradicted like with like.","","","","unreviewed"
"frazer","C10","pricing","Frazer costs about $215 per month (flat).","unverifiable","","","","","","","","","","Hosted pricing starts at $199 and the page does not list higher Hosted prices, so a $215 configuration is neither confirmed nor contradicted.","","","","unreviewed"
"frazer","C11","pricing","Frazer is priced as a flat-rate subscription with no per-user or add-on module charges for core features.","true","https://www.frazer.com/frazer-pricing","DESKTOP Only $ 129 /month Inventory Management Sales Processing Forms Printing Buy Here Pay Here Full Accounting Suite","2026-10-08T03:38:32.983Z","","","","","","","The pricing page gives one subscription price that includes all core modules and states there are no setup costs or hidden fees.","","","","unreviewed"
"frazer","C12","pricing","Frazer publishes its pricing (transparent, public price list).","true","https://www.frazer.com/frazer-pricing","Frazer Pricing Simple. Reliable. Smart. Affordable . DESKTOP Only $ 129 /month","2026-10-08T03:38:32.983Z","","","","","","","Frazer has a public pricing page listing its plan prices.","","","","unreviewed"
"frazer","C13","pricing","Frazer is sold under a perpetual license model.","wrong","https://www.frazer.com/frazer-pricing","Frazer is a subscription software, with several different options to subscribe.","2026-10-08T03:38:32.983Z","","","","https://voltra.ai/blog/best-dealer-management-systems-2026/","other","Frazer runs on Windows desktops with a perpetual license model and handles roughly 22,000 dealers.","The pricing page states that Frazer is subscription software paid monthly, quarterly or yearly; the cited VoltrA blog carries the perpetual-license sentence the answers repeat.","","","","unreviewed"
"frazer","C14","pricing","Frazer has no setup costs.","true","https://www.frazer.com/frazer-pricing","there are no setup costs or hidden fees","2026-10-08T03:38:32.983Z","","","","","","","The pricing page states there are no setup costs or hidden fees.","","","","unreviewed"
"frazer","C15","plans","Frazer includes free, unlimited customer support.","true","https://www.frazer.com/frazer-pricing","backed by free and unlimited world class customer support","2026-10-08T03:38:32.983Z","","","","","","","The pricing page states Frazer is backed by free and unlimited customer support.","","","","unreviewed"
"frazer","C16","plans","The Frazer subscription includes inventory, sales processing, forms, full accounting and BHPH (not separate modules).","true","https://www.frazer.com/frazer-pricing","DESKTOP Only $ 129 /month Inventory Management Sales Processing Forms Printing Buy Here Pay Here Full Accounting Suite","2026-10-08T03:38:32.983Z","","","","","","","The pricing page lists inventory management, sales processing, forms printing, Buy Here Pay Here and the full accounting suite in both the Desktop and Hosted plans, and its comparison table marks BHPH and Accounting as included.","","","","unreviewed"
"frazer","C17","plans","The hosted option costs more than the desktop version.","true","https://www.frazer.com/frazer-pricing","DESKTOP Only $ 129 /month Inventory Management Sales Processing Forms Printing Buy Here Pay Here Full Accounting Suite Access from Anywhere Request a Demo HOSTED Starting At $ 199 /month","2026-10-08T03:38:32.983Z","","","","","","","The pricing page lists Desktop at $129 and Hosted from $199 per month.","","","","unreviewed"
"frazer","C18","plans","Frazer includes a database of over 70,000 forms.","unverifiable","","","","","","","","","","The pages read say 'Thousands of Free Forms' and give no count, so 70,000 is neither confirmed nor contradicted.","","","","unreviewed"
"frazer","C19","customer_counts","Frazer serves more than 19,000 dealers.","true","https://frazer.com/","America's DMS, trusted by More Than 19,000 Used Car Dealers across all 50 States.","2026-10-08T03:38:10.459Z","","","","","","","The home page states Frazer is trusted by more than 19,000 used car dealers.","","","","unreviewed"
"frazer","C20","customer_counts","Frazer serves dealers in all 50 states.","true","https://frazer.com/","America's DMS, trusted by More Than 19,000 Used Car Dealers across all 50 States.","2026-10-08T03:38:10.459Z","","","","","","","The home page states Frazer's dealers are spread across all 50 states.","","","","unreviewed"
"frazer","C21","customer_counts","Frazer is trusted by over 20,000 dealers.","unverifiable","","","","","","","","","","The pages state 'More Than 19,000' dealers, a lower bound that neither confirms nor contradicts over 20,000.","","","","unreviewed"
"frazer","C22","customer_counts","Frazer handles roughly 22,000 dealers.","unverifiable","","","","","","","","","","The pages state 'More Than 19,000' dealers, a lower bound that neither confirms nor contradicts roughly 22,000.","","","","unreviewed"
"frazer","C23","founding","Frazer has served independent dealers since 1985.","true","https://frazer.com/","Since 1985, Frazer has been helping independent car dealers achieve success","2026-10-08T03:38:10.459Z","","","","","","","The home page dates Frazer's service to independent dealers from 1985.","","","","unreviewed"
"frazer","C24","founding","Frazer has been in the market for 30+ years.","true","https://frazer.com/","Since 1985, Frazer has been helping independent car dealers achieve success","2026-10-08T03:38:10.459Z","","","","","","","Serving dealers since 1985 means more than 30 years in the market.","","","","unreviewed"
"frazer","C25","platforms","Frazer is Windows desktop software (installed on local PCs).","true","https://frazer.com/frazer-system-requirements","Minimum System Requirements Microsoft Windows 11 or Windows 10","2026-10-08T03:39:09.327Z","","","","","","","The system requirements page requires Windows 11 or 10, and the pricing page offers a Desktop plan.","","","","unreviewed"
"frazer","C26","platforms","Frazer is available as a cloud-based (hosted) DMS.","true","https://frazer.com/","Hosted Frazer is a cloud-based version of Frazer DMS enhanced to offer more accessibility and location independence.","2026-10-08T03:38:10.459Z","","","","","","","The home page describes Hosted Frazer as a cloud-based version of Frazer DMS on a remote cloud server; the q1 Claude answers call Frazer a cloud-based DMS without noting that the base product is Windows desktop, but the cloud version exists.","","","","unreviewed"
"frazer","C27","platforms","Frazer has no cloud version (Windows desktop only).","wrong","https://frazer.com/","Hosted Frazer is a cloud-based version of Frazer DMS enhanced to offer more accessibility and location independence.","2026-10-08T03:38:10.459Z","","","","https://voltra.ai/blog/best-dealer-management-systems-2026/","other","There's no cloud version. It runs on Windows desktop.","The answer's comparison table marks Frazer as not cloud ('Cloud?' column: '❌ Windows desktop'), but the home page describes Hosted Frazer as a cloud-based version; the cited VoltrA blog says there is no cloud version.","","","","unreviewed"
"frazer","C28","platforms","Frazer has a mobile inventory app (Frazer Sidekick).","true","https://frazer.com/frazer-products","The Frazer Sidekick Mobile App is designed to complement the Frazer DMS and enables users to view inventory listings, photos, pricing and other vehicle and inventory information.","2026-10-08T03:39:42.135Z","","","","","","","The products page describes the Frazer Sidekick mobile app for inventory.","","","","unreviewed"
"frazer","C29","platforms","Frazer lacks native cloud-first mobile applications.","unverifiable","","","","","","","","","","Frazer publishes a native companion mobile app (Sidekick), but the claim's 'cloud-first' qualifier is not something the pages address, so it is not compared like with like.","","","","unreviewed"
"frazer","C30","platforms","Frazer lacks a native web-browser architecture.","unverifiable","","","","","","","","","","The system requirements list Windows only and exclude Chromebooks and Macs, which suggests no browser version, but no page states it, and classing it would require inference.","","","","unreviewed"
"frazer","C31","integrations","Frazer has over 200 integrations (industry partners).","true","https://www.frazer.com/frazer-pricing","Frazer has partnered with over 200 industry leaders","2026-10-08T03:38:32.983Z","","","","","","","The pricing page states over 200 integrations with industry partners.","","","","unreviewed"
"frazer","C32","integrations","Frazer integrates with QuickBooks.","true","https://frazer.com/","Effortlessly transfer data to your QuickBooks account.","2026-10-08T03:38:10.459Z","","","","","","","The home page lists a QuickBooks Transfer feature.","","","","unreviewed"
"frazer","C33","integrations","Frazer integrates with Dealer Car Search.","true","https://frazer.com/","Frazer connects directly to your Dealer Car Search website","2026-10-08T03:38:10.459Z","","","","","","","The home page states Frazer connects directly to Dealer Car Search websites.","","","","unreviewed"
"dentrix","C01","ownership","Dentrix is made by or owned by Henry Schein.","true","https://www.dentrix.com/about-us/","Dentrix was founded in 1985 and acquired by Henry Schein, Inc. in 1997.","2026-10-08T03:03:30.064Z","","","","","","","The about page states Henry Schein, Inc. acquired Dentrix in 1997 and describes Henry Schein One, which publishes Dentrix, as a joint venture between Henry Schein Inc. and Internet Brands, so attributing Dentrix to Henry Schein matches the published fact.","","","","unreviewed"
"dentrix","C02","ownership","Dentrix is a Henry Schein One product.","true","https://www.dentrix.com/about-us/dentrix-or-dentrix-ascend","Dentrix and Dentrix Ascend are two powerful practice management systems from Henry Schein One","2026-10-08T03:02:35.839Z","","","","","","","The vendor's comparison page names Dentrix as a practice management system from Henry Schein One.","","","","unreviewed"
"dentrix","C03","ownership","Dentrix is a Planet DDS product (""Dentrix by Planet DDS"").","wrong","https://www.dentrix.com/about-us/dentrix-or-dentrix-ascend","Dentrix and Dentrix Ascend are two powerful practice management systems from Henry Schein One","2026-10-08T03:02:35.839Z","","","","","not found","","The vendor's page states Dentrix comes from Henry Schein One, which contradicts attributing it to Planet DDS; the cited ekimit.com page reads ""Denticon by Planet DDS and Dentrix Enterprise"", so no cited page carries the statement as made.","","","","unreviewed"
"dentrix","C04","product_names","The same company offers Dentrix (on-premises) and Dentrix Ascend as its separate cloud-based counterpart.","true","https://www.dentrix.com/about-us/dentrix-or-dentrix-ascend","Dentrix and Dentrix Ascend are two powerful practice management systems from Henry Schein One","2026-10-08T03:02:35.839Z","","","","","","","The comparison page presents Dentrix (On-Premise) and Dentrix Ascend (Cloud-Based) as two practice management systems from Henry Schein One. Statements whose subject is Ascend being a separate product (not a hosted Dentrix) are coded in the Dentrix Ascend file.","","","","unreviewed"
"dentrix","C05","product_names","Dentrix's products include one named Dentrix G.","unverifiable","","","","","","","","","","None of the Dentrix pages read in this study uses the name Dentrix G.","","","","unreviewed"
"dentrix","C06","product_names","Dentrix offers imaging integration named Smart Image.","true","https://www.dentrix.com/about-us/dentrix-or-dentrix-ascend","Integrated imaging with Smart Image","2026-10-08T03:02:35.839Z","","","","","","","The comparison table lists Dentrix imaging integration as Integrated imaging with Smart Image.","","","","unreviewed"
"dentrix","C07","product_names","Dentrix has a module named the Eligibility & Claims Processing Suite.","true","https://www.dentrix.com/dental-solutions/dental-insurance-billing-and-collections/dentrix-eligibility-and-claims-processing-suite","Dentrix Eligibility & Claims Processing Suite","2026-10-08T03:03:43.863Z","","","","","","","The vendor has a product page titled Dentrix Eligibility & Claims Processing Suite.","","","","unreviewed"
"dentrix","C08","product_names","Dentrix's built-in AI diagnostics are named Detect AI.","unverifiable","","","","","","","","","","The imaging page describes AI-powered caries detection in Dentrix Imaging without the name Detect AI; the name appears only inside a customer testimonial on the home page, which is not a vendor statement of the product name.","","","","unreviewed"
"dentrix","C09","product_names","Dentrix's third-party add-on ecosystem is named the Dentrix Developer Network.","unverifiable","","","","","","","","","","The pages read call the vendor integration community the Dentrix API Exchange or Henry Schein One API Exchange and never mention a Dentrix Developer Network, so the name is neither confirmed nor explicitly contradicted.","","","","unreviewed"
"dentrix","C10","plans","Jarvis Analytics is available for Dentrix as an add-on.","true","https://www.dentrix.com/about-us/dentrix-or-dentrix-ascend","Advanced reports, Daily Huddle, Jarvis add-on","2026-10-08T03:02:35.839Z","","","","","","","The comparison table lists Jarvis as an add-on under Dentrix reporting and analytics.","","","","unreviewed"
"dentrix","C11","plans","Dentrix is sold in customizable or configurable packages (bundles).","true","https://www.dentrix.com/dental-solutions/dentrix-packages-and-suites","Dentrix offers customizable packages and suites to meet your practice’s needs","2026-10-08T03:03:30.494Z","","","","","","","The packages page states that Dentrix offers customizable packages and suites.","","","","unreviewed"
"dentrix","C12","plans","Patient engagement tools such as texting are optional add-ons for Dentrix.","true","https://www.dentrix.com/about-us/dentrix-or-dentrix-ascend","Dentrix offers add-ons for patient engagement.","2026-10-08T03:02:35.839Z","","","","","","","The comparison page states that patient engagement for Dentrix comes as add-ons (Add-on tools available).","","","","unreviewed"
"dentrix","C13","plans","Imaging is a paid add-on for Dentrix.","unverifiable","","","","","","","","","","The pages describe built-in Dentrix Imaging and list it among the benefits of enrolling in Dentrix Connected Care Essentials, but do not say whether imaging is charged separately.","","","","unreviewed"
"dentrix","C14","pricing","Dentrix does not publish pricing; prices are quoted by sales (or the dealer).","unverifiable","","","","","","","","","","No page read shows a price, and the packages page offers only Request a Demo and Contact Us, but no page states that pricing is quote only, so the absence claim is not settled by a published fact.","","","","unreviewed"
"dentrix","C15","pricing","Dentrix costs about $350 to $1,200 per month (third-party estimate).","unverifiable","","","","","","","","","","No Dentrix page read publishes a price.","","","","unreviewed"
"dentrix","C16","pricing","Dentrix starts at about $500 per month.","unverifiable","","","","","","","","","","No Dentrix page read publishes a price.","","","","unreviewed"
"dentrix","C17","pricing","Dentrix costs about $500 per month combining the license fee and a mandatory annual support plan.","unverifiable","","","","","","","","","","The pages mention Dentrix software licenses but publish no license or support price and do not say a support plan is mandatory.","","","","unreviewed"
"dentrix","C18","pricing","Full-feature Dentrix installs run about $500 to $700+ per month including licensing, annual support and required modules.","unverifiable","","","","","","","","","","No Dentrix page read publishes a price.","","","","unreviewed"
"dentrix","C19","pricing","Dentrix is priced on a subscription basis.","unverifiable","","","","","","","","","","The pages read do not state the price basis; they mention transferable software licenses but no subscription terms.","","","","unreviewed"
"dentrix","C20","pricing","Dentrix modules and add-ons carry separate fees (module-based pricing).","unverifiable","","","","","","","","","","The pages show that some tools are add-ons (Jarvis, patient engagement) but publish no fees or pricing structure for modules.","","","","unreviewed"
"dentrix","C21","pricing","Dentrix charges added fees for deep third-party bridges.","unverifiable","","","","","","","","","","The API Exchange page describes the integration program but publishes no fees for integrations or bridges.","","","","unreviewed"
"dentrix","C22","customer_counts","Dentrix is used by tens of thousands of practices.","true","https://www.dentrix.com/about-us/dentrix-or-dentrix-ascend","trusted by tens of thousands of practices for decades","2026-10-08T03:02:35.839Z","","","","","","","The comparison page says Dentrix is trusted by tens of thousands of practices.","","","","unreviewed"
"dentrix","C23","customer_counts","Dentrix has an installed base of 48,000+ practices.","unverifiable","","","","","","","","","","The home page states 35,000+ practices rely on Dentrix, a lower bound that neither confirms nor contradicts 48,000+.","","","","unreviewed"
"dentrix","C24","customer_counts","90% of the top 50 DSOs are in the Dentrix ecosystem.","unverifiable","","","","","","","","","","No page read gives a DSO customer count or share.","","","","unreviewed"
"dentrix","C25","customer_counts","Dentrix has 35,000+ installations (practices).","true","https://www.dentrix.com/","35,000+ Practices rely on Dentrix to streamline operations","2026-10-08T03:02:31.222Z","","","","","","","The home page states 35,000+ practices rely on Dentrix; one answer counts Dentrix and Dentrix Ascend together, which the Dentrix figure satisfies as a lower bound.","","","","unreviewed"
"dentrix","C26","platforms","Standard Dentrix is on-premises software: installed locally (desktop) with data on local, practice-managed servers.","true","https://www.dentrix.com/about-us/dentrix-or-dentrix-ascend","Dentrix is installed locally and gives you full control over your systems.","2026-10-08T03:02:35.839Z","","","","","","","The comparison page labels Dentrix On-Premise, installed locally on office computers, with data on local practice-managed servers.","","","","unreviewed"
"dentrix","C27","integrations","Dentrix has about 400+ third-party integrations.","unverifiable","","","","","","","","","","The API Exchange page gives endpoint and request counts (700 endpoints, 1,000 endpoints) but no count of third-party integrations or authorized vendors.","","","","unreviewed"
"dentrix","C28","integrations","Dentrix integrates with Dexis imaging hardware.","unverifiable","","","","","","","","","","No page read names Dexis.","","","","unreviewed"
"dentrix","C29","integrations","Dentrix integrates with Schick imaging hardware.","unverifiable","","","","","","","","","","No page read names Schick.","","","","unreviewed"
"dentrix","C30","plans","Dentrix's support offering includes onboarding, training, live support and software updates.","true","https://www.dentrix.com/","we provide comprehensive onboarding, training, and live support. With Connected Care Essentials, you’ll always have access to the latest software updates","2026-10-08T03:02:31.222Z","","","","","","","The home page says Dentrix provides onboarding, training and live support and that Connected Care Essentials gives access to the latest software updates.","","","","unreviewed"
"open-dental","C01","pricing","The U.S. self-hosted license and support fee is $199 per month per location for the first 12 months.","true","https://www.opendental.com/site/fees.html","Initial Rate: $199/month/location or office | 12 months | Covers all computers per location or office for up to 3 providers.","2026-10-08T03:09:44.965Z","","","","","","","The fees page lists the U.S. initial rate at $199 per month per location on a 12-month contract for the self-hosted license and support.","","","","unreviewed"
"open-dental","C02","pricing","After 12 months the fee drops to the current reduced rate of $149 per month per location (the rate published when the office reaches month 13).","true","https://www.opendental.com/site/fees.html","Reduced to a lower rate after 12 consecutive months Current Reduced Rate: $149/month/location","2026-10-08T03:09:44.965Z","","","","","","","The fees page gives a U.S. Current Reduced Rate of $149 per month per location after 12 consecutive months and defines it as the fee published on the day the office reaches the 13th month.","","","","unreviewed"
"open-dental","C03","pricing","The base per-location fee covers up to three providers.","true","https://www.opendental.com/site/fees.html","Covers all computers per location or office for up to 3 providers.","2026-10-08T03:09:44.965Z","","","","","","","The fees page states the license and support fee covers up to 3 providers per location.","","","","unreviewed"
"open-dental","C04","pricing","Open Dental costs about $149 to $199 per month.","true","https://www.opendental.com/site/fees.html","Reduced to a lower rate after 12 consecutive months Current Reduced Rate: $149/month/location","2026-10-08T03:09:44.965Z","","","","","","","The published U.S. fee runs from the $199 initial rate to the $149 reduced rate per location per month, which matches the stated range (one answer rounds $149 to $150).","","","","unreviewed"
"open-dental","C05","pricing","Open Dental costs about $150 per month (estimated monthly cost, period not stated).","true","https://www.opendental.com/site/fees.html","Reduced to a lower rate after 12 consecutive months Current Reduced Rate: $149/month/location","2026-10-08T03:09:44.965Z","","","","","","","An estimated monthly cost of about $150 matches the published $149 per month current reduced rate; the answers do not claim it is the first-year rate.","","","","unreviewed"
"open-dental","C06","pricing","Open Dental costs (or starts at) about $179 per month per location.","stale","https://www.opendental.com/site/fees.html","Offices which started at an initial rate of $179 (prior to February 2nd, 2026) will keep that rate for the entire initial 12 month period, rather than $199.","2026-10-08T03:09:44.965Z","2026-02-02","Offices which started at an initial rate of $179 (prior to February 2nd, 2026) will keep that rate for the entire initial 12 month period, rather than $199.","https://www.opendental.com/site/fees.html","https://www.getdentra.com/resources/guides/dentrix-alternatives","other","Pricing: $179/month per location","The fees page dates the change: $179 was the initial rate before 2 February 2026 and the initial rate is now $199, so $179 was true before a documented change; the cited getdentra.com guide states $179 per month per location (the cited revupdental.com page also gives around $179 to $199).","","","","unreviewed"
"open-dental","C07","pricing","Open Dental costs about $150 to $180 per month.","stale","https://www.opendental.com/site/fees.html","Offices which started at an initial rate of $179 (prior to February 2nd, 2026) will keep that rate for the entire initial 12 month period, rather than $199.","2026-10-08T03:09:44.965Z","2026-02-02","Offices which started at an initial rate of $179 (prior to February 2nd, 2026) will keep that rate for the entire initial 12 month period, rather than $199.","https://www.opendental.com/site/fees.html","","not found","","The upper end of the range reflects the $179 initial rate that applied before 2 February 2026; the current range is $149 to $199. The cited revupdental.com page gives $179 to $199 and $149 figures but not this range, so no cited page carries the statement as made.","","","","unreviewed"
"open-dental","C08","pricing","Open Dental's monthly support fee is around $169.","unverifiable","","","","","","","","","","The fees page publishes $169 per month only as the first-year volume rate for groups of 4 to 9 offices; the answer gives no office count, so the like-for-like comparison is not possible.","","","","unreviewed"
"open-dental","C09","pricing","Open Dental charges a flat fee per location (per practice).","true","https://www.opendental.com/site/fees.html","Answer: Yes. Our policy clearly states that fees are per location/office.","2026-10-08T03:09:44.965Z","","","","","","","The fees page prices the license and support per location or office and states that fees are per location.","","","","unreviewed"
"open-dental","C10","pricing","Open Dental has no per-provider fees (the fee does not change with the number of providers).","wrong","https://www.opendental.com/site/fees.html","More than 3 providers per office or location (not counting hygienists) | All except Developing Countries | $20/month/provider","2026-10-08T03:09:44.965Z","","","","https://revupdental.com/best-dental-practice-management-systems/","other","Open Dental charges a flat fee per location with no per-provider fees, which means a three-dentist practice pays the same as a solo practice.","The fees page charges $20 per month per provider beyond three providers per location, which explicitly contradicts no per-provider fees; the cited revupdental.com page carries the statement.","","","","unreviewed"
"open-dental","C11","pricing","Open Dental has no per-seat or per-workstation fees; one fee covers all computers at a location.","true","https://www.opendental.com/site/fees.html","Covers all computers per location or office for up to 3 providers.","2026-10-08T03:09:44.965Z","","","","","","","The fees page states the per-location fee covers all computers at the location, so there is no per-seat or per-workstation charge.","","","","unreviewed"
"open-dental","C12","pricing","The monthly fee includes the software, updates and phone, chat and email support.","true","https://www.opendental.com/site/fees.html","Monthly support fees include: The software. Updates as they are released. Phone, chat, and email technical support with our experienced techs","2026-10-08T03:09:44.965Z","","","","","","","The fees page lists the software, updates and phone, chat and email support as included in the monthly support fee.","","","","unreviewed"
"open-dental","C13","pricing","Open Dental is paid through a monthly support (license and support) fee rather than an upfront software license purchase.","true","https://www.opendental.com/site/fees.html","Open Dental Software's only upfront cost is the first month of support fees.","2026-10-08T03:09:44.965Z","","","","","","","The fees page states the only upfront cost is the first month of support fees and prices the license and support as a monthly fee.","","","","unreviewed"
"open-dental","C14","pricing","Open Dental charges a low upfront license fee plus monthly support.","wrong","https://www.opendental.com/site/fees.html","Open Dental Software's only upfront cost is the first month of support fees.","2026-10-08T03:09:44.965Z","","","","","not found","","The fees page states the only upfront cost is the first month of support fees, which contradicts an upfront license fee; the cited pages read (getdentra.com, medixdental.com) do not carry the statement and the other cited pages were not read within the page budget.","","","","unreviewed"
"open-dental","C15","pricing","The initial contract is 12 months, then month to month.","true","https://www.opendental.com/site/fees.html","After the initial contract, fees automatically continue on a month to month basis.","2026-10-08T03:09:44.965Z","","","","","","","The fees table shows a 12-month contract at the initial rate and the page states fees continue month to month after the initial contract.","","","","unreviewed"
"open-dental","C16","pricing","The optional eServices Bundle costs $165 per month per location.","true","https://www.opendental.com/site/fees.html","eServices Bundle | $165/month/location","2026-10-08T03:09:44.965Z","","","","","","","The fees page lists the eServices Bundle at $165 per month per location.","","","","unreviewed"
"open-dental","C17","pricing","Outgoing text messages are charged in addition to the eServices fee.","true","https://www.opendental.com/site/fees.html","Includes Integrated Texting access fee (additional per outgoing text message fees apply).","2026-10-08T03:09:44.965Z","","","","","","","The fees page states that per outgoing text message fees apply in addition to the bundle.","","","","unreviewed"
"open-dental","C18","plans","Individual eServices can be bought separately instead of the full bundle.","true","https://www.opendental.com/site/fees.html","Secure Email | $30/month/location","2026-10-08T03:09:44.965Z","","","","","","","The fees page prices individual eServices (for example Secure Email at $30 per month per location) alongside the discounted bundle.","","","","unreviewed"
"open-dental","C19","pricing","Data conversion from other software is not included and costs extra.","true","https://www.opendental.com/site/fees.html","Data conversion from other software is not included. See Data Conversion for fees.","2026-10-08T03:09:44.965Z","","","","","","","The fees page states data conversion is not included and is priced separately.","","","","unreviewed"
"open-dental","C20","pricing","Optional and additional services (such as eServices) cost extra beyond the base fee.","true","https://www.opendental.com/site/fees.html","Support is required when signing up for, scheduling, or purchasing any of the additional services below.","2026-10-08T03:09:44.965Z","","","","","","","The fees page lists additional services, including eServices, as separately purchased items with their own fees.","","","","unreviewed"
"open-dental","C21","pricing","Personalized training costs extra.","true","https://www.opendental.com/site/fees.html","Online Training | $80/hour","2026-10-08T03:09:44.965Z","","","","","","","The fees page charges for online and on-site training (online training at $80 per hour).","","","","unreviewed"
"open-dental","C22","pricing","Open Dental publishes its pricing.","true","https://www.opendental.com/site/fees.html","Software License & Support Fees","2026-10-08T03:09:44.965Z","","","","","","","The vendor publishes a public fees page listing license, support and add-on fees.","","","","unreviewed"
"open-dental","C23","pricing","The base fee includes the core software with no separate module or add-on fees for core functionality.","true","https://www.opendental.com/site/fees.html","Monthly support fees include: The software. Updates as they are released.","2026-10-08T03:09:44.965Z","","","","","","","The fees page includes the software itself in the monthly support fee; the separately priced items are optional services, not core modules.","","","","unreviewed"
"open-dental","C24","pricing","Open Dental pricing is modular: fees depend on locations, providers and the additional functionality used.","true","https://www.opendental.com/site/fees.html","Fees vary depending on number of locations, number of providers, and any additional functionality required.","2026-10-08T03:09:44.965Z","","","","","","","The fees page states fees vary with locations, providers and additional functionality required.","","","","unreviewed"
"open-dental","C25","pricing","Open Dental Cloud is priced separately, in addition to the license and support fees.","true","https://www.opendental.com/site/fees.html","Open Dental Cloud fees are in addition to the Open Dental Software License and Support fees shown above.","2026-10-08T03:09:44.965Z","","","","","","","The fees page states that Open Dental Cloud fees are charged in addition to the license and support fees.","","","","unreviewed"
"open-dental","C26","pricing","Open Dental Cloud starts at $430 per month for one provider.","unverifiable","","","","","","","","","","The cloud page read on 8 Oct prices hosting by concurrent-session packages (from $250 per month, charged on top of support fees) and gives no per-provider price, so the per-provider figure cannot be compared like with like; the page shows no dated change.","","","","unreviewed"
"open-dental","C27","platforms","Open Dental is self-hosted, on-premise (server-based, desktop) software that runs on a local server by default.","true","https://www.opendental.com/site/fees.html","Customer hosts the program locally or manages hosting it remotely (Self-Hosted).","2026-10-08T03:09:44.965Z","","","","","","","The fees page prices the standard product as self-hosted, with the customer hosting the program locally, and the trial page installs it to a server and workstations.","","","","unreviewed"
"open-dental","C28","platforms","Open Dental can be hosted remotely or in the cloud through third parties or the practice's IT.","true","https://opendental.com/site/featuresenterprise.html","Cloud services, like Amazon RDS, that support a compatible version of MySQL or MariaDB can be used to set up a virtual server to host your Open Dental databases.","2026-10-08T03:11:31.227Z","","","","","","","The enterprise features page describes self-hosted cloud on services such as Amazon RDS, set up and managed by the practice's IT, separate from Open Dental Cloud; the fees page also allows the customer to manage hosting remotely.","","","","unreviewed"
"open-dental","C29","platforms","Open Dental offers its own vendor-managed cloud hosting (Open Dental Cloud).","true","https://www.opendental.com/site/opendentalcloud.html","Open Dental Cloud is a hosted solution managed by Open Dental Software.","2026-10-08T03:11:26.541Z","","","","","","","The cloud page describes Open Dental Cloud as a hosted solution managed by Open Dental Software.","","","","unreviewed"
"open-dental","C30","platforms","Open Dental Cloud is in limited release and has limits on third-party interoperability.","true","https://www.opendental.com/site/opendentalcloud.html","The service is currently in limited release. We accept a limited number of customers requesting the service and give preference to those whose situation is a good match. There are some limitations on interoperability with third-party solutions.","2026-10-08T03:11:26.541Z","","","","","","","The cloud page states the service is in limited release and has some limitations on interoperability with third-party solutions.","","","","unreviewed"
"open-dental","C31","platforms","Open Dental requires a local server.","wrong","https://www.opendental.com/site/opendentalcloud.html","Open Dental Cloud is a hosted solution managed by Open Dental Software.","2026-10-08T03:11:26.541Z","","","","","not found","","The vendor offers a hosted Open Dental Cloud (in limited release) and the fees page lets the customer host the program locally or manage hosting it remotely, which contradicts a local server being required; no cited page read carries the statement.","","","","unreviewed"
"open-dental","C32","platforms","Open Dental requires a (local) Windows server.","wrong","https://www.opendental.com/site/computerrequirements.html","As an alternative to Windows, the server can run Linux or MacOS-X","2026-10-08T03:11:57.382Z","","","","https://ekimit.com/dentrix-eaglesoft-open-dental-curve-dental-comparison/","other","Server Requirement Windows Server with MySQL, 16GB RAM minimum.","The computer requirements page states the server can run Linux or macOS as an alternative to Windows, contradicting a Windows server requirement; the cited ekimit.com comparison lists a Windows Server requirement for Open Dental.","","","","unreviewed"
"open-dental","C33","platforms","Open Dental works on Windows.","true","https://www.opendental.com/site/computerrequirements.html","Any of the following operating systems are supported: Operating system | Notes | Windows 11 |","2026-10-08T03:11:57.382Z","","","","","","","The computer requirements page lists Windows 11 and Windows Server versions as supported operating systems.","","","","unreviewed"
"open-dental","C34","platforms","Open Dental works on Mac.","unverifiable","","","","","","","","","","The requirements page lists only Windows versions as supported operating systems and allows macOS only for the database server, and the .NET page (browser read) speaks only of Windows workstations, so neither confirms nor explicitly denies that the program itself runs on Mac.","","","","unreviewed"
"open-dental","C35","platforms","Open Dental works on Linux.","unverifiable","","","","","","","","","","The requirements page lists only Windows versions as supported operating systems and allows Linux only for the database server, and the .NET page (browser read) speaks only of Windows workstations, so neither confirms nor explicitly denies that the program itself runs on Linux.","","","","unreviewed"
"open-dental","C36","free_tier","Open Dental software is free to download (free trial version).","true","https://www.opendental.com/site/trial.html","The free trial version of Open Dental can be used to evaluate the software, or be used as the first step when installing the full version.","2026-10-08T03:11:36.304Z","","","","","","","The trial page offers a free trial download that does not expire and serves as the first step of the full installation.","","","","unreviewed"
"open-dental","C37","integrations","Open Dental bridges to 200+ third-party programs.","unverifiable","","","","","","","","","","The home page says 100s of Bridges to Other Programs and the bridges page lists bridges without a total, so 200+ is neither confirmed nor contradicted.","","","","unreviewed"
"open-dental","C38","product_names","Open Dental has a multi-location feature named Clinics.","true","https://opendental.com/site/featuresenterprise.html","The Clinics feature lets you operate multiple locations from a single database while keeping their data separate for reports.","2026-10-08T03:11:31.227Z","","","","","","","The enterprise features page names the Clinics feature for running multiple locations from one database.","","","","unreviewed"
"open-dental","C39","product_names","Open Dental has a tool named the Central Enterprise Management Tool.","true","https://opendental.com/site/featuresenterprise.html","Use options like Replication or the Central Enterprise Management Tool (CEMT) to manage separate databases for each location efficiently.","2026-10-08T03:11:31.227Z","","","","","","","The enterprise features page names the Central Enterprise Management Tool (CEMT).","","","","unreviewed"
"open-dental","C40","product_names","Open Dental's customizable forms module is named Sheets.","true","https://www.opendental.com/site/fees.html","Sheet Design Service Let us convert your paper forms to sheets.","2026-10-08T03:09:44.965Z","","","","","","","The fees page offers a Sheet Design Service that converts paper forms to sheets, the product's name for its forms.","","","","unreviewed"
"open-dental","C41","founding","Open Dental was built (founded) by a dentist.","unverifiable","","","","","","","","","","None of the Open Dental pages read in this study names the founder or says who built the software.","","","","unreviewed"
"open-dental","C42","pricing","Open Dental costs about $179 to $199 per month.","unverifiable","","","","","","","","","","The fees page gives $199 as the current initial rate and keeps $179 only for offices that started before 2 February 2026, with $149 after 12 months, so a $179 to $199 range is neither the current published range nor the state before the dated change, and the pages read do not settle it as stated.","","","","unreviewed"
"curve-dental","C01","pricing","Curve Dental does not publish prices; pricing is by personalized quote.","true","https://www.curvedental.com/","Pricing depends on practice size and the features you need. Request a quote and our team will walk you through the plan that fits your practice.","2026-10-08T03:22:22.450Z","","","","","","","The home page FAQ says pricing depends on practice size and features and is given by quote, and the pricing page shows no dollar prices, only personalized quote requests.","","","","unreviewed"
"curve-dental","C02","pricing","Curve offers special startup pricing on implementation and license fees.","true","https://www.curvedental.com/pricing","Curve provides special pricing on implementation and license fees for startups to help you hit the ground running.","2026-10-08T03:22:27.238Z","","","","","","","The pricing page states special pricing on implementation and license fees for startups.","","","","unreviewed"
"curve-dental","C03","pricing","Curve Dental costs about $350 to $1,200 per month (third-party estimate).","unverifiable","","","","","","","","","","Curve publishes no dollar prices on the pages read.","","","","unreviewed"
"curve-dental","C04","pricing","Curve Dental pricing starts around $500 per month.","unverifiable","","","","","","","","","","Curve publishes no dollar prices on the pages read.","","","","unreviewed"
"curve-dental","C05","pricing","Curve Dental costs about $299 to $500 per month.","unverifiable","","","","","","","","","","Curve publishes no dollar prices on the pages read.","","","","unreviewed"
"curve-dental","C06","pricing","Curve Dental is sold as a (monthly) subscription.","unverifiable","","","","","","","","","","The pages mention license fees and predictable monthly costs but never state a subscription basis.","","","","unreviewed"
"curve-dental","C07","pricing","Curve Dental is priced per provider (per provider per month, per-provider pricing tiers).","unverifiable","","","","","","","","","","The home page says pricing depends on practice size and the features needed but does not state a per-provider basis.","","","","unreviewed"
"curve-dental","C08","pricing","Curve Dental has no large upfront cost.","unverifiable","","","","","","","","","","The pages mention implementation and license fees (discounted for startups) without amounts and do not state the upfront cost.","","","","unreviewed"
"curve-dental","C09","plans","Curve's features vary by package (tiers).","true","https://www.curvedental.com/","Capabilities and services vary by package and availability.","2026-10-08T03:22:22.450Z","","","","","","","The home page states that capabilities and services vary by package.","","","","unreviewed"
"curve-dental","C10","platforms","Curve Dental is cloud-based (cloud-native), runs in a web browser and needs no local server.","true","https://www.curvedental.com/","Yes — Curve runs entirely in the cloud through your browser, so it works on Mac, PC, and Chromebooks with no local server to maintain.","2026-10-08T03:22:22.450Z","","","","","","","The home page FAQ states Curve runs entirely in the cloud through the browser with no local server to maintain.","","","","unreviewed"
"curve-dental","C11","platforms","Curve Dental was built cloud-native from the start rather than migrated from a desktop system.","true","https://www.curvedental.com/dental-blog/best-dental-practice-management-software-2026","Curve Dental was built in the cloud from the beginning — not adapted into it later.","2026-10-08T03:22:59.866Z","","","","","","","The vendor's own blog states Curve was built in the cloud from the beginning, and the about page dates its cloud vision to its 2004 founding.","","","","unreviewed"
"curve-dental","C12","platforms","Curve Dental can be accessed from mobile devices and any device.","true","https://www.curvedental.com/dental-blog/best-dental-practice-management-software-2026","Teams can access the system securely from anywhere, on any device.","2026-10-08T03:22:59.866Z","","","","","","","The vendor's blog states access from any device, and the home and about pages describe the Curve Mobile app for phones.","","","","unreviewed"
"curve-dental","C13","customer_counts","Curve has completed 2,500+ migrations (data conversions).","true","https://www.curvedental.com/data-conversion","To date, we have completed 7,500+ conversions","2026-10-08T03:22:55.528Z","","","","","","","The data conversion page states 7,500+ completed conversions, which satisfies the lower bound of 2,500+ as written.","","","","unreviewed"
"curve-dental","C14","ownership","Curve Dental is an independent (privately held) company.","true","https://www.curvedental.com/about","the company is privately held","2026-10-08T03:22:55.109Z","","","","","","","The about page states the company is privately held.","","","","unreviewed"
"curve-dental","C15","ownership","Curve Dental is self-funded.","wrong","https://www.curvedental.com/about","Battery Ventures Invests in Curve Dental","2026-10-08T03:22:55.109Z","","","","https://conferences.dental/best-dental-practice-management-software-2026/","other","An independent, self-funded platform founded by a practicing dentist, built around the clinical workflow rather than bolted onto a billing system.","The about page records an outside investment by Battery Ventures (2018), which contradicts self-funded; the cited conferences.dental page carries this exact sentence but writes it about Oryx Dental, so the answer attached another vendor's description to Curve.","","","","unreviewed"
"curve-dental","C16","founding","Curve Dental was founded by a practicing dentist.","unverifiable","","","","","","","","","","The about page gives the founding year (2004) but does not name the founders; the cited conferences.dental page makes this statement about Oryx Dental, not Curve.","","","","unreviewed"
"curve-dental","C17","product_names","Curve Dental's product is named Curve Hero.","unverifiable","","","","","","","","","","The pages read refer to a Hero database and to the Curve SuperHero solution but never use the name Curve Hero or document a rename.","","","","unreviewed"
"dentrix-ascend","C01","ownership","Dentrix Ascend is a Henry Schein product (made by Henry Schein, part of its ecosystem).","true","https://www.dentrixascend.com/about-us/","Henry Schein One brings decades of dental software experience, backed by Henry Schein Inc., one of the most trusted names in healthcare worldwide.","2026-10-08T03:28:45.442Z","","","","","","","The about page states Dentrix Ascend is part of Henry Schein One, which is backed by Henry Schein Inc.","","","","unreviewed"
"dentrix-ascend","C02","ownership","Dentrix Ascend is a Henry Schein One product.","true","https://www.dentrixascend.com/about-us/","Dentrix Ascend is part of Henry Schein One, a global leader in connected dental software built for how dentistry works.","2026-10-08T03:28:45.442Z","","","","","","","The about page states Dentrix Ascend is part of Henry Schein One.","","","","unreviewed"
"dentrix-ascend","C03","product_names","Dentrix Ascend is the cloud version of (cloud counterpart to) Dentrix within Henry Schein's Dentrix product family.","true","https://www.dentrix.com/about-us/dentrix-or-dentrix-ascend","Dentrix and Dentrix Ascend are two powerful practice management systems from Henry Schein One, each designed to help dental teams run smoother, engage patients better, and grow their business. Whether you prefer the control of an on-premises system or the flexibility of the cloud","2026-10-08T03:02:35.839Z","","","","","","","Henry Schein One's comparison page presents Dentrix Ascend as the cloud-based system beside on-premises Dentrix in the same product family; calling it the cloud version is not the same as calling it a cloud-hosted copy, which is coded separately in C05.","","","","unreviewed"
"dentrix-ascend","C04","product_names","Dentrix Ascend is a separate product built for the cloud, not desktop Dentrix hosted remotely.","true","https://www.dentrixascend.com/about-us/","It’s not a cloud-hosted version of on-premises software. Designed specifically for the cloud","2026-10-08T03:28:45.442Z","","","","","","","The about page states Dentrix Ascend is not a cloud-hosted version of on-premises software and was designed specifically for the cloud.","","","","unreviewed"
"dentrix-ascend","C05","product_names","Dentrix Ascend is a cloud-hosted version of classic Dentrix.","wrong","https://www.dentrixascend.com/about-us/","It’s not a cloud-hosted version of on-premises software. Designed specifically for the cloud","2026-10-08T03:28:45.442Z","","","","","not found","","The about page explicitly says Dentrix Ascend is not a cloud-hosted version of on-premises software; the cited pages read (medixdental.com, getdentra.com, practicesignal.com) do not carry the statement, and tab32.com failed with a network error.","","","","unreviewed"
"dentrix-ascend","C06","platforms","Dentrix Ascend is cloud-based (cloud-native), browser-based and needs no local server.","true","https://www.dentrixascend.com/","Dentrix Ascend is 100% cloud-based, giving you secure, anytime access from any device.","2026-10-08T03:28:33.303Z","","","","","","","The home page states Dentrix Ascend is 100% cloud-based with access from any device.","","","","unreviewed"
"dentrix-ascend","C07","certifications","Dentrix Ascend is SOC 2 Type II compliant.","true","https://www.dentrixascend.com/about-us/why-dentrix-ascend/","Dentrix Ascend uses SOC 2 Type II compliance, encrypted backups, and role-based access controls.","2026-10-08T03:28:50.294Z","","","","","","","The Why Dentrix Ascend page states SOC 2 Type II compliance.","","","","unreviewed"
"dentrix-ascend","C08","pricing","Dentrix Ascend pricing is by custom quote.","true","https://www.dentrixascend.com/about-us/why-dentrix-ascend/","Pricing depends on the size of your practice and the number of providers. Dentrix Ascend offers flexible subscription plans that include software updates, secure cloud hosting, and support. Contact us for a personalized quote.","2026-10-08T03:28:50.294Z","","","","","","","The pricing FAQ says pricing depends on practice size and providers and is given by personalized quote.","","","","unreviewed"
"dentrix-ascend","C09","pricing","Dentrix Ascend is sold by subscription, priced to the size of the practice.","true","https://www.dentrixascend.com/about-us/why-dentrix-ascend/","Pricing depends on the size of your practice and the number of providers. Dentrix Ascend offers flexible subscription plans that include software updates, secure cloud hosting, and support. Contact us for a personalized quote.","2026-10-08T03:28:50.294Z","","","","","","","The pricing FAQ describes subscription plans whose price depends on practice size and number of providers.","","","","unreviewed"
"dentrix-ascend","C10","plans","Dentrix Ascend is sold in customizable packages.","true","https://www.dentrixascend.com/","Dentrix Ascend offers customizable packages and suites to meet your practice’s needs","2026-10-08T03:28:33.303Z","","","","","","","The home page states Dentrix Ascend offers customizable packages and suites.","","","","unreviewed"
"dentrix-ascend","C11","pricing","Dentrix Ascend costs about $399 to $1,200 per month (estimate).","unverifiable","","","","","","","","","","The pages read publish no dollar prices for Dentrix Ascend.","","","","unreviewed"
"eaglesoft","C01","ownership","Eaglesoft is a Patterson Dental product (developed by Patterson).","true","https://www.pattersondental.com/cp/software/dental-practice-management-software/eaglesoft","Eaglesoft Dental Practice Management Software | Patterson Dental","2026-10-08T03:35:13.759Z","","","","","","","Eaglesoft is sold, supported and presented as Patterson Dental's own practice management software on Patterson's product page.","","","","unreviewed"
"eaglesoft","C02","founding","Eaglesoft was created by Patterson Companies.","unverifiable","","","","","","","","","","The Patterson pages read say Eaglesoft has evolved for more than three decades but do not say who created it; the canonical home eaglesoft.net could not be read.","","","","unreviewed"
"eaglesoft","C03","platforms","Eaglesoft is server-based, on-premise (desktop) software that requires a local server.","true","https://www.pattersondental.com/cp/software/dental-practice-management-software/eaglesoft","Eaglesoft is currently a server-based practice management solution.","2026-10-08T03:35:13.759Z","","","","","","","Patterson's FAQ states Eaglesoft is a server-based solution and an on-premise solution that requires a physical server.","","","","unreviewed"
"eaglesoft","C04","platforms","Eaglesoft is a cloud-based system that gives access to data from anywhere.","wrong","https://www.pattersondental.com/cp/software/dental-practice-management-software/eaglesoft","Eaglesoft is currently a server-based practice management solution.","2026-10-08T03:35:13.759Z","","","","https://thinkaegis.com/best-dental-software/","other","Eaglesoft prides itself on seamless integration and an easy-to-use interface. Their cloud-based system enables you to access data from anywhere.","Patterson's FAQ answers whether Eaglesoft is cloud-based by stating it is a server-based solution that requires a physical server; the cited thinkaegis.com page carries the same sentence.","","","","unreviewed"
"eaglesoft","C05","platforms","Eaglesoft has no native cloud version.","true","https://www.pattersondental.com/cp/software/dental-practice-management-software","Gain efficiencies, integrate digital imaging and enjoy seamless workflows across your entire practice with our Eaglesoft server-based software","2026-10-08T03:36:24.599Z","","","","","","","Patterson describes Eaglesoft as server-based software and offers its cloud-based system under a different product name, Fuse; the Eaglesoft FAQ says it is currently server-based.","","","","unreviewed"
"eaglesoft","C06","platforms","Eaglesoft has no cloud roadmap.","unverifiable","","","","","","","","","","The pages say Eaglesoft is currently server-based but say nothing about future cloud plans.","","","","unreviewed"
"eaglesoft","C07","platforms","Eaglesoft can run on third-party remote (hosted) servers.","unverifiable","","","","","","","","","","Patterson's FAQ says Eaglesoft requires a physical server and recommends remote-access tools for remote use, but does not address third-party hosting.","","","","unreviewed"
"eaglesoft","C08","platforms","Eaglesoft is a Windows application.","unverifiable","","","","","","","","","","None of the Patterson pages read names the operating system; no system requirements page was read and eaglesoft.net could not be reached.","","","","unreviewed"
"eaglesoft","C09","product_names","Patterson's separate cloud practice management platform is named Fuse.","true","https://www.pattersondental.com/cp/software/dental-practice-management-software","Consolidate multi-location practice data and processes into one, intuitive, cloud-based system. Fuse gives you the flexibility to work remotely","2026-10-08T03:36:24.599Z","","","","","","","Patterson's software page presents Fuse as its cloud-based practice management system, separate from server-based Eaglesoft.","","","","unreviewed"
"eaglesoft","C10","product_names","Eaglesoft's imaging module is named Advanced Imaging.","true","https://www.pattersondental.com/cp/software/dental-practice-management-software/eaglesoft","with Eaglesoft Advanced Imaging, no third-party bridges required.","2026-10-08T03:35:13.759Z","","","","","","","The product page names Eaglesoft Advanced Imaging.","","","","unreviewed"
"eaglesoft","C11","product_names","Eaglesoft's scheduling includes a feature named IntelliCare reminders.","true","https://www.pattersondental.com/cp/software/dental-practice-management-software/eaglesoft","IntelliCare reminders Create timely notifications concerning patient care or records","2026-10-08T03:35:13.759Z","","","","","","","The product page lists IntelliCare reminders under scheduling features.","","","","unreviewed"
"eaglesoft","C12","product_names","Eaglesoft's scheduling includes a feature named Quick Fill.","true","https://www.pattersondental.com/cp/software/dental-practice-management-software/eaglesoft","Quick Fill List appointments that have been deleted from the schedule","2026-10-08T03:35:13.759Z","","","","","","","The product page lists Quick Fill under scheduling features.","","","","unreviewed"
"eaglesoft","C13","plans","Eaglesoft is sold through several Service Club plans whose inclusions differ by plan.","true","https://www.pattersondental.com/cp/software/dental-practice-management-software/eaglesoft","We offer several Eaglesoft Service Club plans designed to fit your office’s budget and needs","2026-10-08T03:35:13.759Z","","","","","","","The product page offers several Service Club plans (Base, Starter, Foundations, Professional, Growth) with different included features.","","","","unreviewed"
"eaglesoft","C14","plans","Service Club includes unlimited U.S.-based support, upgrades and Schick support for Advanced Imaging customers.","true","https://www.pattersondental.com/cp/software/dental-practice-management-software/eaglesoft","Eaglesoft Service Club offers unlimited U.S.-based support, free upgrades, learning resources, and comprehensive Schick support and warranties.","2026-10-08T03:35:13.759Z","","","","","","","The product page lists unlimited U.S.-based support, free upgrades and Schick support (for advanced imaging customers) among Service Club benefits.","","","","unreviewed"
"eaglesoft","C15","plans","Service Club is an ongoing (monthly) subscription that includes training resources.","true","https://www.pattersondental.com/resources/dental-software/eaglesoft-customer-resources","For one low monthly fee, Eaglesoft Service Club gives you access to a comprehensive suite of benefits designed to support and grow your practice.","2026-10-08T03:36:20.212Z","","","","","","","Patterson describes Service Club as a monthly fee whose benefits include learning resources such as free wellness checks with trainers and on-demand webinars; the product page adds that plans require a 24-month enrollment.","","","","unreviewed"
"eaglesoft","C16","pricing","Eaglesoft does not publish pricing; pricing comes from Patterson's sales team as a quote.","true","https://www.pattersondental.com/cp/software/dental-practice-management-software/eaglesoft","For pricing and additional help determining which plan is the best fit for your practice, talk to a Patterson Software Sales Representative.","2026-10-08T03:35:13.759Z","","","","","","","The product page answers the pricing question by directing buyers to a Patterson software sales representative and lists no prices.","","","","unreviewed"
"eaglesoft","C17","pricing","Eaglesoft costs about $350 to $1,200 per month (third-party estimate).","unverifiable","","","","","","","","","","Patterson publishes no prices on the pages read.","","","","unreviewed"
"eaglesoft","C18","pricing","Eaglesoft starts at about $200 per month.","unverifiable","","","","","","","","","","Patterson publishes no prices on the pages read.","","","","unreviewed"
"eaglesoft","C19","pricing","Eaglesoft typically starts around $200 to $400 per month.","unverifiable","","","","","","","","","","Patterson publishes no prices on the pages read.","","","","unreviewed"
"eaglesoft","C20","pricing","Patterson is moving Eaglesoft to subscription-only pricing beginning in 2026.","unverifiable","","","","","","","","","","The product page sells Eaglesoft through Service Club plans that include the license and require a 24-month enrollment, but no page read says pricing is subscription-only or dates a 2026 change.","","","","unreviewed"
"eaglesoft","C21","pricing","Eaglesoft is bundled with hardware deals.","unverifiable","","","","","","","","","","No page read describes hardware bundles for Eaglesoft.","","","","unreviewed"
"eaglesoft","C22","pricing","Eaglesoft's integrated card processor charges 40 to 50 basis points above market rate.","unverifiable","","","","","","","","","","The Eaglesoft Card Payments page publishes no processing rates.","","","","unreviewed"
"eaglesoft","C23","integrations","Eaglesoft integrates natively with Global Payments for card processing.","true","https://www.pattersondental.com/cp/software/revenue-cycle-management-software/eaglesoft-card-payments","Realize the benefits of Eaglesoft Card Payments, powered by Global Payments Integrated","2026-10-08T03:36:18.744Z","","","","","","","The Card Payments page says Eaglesoft Card Payments is powered by Global Payments Integrated with direct Eaglesoft integration.","","","","unreviewed"
"eaglesoft","C24","integrations","Global Payments is the only natively integrated card processor for Eaglesoft.","unverifiable","","","","","","","","","","The pages show Global Payments behind Eaglesoft Card Payments and also list Patterson CarePay+ with payment processing, but none states whether Global Payments is the only integrated processor.","","","","unreviewed"
"eaglesoft","C25","integrations","Eaglesoft integrates with Weave.","true","https://www.pattersondental.com/cp/software/dental-practice-management-software/eaglesoft","Weave – Patient engagement","2026-10-08T03:35:13.759Z","","","","","","","The product page lists Weave among software integrations for Eaglesoft.","","","","unreviewed"
"eaglesoft","C26","integrations","Eaglesoft integrates with Pearl AI.","true","https://www.pattersondental.com/cp/software/dental-practice-management-software/eaglesoft","Pearl AI – Clinical excellence","2026-10-08T03:35:13.759Z","","","","","","","The product page lists Pearl AI among software integrations for Eaglesoft.","","","","unreviewed"
"eaglesoft","C27","integrations","Eaglesoft integrates with 50+ imaging technologies.","unverifiable","","","","","","","","","","Patterson states over 55 authorized integrations across all categories and names several imaging platforms, but gives no count of imaging technologies, so the comparison is not like for like.","","","","unreviewed"
"eaglesoft","C28","pricing","Eaglesoft is priced per user or as an annual license.","unverifiable","","","","","","","","","","The product page sells Eaglesoft through Service Club plans for a monthly fee with the license included at no extra cost, but says nothing about per-user pricing, so the either-or pricing basis is neither confirmed nor explicitly contradicted.","","","","unreviewed"
"housecall-pro","C01","pricing","The Basic plan (the entry price) costs $59 per month billed annually, for one user.","true","https://www.housecallpro.com/llm-info/","Housecall Pro offers three plans: Basic at $79/mo ($59/mo billed annually) for one user","2026-10-08T03:01:37.639Z","","","","","","","The vendor's AI guidance page gives Basic at $59 per month billed annually for one user; four Claude instances state the $59 Basic or starting price without a billing basis, which matches this annual price.","","","","unreviewed"
"housecall-pro","C02","pricing","The Basic plan (the entry price) costs $79 per month on monthly billing, for one user.","true","https://www.housecallpro.com/llm-info/","Housecall Pro offers three plans: Basic at $79/mo ($59/mo billed annually) for one user","2026-10-08T03:01:37.639Z","","","","","","","The vendor's AI guidance page gives Basic at $79 per month (the month-to-month price) for one user; instances that give $79 as the starting price without a billing basis match this monthly price, and the HVAC page also lists Basic at $79 per month.","","","","unreviewed"
"housecall-pro","C03","pricing","The Essentials plan costs $149 per month billed annually, for five users.","true","https://www.housecallpro.com/llm-info/","Essentials at $189/mo ($149/mo annually) for up to five users","2026-10-08T03:01:37.639Z","","","","","","","The vendor's AI guidance page gives Essentials at $149 per month billed annually for up to five users; two instances give $149 (one as $149+) for Essentials without a billing basis, which matches the annual price.","","","","unreviewed"
"housecall-pro","C04","pricing","The Essentials plan costs $189 per month on monthly billing, for five users.","true","https://www.housecallpro.com/llm-info/","Essentials at $189/mo ($149/mo annually) for up to five users","2026-10-08T03:01:37.639Z","","","","","","","The vendor's AI guidance page gives Essentials at $189 per month (month-to-month) for up to five users.","","","","unreviewed"
"housecall-pro","C05","pricing","The MAX plan costs $299 per month billed annually, including eight users.","true","https://www.housecallpro.com/llm-info/","MAX at $329/mo ($299/mo annually) for up to eight users","2026-10-08T03:01:37.639Z","","","","","","","The vendor's AI guidance page gives MAX at $299 per month billed annually for up to eight users.","","","","unreviewed"
"housecall-pro","C06","pricing","The MAX plan costs $329 per month, including eight users.","true","https://www.housecallpro.com/llm-info/","MAX at $329/mo ($299/mo annually) for up to eight users","2026-10-08T03:01:37.639Z","","","","","","","The vendor's AI guidance page gives MAX at $329 per month (monthly billing) for up to eight users; the answer gives no billing basis and the figure matches the monthly price.","","","","unreviewed"
"housecall-pro","C07","pricing","Additional users on MAX cost $35 per month each.","true","https://www.housecallpro.com/pricing/","8 users included *$35/mo per additional user","2026-10-08T02:59:34.370Z","","","","","","","The standard pricing page lists MAX with 8 users included and $35 per month per additional user.","","","","unreviewed"
"housecall-pro","C08","pricing","MAX for 12 users comes to $439 per month on annual billing.","true","https://www.housecallpro.com/pricing/","$299 /mo $329 /mo $XX /mo $XX /mo Book Demo Book Demo Book Demo Book Demo 8 users included *$35/mo per additional user","2026-10-08T02:59:34.370Z","","","","","","","The pricing page gives MAX at $299 per month billed annually with 8 users included and $35 per additional user, so 12 users come to $299 plus 4 times $35, which is $439, as the answer computes.","","","","unreviewed"
"housecall-pro","C09","pricing","The HVAC package's Essentials tier costs $299 per month for five users.","true","https://www.housecallpro.com/industries/hvac-software/","For teams, Basic is $79/mo for one user, Essentials is $299/mo with five users included, and MAX is $649/mo with eight users included.","2026-10-08T03:01:23.810Z","","","","","","","The HVAC software page states that for teams Essentials is $299 per month with five users included.","","","","unreviewed"
"housecall-pro","C10","pricing","The plumbing package's Essentials tier costs $299 per month for five users.","true","https://www.housecallpro.com/industries/plumbing-software/","$229 /mo $299 /mo Get Started Get Started Get Started Get Started 1 user 5 users included","2026-10-08T03:01:24.393Z","","","","","","","The plumbing software page's Essentials card shows $299 per month with 5 users included for teams ($229 for an individual user).","","","","unreviewed"
"housecall-pro","C11","pricing","Pricing starts around $65 per month (range given as $65 to $189+ per month).","unverifiable","","","","","","","","","","Re-classed from wrong in pass 2: the answer gives an approximate starting price (around $65) with no billing basis, and the published entry prices are $59 per month billed annually and $79 per month on monthly billing, so $65 falls between them and no like-for-like published figure explicitly contradicts it.","","","","unreviewed"
"housecall-pro","C12","pricing","Approximate pricing is $149+ per month (for a team of about 10 techs).","true","https://www.housecallpro.com/llm-info/","Essentials at $189/mo ($149/mo annually) for up to five users","2026-10-08T03:01:37.639Z","","","","","","","In a table for a roughly 10-tech plumbing company, $149+ matches the published Essentials price of $149 per month billed annually, the lowest multi-user plan, with higher tiers above it.","","","","unreviewed"
"housecall-pro","C13","pricing","Pricing is a flat monthly (flat rate) plan price.","true","https://www.housecallpro.com/llm-info/","Essentials at $189/mo ($149/mo annually) for up to five users","2026-10-08T03:01:37.639Z","","","","","","","Each published plan is a fixed monthly price that covers a set number of included users (for example Essentials for up to five users).","","","","unreviewed"
"housecall-pro","C14","pricing","Pricing is per user (per seat) per month.","unverifiable","","","","","","","","","","The pages price each plan as a fixed monthly amount with a set number of users included and charge only additional users per user on MAX, which neither confirms nor explicitly contradicts a per-user pricing model.","","","","unreviewed"
"housecall-pro","C15","pricing","Additional users cost extra, so costs rise as users are added.","true","https://www.housecallpro.com/pricing/","8 users included *$35/mo per additional user","2026-10-08T02:59:34.370Z","","","","","","","The pricing page charges $35 per month for each user beyond the 8 included on MAX, and the plumbing page shows additional-user charges on its package tiers.","","","","unreviewed"
"housecall-pro","C16","pricing","Pricing is a set of tiered monthly plans.","true","https://www.housecallpro.com/llm-info/","Housecall Pro is subscription-based software with three tiered plans.","2026-10-08T03:01:37.639Z","","","","","","","The vendor's AI guidance page describes three tiered subscription plans.","","","","unreviewed"
"housecall-pro","C17","plans","The MAX plan includes eight users.","true","https://www.housecallpro.com/llm-info/","MAX at $329/mo ($299/mo annually) for up to eight users","2026-10-08T03:01:37.639Z","","","","","","","The vendor's AI guidance page gives MAX for up to eight users, and the plumbing page's MAX card also shows 8 users included.","","","","unreviewed"
"housecall-pro","C18","plans","The Basic plan includes scheduling, estimates, invoicing, payments, a price book, job costing and review management.","true","https://www.housecallpro.com/pricing/","Price book Keep your services up to date and accurately priced. Job costing Track and report the costs associated with each job. Review management Build online reputation with tools that make it easy to collect and share reviews.","2026-10-08T02:59:34.370Z","","","","","","","The Basic card on the pricing page lists online booking, scheduling and dispatch, estimates and invoicing, payments, price book, job costing and review management.","","","","unreviewed"
"housecall-pro","C19","plans","QuickBooks Online sync is not in Basic; it starts with the Essentials plan.","true","https://www.housecallpro.com/pricing/","Commissions Pay different rates by item, service, or job type. QuickBooks Online sync Import your existing QuickBooks data into Housecall Pro.","2026-10-08T02:59:34.370Z","","","","","","","On the pricing page QuickBooks Online sync appears in the Essentials list (All Basic features, plus) and not on the Basic card.","","","","unreviewed"
"housecall-pro","C20","plans","GPS tracking is not in Basic; it arrives on higher tiers.","true","https://www.housecallpro.com/pricing/","Employee GPS tracking Locates techs on the map using their mobile phone's GPS, no hardware required.","2026-10-08T02:59:34.370Z","","","","","","","On the pricing page employee GPS tracking is listed among the features Essentials adds to Basic.","","","","unreviewed"
"housecall-pro","C21","plans","The Essentials plan includes flat-rate pricing, employee phone GPS, routes and commissions.","true","https://www.housecallpro.com/pricing/","5 users included All Basic features, plus: Routes Group and sequence jobs to cut drive time for the day. Flat-rate pricing Include profit margins in your service prices.","2026-10-08T02:59:34.370Z","","","","","","","The Essentials card adds routes, flat-rate pricing, employee GPS tracking (phone based) and commissions to Basic.","","","","unreviewed"
"housecall-pro","C22","plans","Recurring service plans (maintenance agreements) are included in MAX, not in every tier.","true","https://www.housecallpro.com/pricing/","Everything in Essentials, plus: Sales proposal tool ($40/mo value) Build visual sales proposals with customized images and side-by-side comparisons. Recurring Service Plans Secure a stable income through recurring maintenance agreements.","2026-10-08T02:59:34.370Z","","","","","","","The standard pricing page lists Recurring Service Plans among the features MAX adds to Essentials.","","","","unreviewed"
"housecall-pro","C23","plans","Open API access is included in MAX.","true","https://www.housecallpro.com/pricing/","our MAX plan offers access to Zapier and our open API","2026-10-08T02:59:34.370Z","","","","","","","The pricing page FAQ and MAX card place open API access in MAX.","","","","unreviewed"
"housecall-pro","C24","plans","The MAX plan includes onboarding assistance and proposal tools.","true","https://www.housecallpro.com/pricing/","Dedicated onboarding specialist Get personalized setup guidance and coaching from a dedicated rep.","2026-10-08T02:59:34.370Z","","","","","","","The MAX card on the pricing page lists a dedicated onboarding specialist and the sales proposal tool.","","","","unreviewed"
"housecall-pro","C25","plans","The MAX plan includes dispatching, flat-rate pricing, job costing, proposals, recurring service plans and QuickBooks Online integration.","true","https://www.housecallpro.com/pricing/","Everything in Essentials, plus: Sales proposal tool ($40/mo value) Build visual sales proposals with customized images and side-by-side comparisons. Recurring Service Plans Secure a stable income through recurring maintenance agreements.","2026-10-08T02:59:34.370Z","","","","","","","MAX adds the sales proposal tool and recurring service plans to everything in Essentials (flat-rate pricing, QuickBooks Online sync) and Basic (scheduling and dispatch, job costing).","","","","unreviewed"
"housecall-pro","C26","plans","There is a lower-priced entry tier for one user (solo operators).","true","https://www.housecallpro.com/industries/hvac-software/","Basic For solo Pros managing jobs, parts, and the numbers.","2026-10-08T03:01:23.810Z","","","","","","","The HVAC page describes Basic, the one-user plan, as for solo Pros.","","","","unreviewed"
"housecall-pro","C27","plans","The HVAC package's Essentials and MAX tiers include maintenance memberships, equipment tracking, flat-rate pricing and replacement (sales) proposals.","true","https://www.housecallpro.com/industries/hvac-software/","Essentials and MAX include the sales proposal tool, membership plans, equipment tracking, and flat-rate pricing that HVAC businesses rely on.","2026-10-08T03:01:23.810Z","","","","","","","The HVAC software page states that Essentials and MAX include the sales proposal tool, membership plans, equipment tracking and flat-rate pricing.","","","","unreviewed"
"housecall-pro","C28","plans","Housecall Pro sells a plumbing-specific Plumbing Package, priced and packaged separately from the standard plans.","true","https://help.housecallpro.com/en/articles/15936858-plumbing-package-overview","The Plumbing Package is Housecall Pro built specifically for residential and light-commercial plumbing businesses.","2026-10-08T03:01:33.004Z","","","","","","","The help center describes the Plumbing Package with its own tiers and inclusions, and the plumbing page prices it differently from the standard plans (Essentials $299 per month for five users against $189 standard).","","","","unreviewed"
"housecall-pro","C29","plans","Housecall Pro offers a Mechanical Package.","true","https://www.housecallpro.com/llm-info/","Housecall Pro also offers a Mechanical Package with different pricing for HVAC, plumbing, and electrical contractors.","2026-10-08T03:01:37.639Z","","","","","","","The vendor's AI guidance page names a Mechanical Package with different pricing.","","","","unreviewed"
"housecall-pro","C30","plans","Housecall Pro's trade-focused packages include flat-rate price books and automated review requests.","true","https://www.housecallpro.com/industries/hvac-software/","Essentials and MAX include the sales proposal tool, membership plans, equipment tracking, and flat-rate pricing that HVAC businesses rely on.","2026-10-08T03:01:23.810Z","","","","","","","The HVAC package page lists flat-rate pricing in its Essentials and MAX tiers and automatic review requests among its CRM tools; the help center says each package includes everything in a standard plan, which includes review management.","","","","unreviewed"
"housecall-pro","C31","plans","Housecall Pro's trade-focused packages include postcard and email marketing tools.","unverifiable","","","","","","","","","","None of the package pages or the pricing page read in this study lists postcard or email marketing tools as a package inclusion.","","","","unreviewed"
"housecall-pro","C32","plans","The Plumbing Package includes membership plans (selling memberships on jobs and estimates) at Essentials and above.","true","https://help.housecallpro.com/en/articles/15936858-plumbing-package-overview","Selling Membership Plans on Jobs and Estimates (Essentials) Sell a membership plan right on any job or estimate with one signature and one payment.","2026-10-08T03:01:33.004Z","","","","","","","The Plumbing Package help article lists selling membership plans on jobs and estimates at the Essentials tier (and MAX).","","","","unreviewed"
"housecall-pro","C33","plans","The Plumbing Package includes price-book commissions at Essentials and above.","true","https://help.housecallpro.com/en/articles/15936858-plumbing-package-overview","Price Book Commissions (Essentials) Set commissions on individual price book line items so your techs are paid accurately for what they sell.","2026-10-08T03:01:33.004Z","","","","","","","The Plumbing Package help article lists price book commissions at the Essentials tier (and MAX).","","","","unreviewed"
"housecall-pro","C34","plans","The Plumbing Package includes a sales proposal tool at Essentials.","true","https://help.housecallpro.com/en/articles/15936858-plumbing-package-overview","Sales Proposal Tool (Essentials) Membership Plans (Essentials) Pipeline (MAX)","2026-10-08T03:01:33.004Z","","","","","","","The Plumbing Package help article lists the Sales Proposal Tool as included from Essentials.","","","","unreviewed"
"housecall-pro","C35","plans","The Plumbing Essentials package includes flat-rate pricing and equipment history.","true","https://www.housecallpro.com/industries/plumbing-software/","Equipment tracking Maintain a complete service and equipment history on each property. Flat-rate pricing Include profit margins in your service prices.","2026-10-08T03:01:24.393Z","","","","","","","The Essentials card on the plumbing page lists equipment tracking and flat-rate pricing.","","","","unreviewed"
"housecall-pro","C36","plans","The Plumbing Package includes plumbing dashboards.","true","https://help.housecallpro.com/en/articles/15936858-plumbing-package-overview","Plumbing KPI Dashboard (Basic) A KPI dashboard tailored to your business that shows revenue, jobs, team performance, and memberships at a glance.","2026-10-08T03:01:33.004Z","","","","","","","The Plumbing Package help article lists a Plumbing KPI Dashboard from the Basic tier.","","","","unreviewed"
"housecall-pro","C37","plans","The Essentials plan includes automated post-job review requests.","true","https://www.housecallpro.com/pricing/","Price book Keep your services up to date and accurately priced. Job costing Track and report the costs associated with each job. Review management Build online reputation with tools that make it easy to collect and share reviews.","2026-10-08T02:59:34.370Z","","","","","","","Review management is on the Basic card and Essentials includes all Basic features.","","","","unreviewed"
"housecall-pro","C38","plans","The Essentials plan includes email campaigns and customer follow-up tools.","unverifiable","","","","","","","","","","The pricing page's Essentials card does not list email campaigns or follow-up tools, and no page read places them in a plan.","","","","unreviewed"
"housecall-pro","C39","plans","Essentials and Max plans come with structured concierge onboarding taking about 3 to 5 business days.","unverifiable","","","","","","","","","","The pricing page lists a dedicated onboarding specialist on MAX only and states no onboarding service or duration for Essentials.","","","","unreviewed"
"housecall-pro","C40","plans","Every plan includes live chat and in-app support.","true","https://www.housecallpro.com/pricing/","Included in every Housecall Pro plan Live phone and chat support","2026-10-08T02:59:34.370Z","","","","","","","The pricing page lists live phone and chat support as included in every plan.","","","","unreviewed"
"housecall-pro","C41","free_tier","Housecall Pro offers a free trial.","true","https://www.housecallpro.com/pricing/","Try 14 days free. No credit card required. Cancel anytime.","2026-10-08T02:59:34.370Z","","","","","","","The pricing page offers a 14-day free trial.","","","","unreviewed"
"housecall-pro","C42","integrations","Housecall Pro integrates with QuickBooks.","true","https://www.housecallpro.com/pricing/","integrates with popular business tools such as QuickBooks, Google, and Thumbtack","2026-10-08T02:59:34.370Z","","","","","","","The pricing page FAQ says Housecall Pro integrates with QuickBooks, and the integrations page lists QuickBooks.","","","","unreviewed"
"housecall-pro","C43","integrations","The QuickBooks sync is two-way.","unverifiable","","","","","","","","","","The pages describe importing QuickBooks data into Housecall Pro and syncing invoice data to QuickBooks Desktop, but none states that the sync is two-way.","","","","unreviewed"
"housecall-pro","C44","integrations","Housecall Pro integrates with Profit Rhino (flat-rate price book).","true","https://www.housecallpro.com/integrations/","Profit Rhino Quickly and easily create flat rate option boards for customers on the fly, in the field, or from the office.","2026-10-08T03:01:28.917Z","","","","","","","The integrations page lists Profit Rhino.","","","","unreviewed"
"housecall-pro","C45","integrations","Housecall Pro integrates with Google Local Services Ads.","true","https://www.housecallpro.com/integrations/","Google Local Services Get booked directly from Google Business search results","2026-10-08T03:01:28.917Z","","","","","","","The integrations page lists Google Local Services.","","","","unreviewed"
"housecall-pro","C46","integrations","Housecall Pro integrates with Wisetack for consumer financing.","true","https://www.housecallpro.com/integrations/","Wisetack Close higher ticket deals by offering consumer financing","2026-10-08T03:01:28.917Z","","","","","","","The integrations page lists Wisetack for consumer financing.","","","","unreviewed"
"housecall-pro","C47","platforms","Housecall Pro has a mobile app (mobile-first, usable from a phone).","true","https://www.housecallpro.com/pricing/","Free mobile app for iOS and Android","2026-10-08T02:59:34.370Z","","","","","","","The pricing page lists a free mobile app for iOS and Android in every plan.","","","","unreviewed"
"housecall-pro","C48","product_names","Instapay is Housecall Pro's same-day payments product.","true","https://www.housecallpro.com/","Review Management Reporting Instapay Business Solutions","2026-10-08T02:59:29.817Z","","","","","","","The home page's feature list names Instapay as a Housecall Pro feature.","","","","unreviewed"
"housecall-pro","C49","product_names","Housecall Pro offers a module named AI Team.","true","https://www.housecallpro.com/pricing/","AI Team Custom AI support 24/7","2026-10-08T02:59:34.370Z","","","","","","","The site menu on the pricing page names AI Team as a Housecall Pro solution.","","","","unreviewed"
"housecall-pro","C50","plans","The Basic plan does not include marketing automation.","unverifiable","","","","","","","","","","The pricing page's Basic card does not list marketing automation, but no plan card on the pages read lists it either (Pipeline and Campaigns appear only as separate products), so the pages do not state which plan includes it.","","","","unreviewed"
"housecall-pro","C51","pricing","Payment processing fees are charged in addition to the plan price.","true","https://www.housecallpro.com/pricing/","A 1% fee is applied to bank payments, and card processing fees start at 2.59%.","2026-10-08T02:59:34.370Z","","","","","","","The pricing page FAQ states a 1% fee on bank payments and card processing fees starting at 2.59%.","","","","unreviewed"
"housecall-pro","C52","pricing","Card processing fees are 2.6% to 2.9%.","unverifiable","","","","","","","","","","The pricing page gives card processing fees starting at 2.59% (as low as) but publishes no upper rate, so the stated 2.6 to 2.9% range is not settled.","","","","unreviewed"
"housecall-pro","C53","free_tier","Housecall Pro offers a 14-day free trial.","true","https://www.housecallpro.com/pricing/","Try 14 days free. No credit card required. Cancel anytime.","2026-10-08T02:59:34.370Z","","","","","","","The pricing page offers a 14-day free trial.","","","","unreviewed"
"housecall-pro","C54","pricing","Some features are sold as paid add-ons on top of the plan price.","true","https://www.housecallpro.com/llm-info/","Some features are offered as paid add-ons depending on the plan, including Service Plans, Pipeline, and the Sales Proposal Tool.","2026-10-08T03:01:37.639Z","","","","","","","The vendor's AI guidance page states that some features are paid add-ons depending on the plan, and the pricing page FAQ says add-ons are optional extras.","","","","unreviewed"
"housecall-pro","C55","plans","The Plumbing Package brings together dispatching, flat-rate pricing, good/better/best proposals, memberships and job costing.","true","https://help.housecallpro.com/en/articles/15936858-plumbing-package-overview","Your package also bundles in tools that are normally paid add-ons: Sales Proposal Tool (Essentials) Membership Plans (Essentials)","2026-10-08T03:01:33.004Z","","","","","","","The Plumbing Package help article says the package includes everything in a standard plan (scheduling and dispatch and job costing from Basic, flat-rate pricing from Essentials) and bundles the Sales Proposal Tool and Membership Plans from Essentials.","","","","unreviewed"
"housecall-pro","C56","integrations","Housecall Pro integrates with Reece (supply house pricing).","unverifiable","","","","","","","","","","Reece is not named on the integrations page or in the AI guidance page's integration list read in this study; both lists are partial, so the claim is not settled.","","","","unreviewed"
"servicetitan","C01","pricing","Pricing is per technician.","true","https://www.servicetitan.com/pricing","Our per-technician pricing is designed to fit your business and goals, at any size.","2026-10-08T03:11:15.196Z","","","","","","","The pricing page states that ServiceTitan's package pricing is per technician.","","","","unreviewed"
"servicetitan","C02","pricing","Pricing is custom and quote-based; no dollar price is published.","true","https://www.servicetitan.com/pricing","Customizable Memberships Request Pricing Essentials Streamline your operations with industry-leading features.","2026-10-08T03:11:15.196Z","","","","","","","The pricing page lists the three packages with Request Pricing in place of any price and publishes no dollar amounts.","","","","unreviewed"
"servicetitan","C03","pricing","Pricing is about $259 per technician per month.","unverifiable","","","","","","","","","","The vendor publishes no dollar price for any package, so no figure can be checked against its pages.","","","","unreviewed"
"servicetitan","C04","pricing","Pricing ranges from $245 to $398 per technician per month depending on plan tier.","unverifiable","","","","","","","","","","The vendor publishes no dollar price for any package, so no figure can be checked against its pages.","","","","unreviewed"
"servicetitan","C05","pricing","Pricing is $245 to $500+ per technician per month.","unverifiable","","","","","","","","","","The vendor publishes no dollar price for any package, so no figure can be checked against its pages.","","","","unreviewed"
"servicetitan","C06","pricing","Pricing is about $250 to $500 per technician per month.","unverifiable","","","","","","","","","","The vendor publishes no dollar price for any package, so no figure can be checked against its pages.","","","","unreviewed"
"servicetitan","C07","pricing","Plans start from about $125 per month.","unverifiable","","","","","","","","","","The vendor publishes no dollar price for any package, so no starting price can be checked against its pages.","","","","unreviewed"
"servicetitan","C08","pricing","Pricing starts at about $398 per month.","unverifiable","","","","","","","","","","The vendor publishes no dollar price for any package, so no starting price can be checked against its pages.","","","","unreviewed"
"servicetitan","C09","pricing","Pricing is around $200 to $250+ per technician per month.","unverifiable","","","","","","","","","","The vendor publishes no dollar price for any package, so no figure can be checked against its pages.","","","","unreviewed"
"servicetitan","C10","pricing","Pricing is around $200 to $300+ per user or technician per month.","unverifiable","","","","","","","","","","The vendor publishes no dollar price for any package, so no figure can be checked against its pages.","","","","unreviewed"
"servicetitan","C11","pricing","Mid-market and advanced tiers cost $1,200+ per month.","unverifiable","","","","","","","","","","The vendor publishes no dollar price for any package, so no figure can be checked against its pages.","","","","unreviewed"
"servicetitan","C12","pricing","ServiceTitan costs hundreds of dollars per month.","unverifiable","","","","","","","","","","The vendor publishes no dollar price for any package, so no figure can be checked against its pages.","","","","unreviewed"
"servicetitan","C13","pricing","ServiceTitan charges implementation fees.","unverifiable","","","","","","","","","","None of the vendor's pages read in this study states whether implementation or onboarding is charged.","","","","unreviewed"
"servicetitan","C14","pricing","The one-time implementation fee is $5,000 to $50,000.","unverifiable","","","","","","","","","","The vendor's pages read in this study publish no implementation fee.","","","","unreviewed"
"servicetitan","C15","pricing","Extended training costs $2,000 to $5,000.","unverifiable","","","","","","","","","","The vendor's pages read in this study publish no training price.","","","","unreviewed"
"servicetitan","C16","pricing","Marketing Pro costs about $2,000+ per month.","unverifiable","","","","","","","","","","The Pro products page names Marketing Pro but publishes no price for it.","","","","unreviewed"
"servicetitan","C17","pricing","Pricing is per user (per seat).","unverifiable","","","","","","","","","","The pricing page states per-technician pricing; whether other users or seats are charged is not stated, so a per-user basis is neither confirmed nor contradicted.","","","","unreviewed"
"servicetitan","C18","pricing","ServiceTitan has minimum user requirements.","unverifiable","","","","","","","","","","None of the vendor's pages read in this study states a minimum number of users or technicians.","","","","unreviewed"
"servicetitan","C19","plans","ServiceTitan sells tiered packages (it publishes package names).","true","https://www.servicetitan.com/pricing","ServiceTitan Packages Our per-technician pricing is designed to fit your business and goals, at any size. Starter Get started with the must-have tools for your business.","2026-10-08T03:11:15.196Z","","","","","","","The pricing page publishes three named packages: Starter, Essentials and The Works.","","","","unreviewed"
"servicetitan","C20","plans","There are no public tiers.","unverifiable","","","","","","","","","","The pricing page publicly names three packages but publishes no price for any of them, so the line is right if tiers means price points and wrong if it means packages; the answer's own context (custom, quote-based pricing) does not settle which.","","","","unreviewed"
"servicetitan","C21","plans","The upper package (The Works) includes advanced reporting, configurable payroll, commission tracking and customizable memberships.","true","https://www.servicetitan.com/pricing","The Works Accelerate your growth with the full ServiceTitan suite. Dispatching Scheduling Call Booking Invoicing Pricebook Mobile Estimates Configurable Payroll Advanced Reporting Commission Tracking Customizable Memberships","2026-10-08T03:11:15.196Z","","","","","","","The pricing page lists The Works, the full suite, with configurable payroll, advanced reporting, commission tracking and customizable memberships; the text snapshot does not show which of these the lower packages omit.","","","","unreviewed"
"servicetitan","C22","plans","Features vary by package.","true","https://www.servicetitan.com/pricing","The Works Accelerate your growth with the full ServiceTitan suite. Dispatching Scheduling Call Booking Invoicing Pricebook Mobile Estimates Configurable Payroll Advanced Reporting Commission Tracking Customizable Memberships","2026-10-08T03:11:15.196Z","","","","","","","The packages are described differently (Starter with the must-have tools, The Works with the full suite and configurable payroll in place of payroll management).","","","","unreviewed"
"servicetitan","C23","plans","Pro products are add-ons bought beyond the base package, not part of it.","true","https://www.servicetitan.com/pricing","Upgrade to Pro Products","2026-10-08T03:11:15.196Z","","","","","","","The site presents Pro Products as an upgrade beyond the packages (Upgrade to Pro Products, Get more with Pro); the pages publish no Pro price, and Phones Pro itself is not named on the pages read.","","","","unreviewed"
"servicetitan","C24","ownership","ServiceTitan is publicly traded on Nasdaq under the ticker TTAN.","true","https://www.servicetitan.com/press","ServiceTitan (Nasdaq: TTAN), the software platform that powers the trades","2026-10-08T03:16:27.809Z","","","","","","","The vendor's press page identifies ServiceTitan as Nasdaq: TTAN in its releases.","","","","unreviewed"
"servicetitan","C25","integrations","ServiceTitan integrates with QuickBooks.","true","https://www.servicetitan.com/features/accounting/integrations","integration with QuickBooks Online automatically syncs transactions over in near-real time","2026-10-08T03:15:41.660Z","","","","","","","The accounting integrations page lists QuickBooks Online and QuickBooks Desktop integrations.","","","","unreviewed"
"servicetitan","C26","integrations","ServiceTitan integrates with Sage Intacct.","true","https://www.servicetitan.com/features/accounting/integrations","every franchise location in your Sage Intacct system","2026-10-08T03:15:41.660Z","","","","","","","The accounting integrations page lists a Sage Intacct integration.","","","","unreviewed"
"servicetitan","C27","platforms","ServiceTitan has a mobile app for technicians.","true","https://www.servicetitan.com/","Mobile App An app dedicated to technician success","2026-10-08T03:11:10.302Z","","","","","","","The home page lists a mobile app dedicated to technicians (Field Mobile App in the site menu).","","","","unreviewed"
"servicetitan","C28","product_names","Titan Intelligence is ServiceTitan's AI product.","true","https://www.servicetitan.com/features/titan-intelligence","Titan Intelligence (ti) is AI for the Trades","2026-10-08T03:15:50.887Z","","","","","","","The vendor's Titan Intelligence page names it as ServiceTitan's AI for the trades.","","","","unreviewed"
"servicetitan","C29","product_names","Enterprise Hub is ServiceTitan's multi-location management product.","true","https://www.servicetitan.com/enterprise/hub","ENTERPRISE HUB The ultimate solution for scaling & centrally managing multiple locations","2026-10-08T03:15:46.484Z","","","","","","","The vendor's Enterprise Hub page names the product for managing multiple locations.","","","","unreviewed"
"servicetitan","C30","product_names","Marketing Pro is a ServiceTitan Pro product.","true","https://www.servicetitan.com/pricing","Get more with Pro AI Virtual Agent Marketing Pro Contact Center Pro Pricebook Pro Fleet Pro Scheduling Pro Dispatch Pro Field Pro","2026-10-08T03:11:15.196Z","","","","","","","The site's product menu lists Marketing Pro among the Pro products.","","","","unreviewed"
"servicetitan","C31","product_names","Pricebook Pro is a ServiceTitan Pro product.","true","https://www.servicetitan.com/pricing","Get more with Pro AI Virtual Agent Marketing Pro Contact Center Pro Pricebook Pro Fleet Pro Scheduling Pro Dispatch Pro Field Pro","2026-10-08T03:11:15.196Z","","","","","","","The site's product menu lists Pricebook Pro among the Pro products.","","","","unreviewed"
"servicetitan","C32","product_names","Dispatch Pro is a ServiceTitan Pro product.","true","https://www.servicetitan.com/pricing","Get more with Pro AI Virtual Agent Marketing Pro Contact Center Pro Pricebook Pro Fleet Pro Scheduling Pro Dispatch Pro Field Pro","2026-10-08T03:11:15.196Z","","","","","","","The site's product menu lists Dispatch Pro among the Pro products.","","","","unreviewed"
"servicetitan","C33","product_names","Fleet Pro is a ServiceTitan Pro product.","true","https://www.servicetitan.com/pricing","Get more with Pro AI Virtual Agent Marketing Pro Contact Center Pro Pricebook Pro Fleet Pro Scheduling Pro Dispatch Pro Field Pro","2026-10-08T03:11:15.196Z","","","","","","","The site's product menu lists Fleet Pro among the Pro products.","","","","unreviewed"
"servicetitan","C34","product_names","Phones Pro is a ServiceTitan Pro product.","unverifiable","","","","","","","","","","The Pro products listed on the pages read (Marketing, Contact Center, Scheduling, Dispatch, Fleet, Field and Pricebook Pro) do not include Phones Pro, and no page read documents a rename, so the name is neither confirmed nor shown to be retired.","","","","unreviewed"
"servicetitan","C35","product_names","Titan Score is ServiceTitan's real-time KPI tracking feature.","unverifiable","","","","","","","","","","No page read in this study names Titan Score.","","","","unreviewed"
"servicetitan","C36","pricing","For five technicians the software fees come to about $1,225 to $1,990 per month.","unverifiable","","","","","","","","","","The vendor publishes no dollar price for any package, so the computed monthly cost cannot be checked against its pages.","","","","unreviewed"
"servicetitan","C37","pricing","ServiceTitan requires a 12-month minimum contract.","unverifiable","","","","","","","","","","None of the vendor's pages read in this study states a contract term or minimum commitment.","","","","unreviewed"
"servicetitan","C38","plans","Inventory management is an add-on.","unverifiable","","","","","","","","","","The site lists Purchasing & Inventory among its features, but no page read states whether it is part of a package or sold as an add-on.","","","","unreviewed"
"workiz","C01","pricing","Pricing is quote-based (custom, on request).","true","https://www.workiz.com/pricing-plans/","Standard Request pricing Pro Request pricing Ultimate Request pricing","2026-10-08T03:19:47.907Z","","","","","","","The pricing page shows Request pricing for each of the three plans and publishes no dollar price.","","","","unreviewed"
"workiz","C02","pricing","Pricing starts around $65 per month.","unverifiable","","","","","","","","","","The pricing page publishes no dollar price for any plan (each is Request pricing), so no starting price can be checked.","","","","unreviewed"
"workiz","C03","pricing","Pricing starts around $65 per user per month.","unverifiable","","","","","","","","","","The pricing page publishes no dollar price and no pricing unit for any plan.","","","","unreviewed"
"workiz","C04","pricing","Paid plans start from $225 per month.","unverifiable","","","","","","","","","","The pricing page publishes no dollar price for any plan (each is Request pricing), so no starting price can be checked.","","","","unreviewed"
"workiz","C05","pricing","Pricing is per user per month.","unverifiable","","","","","","","","","","The pricing page shows Request pricing for each plan and states no pricing unit.","","","","unreviewed"
"workiz","C06","pricing","Pricing is tiered (monthly plan tiers).","true","https://www.workiz.com/pricing-plans/","Standard Request pricing Pro Request pricing Ultimate Request pricing","2026-10-08T03:19:47.907Z","","","","","","","The pricing page offers three tiers: Standard, Pro and Ultimate.","","","","unreviewed"
"workiz","C07","free_tier","Workiz has a free plan (free tier, called Lite).","unverifiable","","","","","","","","","","The pricing page lists only Standard, Pro and Ultimate (all Request pricing) and a 7-day free trial; it names no free or Lite plan, but it does not explicitly say that none exists, so the claim is not settled.","","","","unreviewed"
"workiz","C08","free_tier","The free Lite plan allows up to 2 users.","unverifiable","","","","","","","","","","No page read in this study names a Lite plan or its user limit.","","","","unreviewed"
"workiz","C09","plans","The phone system and AI answering (Genius Phone, Genius Answering) are optional add-ons, not part of the plans.","true","https://www.workiz.com/pricing-plans/","Mobile application Genius Phone ( sold separately ) Integrated phone system","2026-10-08T03:19:47.907Z","","","","","","","The pricing page lists Genius Phone and Genius Answering as add-ons, each marked sold separately in the plan comparison.","","","","unreviewed"
"workiz","C10","plans","Inventory management and service plans are in the Ultimate plan.","true","https://www.workiz.com/pricing-plans/","Everything in Pro, plus: Service plans A total of 30 Automations Sales proposals Inventory management","2026-10-08T03:19:47.907Z","","","","","","","The Ultimate card adds service plans and inventory management to Pro, and the comparison table marks both as not included in Standard or Pro.","","","","unreviewed"
"workiz","C11","founding","Workiz was built (founded) by field service professionals.","true","https://www.workiz.com/about-us/","ABOUT US Built by and for field service professionals","2026-10-08T03:20:48.341Z","","","","","","","The about page says Workiz was built by and for field service professionals and that it began with locksmith pros in San Diego.","","","","unreviewed"
"workiz","C12","integrations","Workiz integrates with QuickBooks.","true","https://www.workiz.com/pricing-plans/","Workiz seamlessly integrates with QuickBooks Online, allowing for automatic synchronization of invoices, customers, and payments.","2026-10-08T03:19:47.907Z","","","","","","","The pricing page FAQ and the integrations page list a QuickBooks Online integration.","","","","unreviewed"
"workiz","C13","integrations","Workiz integrates with Zapier.","true","https://www.workiz.com/integrations/","Zapier Zapier automates your workflows across 5,000+ apps, so you can move forward faster.","2026-10-08T03:20:47.905Z","","","","","","","The integrations page lists Zapier.","","","","unreviewed"
"workiz","C14","integrations","Workiz integrates with Angi.","true","https://www.workiz.com/integrations/","Angi Leads Manage all your Angi leads and jobs in one place.","2026-10-08T03:20:47.905Z","","","","","","","The integrations page lists Angi Leads.","","","","unreviewed"
"workiz","C15","integrations","Workiz integrates with Thumbtack.","true","https://www.workiz.com/integrations/","Thumbtack Win more jobs with high quality leads landing straight into your inbox.","2026-10-08T03:20:47.905Z","","","","","","","The integrations page lists Thumbtack.","","","","unreviewed"
"workiz","C16","integrations","Workiz integrates with Google Local Services Ads.","unverifiable","","","","","","","","","","The integrations page lists Reserve with Google and Google Calendar but not Google Local Services Ads; the absence from the list is not an explicit statement that no such integration exists.","","","","unreviewed"
"workiz","C17","integrations","Workiz integrates with RingCentral for phone.","unverifiable","","","","","","","","","","The integrations page does not list RingCentral and no page read mentions it; the absence is not an explicit statement either way.","","","","unreviewed"
"workiz","C18","platforms","Workiz has a mobile app.","true","https://www.workiz.com/pricing-plans/","SEO report tool Mobile application Genius Phone ( sold separately )","2026-10-08T03:19:47.907Z","","","","","","","The plan comparison lists a mobile application, included in every plan.","","","","unreviewed"
"workiz","C19","product_names","Genius is the name of Workiz's AI product line.","true","https://www.workiz.com/pricing-plans/","GENIUS AI Discover the Genius add-ons","2026-10-08T03:19:47.907Z","","","","","","","The pricing page presents Genius AI add-ons (Genius Phone, Genius Answering, Genius Marketing).","","","","unreviewed"
"workiz","C20","product_names","Genius Answering is Workiz's AI call-answering product.","true","https://www.workiz.com/pricing-plans/","Add-ons Genius Answering Answer every call, email, and SMS instantly, 24/7 and never miss an opportunity again.","2026-10-08T03:19:47.907Z","","","","","","","The pricing page names Genius Answering as an add-on that answers calls.","","","","unreviewed"
"workiz","C21","product_names","Genius Phone is Workiz's phone product.","true","https://www.workiz.com/pricing-plans/","Add-ons Genius Phone Take your calls, emails, and texts in one place","2026-10-08T03:19:47.907Z","","","","","","","The pricing page names Genius Phone as an add-on.","","","","unreviewed"
"workiz","C22","product_names","Workiz Pay is Workiz's payment processing product.","true","https://www.workiz.com/","Collect payment Get paid on the spot, any way your customer pays. Workiz Pay","2026-10-08T03:19:43.064Z","","","","","","","The home page names Workiz Pay as the payment product.","","","","unreviewed"
"workiz","C23","pricing","Paid plans start at $187 per month with the Kickstart plan.","unverifiable","","","","","","","","","","The pricing page names only Standard, Pro and Ultimate, each with Request pricing; the vendor's own Jobber-alternatives blog gives an approximate annual starting price of $187 per month but no page names a Kickstart plan, so the claim as stated is not settled.","","","","unreviewed"
"workiz","C24","pricing","The Standard plan costs $229 per month.","unverifiable","","","","","","","","","","The pricing page shows Request pricing for Standard and publishes no dollar price for it.","","","","unreviewed"
"workiz","C25","pricing","The Pro plan costs $270 per month.","unverifiable","","","","","","","","","","The pricing page shows Request pricing for Pro and publishes no dollar price for it.","","","","unreviewed"
"workiz","C26","pricing","Each extra member on the Pro plan costs about $65 per month.","unverifiable","","","","","","","","","","The snapshot of the pricing page publishes no per-member or per-user price, so the figure cannot be checked.","","","","unreviewed"
"workiz","C27","free_tier","Workiz offers a 14-day free trial.","wrong","https://www.workiz.com/pricing-plans/","Workiz offers a 7 days free trial that allows you to explore all the features of the platform without any commitment.","2026-10-08T03:19:47.907Z","","","","","not found","","The pricing page FAQ states a 7-day free trial (the vendor's own blog also lists 7 days), which explicitly contradicts a 14-day trial on the same unit; none of the six cited pages read carries a 14-day Workiz trial (thedigitalprojectmanager.com was blocked).","","","","unreviewed"
"workiz","C28","plans","Online booking costs extra (it is not included in the plans).","wrong","https://www.workiz.com/pricing-plans/","Client service tools — Online Booking with optional checkout — Standard: Included","2026-10-08T03:19:47.907Z","","","","https://www.fieldpulse.com/resources/blog/workiz-alternatives","other","Essential tools like online booking, call tracking, and automation cost extra.","The pricing page's plan comparison marks Online Booking with optional checkout as included in Standard, Pro and Ultimate, outside the add-ons marked sold separately, which explicitly contradicts online booking costing extra; the cited FieldPulse (competitor) article carries the same sentence.","","","","unreviewed"
"workiz","C29","plans","Call tracking costs extra.","unverifiable","","","","","","","","","","The pricing page is inconsistent: its FAQ says a built-in phone system with call tracking comes with all plans, while the plan list marks Genius Phone (with ad tracking and call insights) as sold separately, so it does not settle whether call tracking costs extra.","","","","unreviewed"
"workiz","C30","plans","Automation costs extra.","unverifiable","","","","","","","","","","Every plan includes a set number of automations (5, 10 or 30), while Genius Marketing's automated campaigns and workflows are sold separately; the answer does not say which automation it means, so the page does not settle it.","","","","unreviewed"
"fieldpulse","C01","pricing","Pricing is custom (quote-based).","true","https://www.fieldpulse.com/pricing","FieldPulse is seat-based and pricing is built around what your team needs. Get a custom quote in one conversation.","2026-10-08T03:22:29.170Z","","","","","","","The pricing page publishes no price and offers a custom quote.","","","","unreviewed"
"fieldpulse","C02","pricing","Pricing is seat-based (per seat).","true","https://www.fieldpulse.com/pricing","FieldPulse is seat-based and pricing is built around what your team needs. Get a custom quote in one conversation.","2026-10-08T03:22:29.170Z","","","","","","","The pricing page states that FieldPulse is seat-based.","","","","unreviewed"
"fieldpulse","C03","pricing","Cheaper field-only logins can be added alongside full-access seats.","unverifiable","","","","","","","","","","The pricing page says pricing is seat-based but names no seat types or relative seat prices; its FAQ answers are not in the page text.","","","","unreviewed"
"fieldpulse","C04","pricing","Seats are purchased (committed) for a contract term.","unverifiable","","","","","","","","","","No page read in this study states a contract term or seat commitment; the pricing FAQ answers are not in the page text.","","","","unreviewed"
"fieldpulse","C05","plans","FieldPulse sells optional premium products on top of the core platform.","true","https://www.fieldpulse.com/pricing","They're optional, and our team will help you figure out which ones actually make sense for where your business is right now.","2026-10-08T03:22:29.170Z","","","","","","","The pricing page describes premium products beyond the core platform and says they are optional.","","","","unreviewed"
"fieldpulse","C06","plans","Fleet tracking is optional (a premium add-on).","true","https://www.fieldpulse.com/pricing","Engage Operator AI Chat AI Pricebook FieldPulse Payments FieldPulse Financing Fleet Tracking Custom Forms","2026-10-08T03:22:29.170Z","","","","","","","The pricing page lists Fleet Tracking among the premium products it describes as optional.","","","","unreviewed"
"fieldpulse","C07","pricing","Pricing is a flat rate (flat monthly) without per-user fees.","wrong","https://www.fieldpulse.com/pricing","FieldPulse is seat-based and pricing is built around what your team needs. Get a custom quote in one conversation.","2026-10-08T03:22:29.170Z","","","","","not found","","The pricing page states that FieldPulse pricing is seat-based, which contradicts a flat monthly price with no per-user (per-seat) fees; this is the same pricing basis compared.","","","","unreviewed"
"fieldpulse","C08","pricing","Pricing does not scale linearly per user on base tiers.","unverifiable","","","","","","","","","","The pricing page says pricing is seat-based but publishes no seat price, tiers or volume terms, so how cost scales with users is not stated.","","","","unreviewed"
"fieldpulse","C09","pricing","Pricing is variable, around $99+ per month.","unverifiable","","","","","","","","","","The vendor publishes no dollar price, so the figure cannot be checked against its pages.","","","","unreviewed"
"fieldpulse","C10","founding","FieldPulse was founded in 2015.","true","https://www.fieldpulse.com/ai-info-page","Founded in 2015 in Dallas, Texas, FieldPulse was built to simplify how trades businesses operate.","2026-10-08T03:23:29.923Z","","","","","","","The vendor's AI info page gives 2015 as the founding year, and the company page says established in 2015.","","","","unreviewed"
"fieldpulse","C11","headquarters","FieldPulse is based in Dallas, Texas.","true","https://www.fieldpulse.com/ai-info-page","Headquarters Dallas, Texas, United States","2026-10-08T03:23:29.923Z","","","","","","","The vendor's AI info page gives Dallas, Texas as headquarters, and the site footer gives a Dallas, TX address.","","","","unreviewed"
"fieldpulse","C12","integrations","FieldPulse integrates with QuickBooks.","true","https://www.fieldpulse.com/ai-info-page","QuickBooks Online | Accounting | Sync invoices, payments, and customer data in real time |","2026-10-08T03:23:29.923Z","","","","","","","The vendor's AI info page lists QuickBooks Online and QuickBooks Desktop integrations.","","","","unreviewed"
"fieldpulse","C13","integrations","The QuickBooks Online sync is two-way.","true","https://www.fieldpulse.com/articles/best-field-service-management-plumbing/","two-way sync keeps customers, line items, estimates, invoices, payments, and vendors aligned in both systems","2026-10-08T03:23:52.165Z","","","","","","","The vendor's own plumbing guide states that FieldPulse's QuickBooks Online sync is two-way.","","","","unreviewed"
"fieldpulse","C14","platforms","FieldPulse has a mobile app (mobile-first platform).","true","https://www.fieldpulse.com/ai-info-page","Cloud-based web & mobile apps with quick setup and onboarding","2026-10-08T03:23:29.923Z","","","","","","","The vendor's AI info page describes cloud-based web and mobile apps, including a mobile app for technicians.","","","","unreviewed"
"fieldpulse","C15","product_names","ClearPath is a FieldPulse product for guiding techs through job stages.","true","https://fieldpulse.com/","ClearPath by FieldPulse lets the office guide techs through every stage of a job","2026-10-08T03:22:23.826Z","","","","","","","The home page names ClearPath by FieldPulse as the product that guides techs through job stages.","","","","unreviewed"
"jobber","C01","pricing","The Core plan (the entry price) costs $29 per month billed annually, for one user.","true","https://www.getjobber.com/pricing/","Core 1 user For the pro who wants to build and grow their business on one easy-to-use platform. $49/mo $ 29 /mo Billed annually","2026-10-08T03:26:08.926Z","","","","","","","The pricing page (browser read) lists Core for one user at $29/mo billed annually, and the starting prices given without a billing basis match the same $29 entry price (page title: Plans Starting at $29/Month).","","","","unreviewed"
"jobber","C02","pricing","The Core plan costs $49 per month without a commitment (month-to-month), for one user.","true","https://www.getjobber.com/pricing/","Core 1 user For the pro who wants to build and grow their business on one easy-to-use platform. $49/mo $ 29 /mo Billed annually","2026-10-08T03:26:08.926Z","","","","","","","The pricing page (browser read) lists Core for one user at $49/mo beside the $29/mo billed-annually price, under a Monthly or Annual billing toggle, so $49 is the month-to-month price.","","","","unreviewed"
"jobber","C03","pricing","The Core plan starts at $39 per month.","wrong","https://www.getjobber.com/pricing/","Core 1 user For the pro who wants to build and grow their business on one easy-to-use platform. $49/mo $ 29 /mo Billed annually","2026-10-08T03:44:27.537Z","","","","https://www.fieldpulse.com/resources/blog/housecall-pro-vs-jobber","other","Core - $39/month for 1 user.","The pricing page (browser read) lists the one-user Core plan at $49/mo, or $29/mo billed annually; $39 matches neither billing basis for the same plan, and the page shows no dated price change.","","","","unreviewed"
"jobber","C04","pricing","The most useful features start at $119 per month.","unverifiable","","","","","","","","","","The claim names no plan, and the browser read of the pricing page captured only the one-user prices ($29, $99 and $149 billed annually; $49, $139 and $199 monthly), not team-size prices, so $119 is not explicitly contradicted like for like.","","","","unreviewed"
"jobber","C05","pricing","The Connect plan starts at $99 per month billed annually, for one user.","true","https://www.getjobber.com/pricing/","Connect 1 user For pros who want to automate tasks and turn repeat work into more 5-star visits. $139/mo $ 99 /mo Billed annually","2026-10-08T03:26:08.926Z","","","","","","","The pricing page (browser read) lists Connect for one user at $99/mo billed annually.","","","","unreviewed"
"jobber","C06","pricing","The Connect plan costs $139 per month without a commitment, for one user.","true","https://www.getjobber.com/pricing/","Connect 1 user For pros who want to automate tasks and turn repeat work into more 5-star visits. $139/mo $ 99 /mo Billed annually","2026-10-08T03:26:08.926Z","","","","","","","The pricing page (browser read) lists Connect for one user at $139/mo beside the $99/mo billed-annually price, under a Monthly or Annual billing toggle, so $139 is the month-to-month price.","","","","unreviewed"
"jobber","C07","pricing","The Connect plan for a team of five users costs $149 per month billed annually.","unverifiable","","","","","","","","","","The browser read of the pricing page captured only the one-user (Just me) prices; the five-user Connect price was not shown, so the pages read do not settle it.","","","","unreviewed"
"jobber","C08","pricing","The Connect plan for a team of five users costs $199 per month without a commitment.","unverifiable","","","","","","","","","","The browser read of the pricing page captured only the one-user (Just me) prices; the five-user Connect price was not shown, so the pages read do not settle it.","","","","unreviewed"
"jobber","C09","pricing","The Connect plan for 10 users costs $229 per month billed annually.","unverifiable","","","","","","","","","","The browser read of the pricing page captured only the one-user (Just me) prices; the 10-user Connect price was not shown, so the pages read do not settle it.","","","","unreviewed"
"jobber","C10","pricing","The Connect plan for 10 users costs $299 per month without a commitment.","unverifiable","","","","","","","","","","The browser read of the pricing page captured only the one-user (Just me) prices; the 10-user Connect price was not shown, so the pages read do not settle it.","","","","unreviewed"
"jobber","C11","pricing","The Grow plan's 15-user tier costs $399 per month billed annually.","unverifiable","","","","","","","","","","The browser read of the pricing page captured only the one-user (Just me) prices; the 15-user Grow price was not shown, so the pages read do not settle it.","","","","unreviewed"
"jobber","C12","pricing","The Grow plan's 15-user tier costs $499 per month without a commitment.","unverifiable","","","","","","","","","","The browser read of the pricing page captured only the one-user (Just me) prices; the 15-user Grow price was not shown, so the pages read do not settle it.","","","","unreviewed"
"jobber","C13","pricing","Pricing ranges from about $65 to about $267 per month (advanced growth tiers around $267).","wrong","https://www.getjobber.com/pricing/","Core 1 user For the pro who wants to build and grow their business on one easy-to-use platform. $49/mo $ 29 /mo Billed annually","2026-10-08T03:44:27.537Z","","","","","not found","","The answer gives $65 as the starting price, but the pricing page (browser read, title Plans Starting at $29/Month) lists the entry plan, Core for one user, at $49/mo or $29/mo billed annually, below $65 on either billing basis; the $267 upper end is not shown.","","","","unreviewed"
"jobber","C14","pricing","Jobber sells tiered plans (bundled feature tiers).","true","https://www.getjobber.com/pricing/","Grow 1 user For contractors who want to win bigger jobs and grow more profitably. $199/mo $ 149 /mo Billed annually Try Jobber For Free All Connect features, plus:","2026-10-08T03:26:08.926Z","","","","","","","The pricing page (browser read) lists three tiers, Core, Connect and Grow, each including the features of the tier below.","","","","unreviewed"
"jobber","C15","pricing","Jobber offers monthly billing with a one-year commitment, distinct from cancel-anytime monthly billing.","unverifiable","","","","","","","","","","The browser read of the pricing page shows only Monthly and Annual billing and the FAQ question on contract commitments without its answer, so the pages read do not settle a monthly billing option with a one-year commitment.","","","","unreviewed"
"jobber","C16","pricing","Jobber offers separate solo-user pricing for Connect.","true","https://www.getjobber.com/pricing/","Connect 1 user For pros who want to automate tasks and turn repeat work into more 5-star visits. $139/mo $ 99 /mo Billed annually","2026-10-08T03:26:08.926Z","","","","","","","The pricing page (browser read) prices plans by a team-size selector and, with Just me selected, lists Connect for one user at its own price.","","","","unreviewed"
"jobber","C17","plans","QuickBooks Online sync is not in Core; it requires Connect or a higher plan.","true","https://www.getjobber.com/pricing/","All Core features, plus: Send automated client reminders Collect payments automatically Standardize job documentation with checklists Automate quote and invoice follow-ups Sync with QuickBooks Online Track time and expenses","2026-10-08T03:26:08.926Z","","","","","","","The pricing page (browser read) lists Sync with QuickBooks Online among the features Connect adds to Core, not among Core's key features.","","","","unreviewed"
"jobber","C18","plans","Automated reminders and quote or invoice follow-ups (automation) require Connect or a higher plan.","true","https://www.getjobber.com/pricing/","All Core features, plus: Send automated client reminders Collect payments automatically Standardize job documentation with checklists Automate quote and invoice follow-ups Sync with QuickBooks Online Track time and expenses","2026-10-08T03:26:08.926Z","","","","","","","The pricing page (browser read) lists automated client reminders and automated quote and invoice follow-ups among the features Connect adds to Core, and Grow adds custom workflow automations.","","","","unreviewed"
"jobber","C19","plans","Checklists are in Connect, not Core.","true","https://www.getjobber.com/pricing/","All Core features, plus: Send automated client reminders Collect payments automatically Standardize job documentation with checklists Automate quote and invoice follow-ups Sync with QuickBooks Online Track time and expenses","2026-10-08T03:26:08.926Z","","","","","","","The pricing page (browser read) lists checklists among the features Connect adds to Core.","","","","unreviewed"
"jobber","C20","plans","Job costing requires the Grow plan or higher.","true","https://www.getjobber.com/pricing/","All Connect features, plus: Customize quotes with rich visuals and reviews Upsell services with optional line items Track time automatically Track profitability with job costing Connect with customers through two-way SMS Build custom workflow automations","2026-10-08T03:26:08.926Z","","","","","","","The pricing page (browser read) lists job costing among the features Grow adds to Connect.","","","","unreviewed"
"jobber","C21","plans","Two-way SMS requires the Grow plan or higher.","true","https://www.getjobber.com/pricing/","All Connect features, plus: Customize quotes with rich visuals and reviews Upsell services with optional line items Track time automatically Track profitability with job costing Connect with customers through two-way SMS Build custom workflow automations","2026-10-08T03:26:08.926Z","","","","","","","The pricing page (browser read) lists two-way SMS among the features Grow adds to Connect.","","","","unreviewed"
"jobber","C22","plans","Connect includes time and expense tracking.","true","https://www.getjobber.com/pricing/","All Core features, plus: Send automated client reminders Collect payments automatically Standardize job documentation with checklists Automate quote and invoice follow-ups Sync with QuickBooks Online Track time and expenses","2026-10-08T03:26:08.926Z","","","","","","","The pricing page (browser read) lists Track time and expenses among Connect's features.","","","","unreviewed"
"jobber","C23","plans","Grow adds advanced quoting.","true","https://www.getjobber.com/pricing/","All Connect features, plus: Customize quotes with rich visuals and reviews Upsell services with optional line items Track time automatically Track profitability with job costing Connect with customers through two-way SMS Build custom workflow automations","2026-10-08T03:26:08.926Z","","","","","","","The pricing page (browser read) lists quote customization with rich visuals and optional line items among the features Grow adds to Connect, which is the advanced quoting the answer names.","","","","unreviewed"
"jobber","C24","plans","Connect includes automatic payment collection.","true","https://www.getjobber.com/pricing/","All Core features, plus: Send automated client reminders Collect payments automatically Standardize job documentation with checklists Automate quote and invoice follow-ups Sync with QuickBooks Online Track time and expenses","2026-10-08T03:26:08.926Z","","","","","","","The pricing page (browser read) lists Collect payments automatically among Connect's features.","","","","unreviewed"
"jobber","C25","plans","The Core plan includes scheduling, quotes, invoices and online payments.","true","https://www.getjobber.com/pricing/","Key features: Book and schedule jobs online Send professional quotes Send invoices and receive online payments","2026-10-08T03:26:08.926Z","","","","","","","The pricing page (browser read) lists online booking and scheduling, quotes, invoices and online payments among Core's key features.","","","","unreviewed"
"jobber","C26","plans","The Core plan supports one user with unlimited quotes, jobs and invoices.","true","https://help.getjobber.com/en/articles/the-core-plan","The Core plan supports one user and an unlimited number of quotes, jobs, and invoices.","2026-10-08T03:26:19.949Z","","","","","","","The Core plan help article (browser read, updated 13 Aug 2026, before the capture date) states it word for word.","","","","unreviewed"
"jobber","C27","free_tier","Jobber offers a free trial.","true","https://www.getjobber.com/pricing/","Try Jobber for free now. Pick a plan later. Put Jobber to work for you. No credit card required.","2026-10-08T03:26:08.926Z","","","","","","","The pricing page (browser read) offers a free trial with no credit card required.","","","","unreviewed"
"jobber","C28","integrations","Jobber integrates with QuickBooks (QuickBooks Online sync).","true","https://www.getjobber.com/pricing/","All Core features, plus: Send automated client reminders Collect payments automatically Standardize job documentation with checklists Automate quote and invoice follow-ups Sync with QuickBooks Online Track time and expenses","2026-10-08T03:26:08.926Z","","","","","","","The pricing page (browser read) lists Sync with QuickBooks Online as a Connect feature.","","","","unreviewed"
"jobber","C29","platforms","Jobber has a mobile app (mobile tools).","true","https://www.getjobber.com/","4.8 13,861 App Store reviews 4.5 4,883 Google Play Reviews","2026-10-08T03:26:04.162Z","","","","","","","The home page (browser read) shows the Jobber app's App Store and Google Play review counts.","","","","unreviewed"
"jobber","C30","product_names","Client Hub is Jobber's customer portal for approving quotes and paying online.","true","https://help.getjobber.com/en/articles/the-core-plan","clients can use the form by logging into client hub","2026-10-08T03:26:19.949Z","","","","","","","The Core plan help article (browser read) names client hub as the place Jobber's clients log in, which settles the naming fact; the portal's functions are capability detail and are not coded.","","","","unreviewed"
"jobber","C31","product_names","Jobber Academy is Jobber's training resource with video tutorials for trade businesses.","true","https://www.getjobber.com/","Jobber Academy Expert advice, entrepreneur success stories, best practices, and tools to run smarter, more efficient service businesses.","2026-10-08T03:26:04.162Z","","","","","","","The home page (browser read) names Jobber Academy as Jobber's advice and best-practice resource for service businesses, which settles the naming fact; the video tutorial count is a feature detail and is not coded.","","","","unreviewed"
"jobber","C32","plans","Jobber has a Plus plan above Grow.","unverifiable","","","","","","","","","","The browser read of the pricing page captured only the one-user plans (Core, Connect, Grow); team-size plans were not shown, so the pages read neither show nor rule out a Plus plan.","","","","unreviewed"
"jobber","C33","pricing","Pricing ranges from $29 to $699 per month.","unverifiable","","","","","","","","","","The $29 lower end matches the published entry price, but the browser read of the pricing page captured only one-user prices (up to $199/mo), so the $699 upper end is not settled.","","","","unreviewed"
"cloudbeds","C01","pricing","Cloudbeds pricing is quote-based or custom (no public list price).","true","https://www.cloudbeds.com/pricing/","Cloudbeds Pricing Plans Flex Build your own tech stack Request a quote","2026-10-08T03:01:26.769Z","","","","","","","Every plan on the pricing page (Flex, One, Experience, Enterprise) carries Request a quote and no published price.","","","","unreviewed"
"cloudbeds","C02","pricing","Cloudbeds is priced as a subscription.","unverifiable","","","","","","","","","","The pages read describe quote-based plans but do not state the billing model as a subscription.","","","","unreviewed"
"cloudbeds","C03","pricing","Pricing starts at roughly $15 per room per month for the entry tier.","unverifiable","","","","","","","","","","The pricing page publishes no price for any plan (all are Request a quote), so a per-room figure cannot be checked.","","","","unreviewed"
"cloudbeds","C04","pricing","The entry tier costs roughly $15 to $17 per room per month.","unverifiable","","","","","","","","","","The pricing page publishes no price for any plan (all are Request a quote), so a per-room figure cannot be checked.","","","","unreviewed"
"cloudbeds","C05","pricing","Cloudbeds costs between $150 and $800 per month.","unverifiable","","","","","","","","","","The pricing page publishes no price for any plan, so a monthly range cannot be checked.","","","","unreviewed"
"cloudbeds","C06","pricing","Custom pricing is typically around $300 to $600+ per month.","unverifiable","","","","","","","","","","The pricing page publishes no price for any plan, so a typical monthly figure cannot be checked.","","","","unreviewed"
"cloudbeds","C07","plans","The One plan bundles the PMS, payments, channel manager and booking engine.","true","https://www.cloudbeds.com/pricing/","Everything in One Cloudbeds PMS, Cloudbeds Payments, Marketplace, Channel Manager, and Booking Engine.","2026-10-08T03:01:26.769Z","","","","","","","The pricing page defines One as Cloudbeds PMS, Cloudbeds Payments, Marketplace, Channel Manager and Booking Engine.","","","","unreviewed"
"cloudbeds","C08","plans","The Flex (entry) plan does not include Cloudbeds' own booking and distribution bundle; it is bring your own distribution.","true","https://www.cloudbeds.com/pricing/","Cloudbeds Pricing Plans Flex Build your own tech stack Request a quote Bring your own distribution Use your preferred CRS or channel manager partner.","2026-10-08T03:01:26.769Z","","","","","","","The pricing page lists Flex as bring your own distribution, while Cloudbeds Distribution, Channel Manager and Booking Engine are listed under One.","","","","unreviewed"
"cloudbeds","C09","plans","Flex is the entry-level plan.","true","https://www.cloudbeds.com/pricing/","Everything in Flex Cloudbeds PMS, Cloudbeds Payments, and Marketplace.","2026-10-08T03:01:26.769Z","","","","","","","Flex is the first plan on the pricing page and the One plan is described as Everything in Flex plus more, so Flex is the base tier.","","","","unreviewed"
"cloudbeds","C10","plans","Multi-property functionality is included across all Cloudbeds plans.","true","https://www.cloudbeds.com/pricing/","All of the core Cloudbeds features required to run your business are available with every plan, including, but not limited to, the Cloudbeds Property Management System, Multi-property, Payments","2026-10-08T03:01:26.769Z","","","","","","","The pricing page lists Multi-property among the features available with every plan.","","","","unreviewed"
"cloudbeds","C11","plans","The PMS, channel manager, booking engine and payments are bundled in a single subscription.","true","https://www.cloudbeds.com/pricing/","Everything in One Cloudbeds PMS, Cloudbeds Payments, Marketplace, Channel Manager, and Booking Engine.","2026-10-08T03:01:26.769Z","","","","","","","The One plan on the pricing page includes the PMS, Payments, Channel Manager and Booking Engine in one plan.","","","","unreviewed"
"cloudbeds","C12","plans","A premium support offering provides faster response times and phone support.","true","https://www.cloudbeds.com/pricing/","Premium Support Available for customers who want a faster response time and phone support.","2026-10-08T03:01:26.769Z","","","","","","","The pricing page lists Premium Support for customers who want a faster response time and phone support.","","","","unreviewed"
"cloudbeds","C13","product_names","Cloudbeds' distribution product (channel manager) is named Cloudbeds Distribution.","true","https://www.cloudbeds.com/pricing/","One The original unified platform Request a quote Cloudbeds Distribution included","2026-10-08T03:01:26.769Z","","","","","","","The pricing page names Cloudbeds Distribution as included in One, with the Channel Manager and Booking Engine listed under it.","","","","unreviewed"
"cloudbeds","C14","product_names","Cloudbeds' payments product is named Cloudbeds Payments.","true","https://www.cloudbeds.com/pricing/","Everything in Flex Cloudbeds PMS, Cloudbeds Payments, and Marketplace.","2026-10-08T03:01:26.769Z","","","","","","","The pricing page names the payments product Cloudbeds Payments.","","","","unreviewed"
"cloudbeds","C15","product_names","Cloudbeds' built-in channel manager is myallocator.","unverifiable","","","","","","","","","","The pages read call the product Cloudbeds Channel Manager and never mention myallocator or a dated rename, so neither a contradiction nor a documented change is available.","","","","unreviewed"
"cloudbeds","C16","product_names","Cloudbeds' built-in revenue management tool is named Pricing Intelligence Engine.","unverifiable","","","","","","","","","","The revenue management page names the product Cloudbeds RMS and the pricing page names a Revenue Intelligence add-on; neither mentions Pricing Intelligence Engine or a dated rename.","","","","unreviewed"
"cloudbeds","C17","product_names","Cloudbeds has a newer Groups and Events module, documented as a limited release.","true","https://myfrontdesk.cloudbeds.com/hc/en-us/articles/27279213107739-Groups-module-What-it-does-and-how-to-get-started","The Groups and Events module offers enhanced features including multi-property profiles, event-level billing, quotes, and rooming list management. It is currently in limited release.","2026-10-08T03:02:42.737Z","","","","","","","The vendor's help center Groups module article (blocked on the fetch, read once in a browser) says a newer version, the Groups and Events module, is available and is currently in limited release.","","","","unreviewed"
"cloudbeds","C18","product_names","Cloudbeds' AI forecasting model is named Signals.","true","https://www.cloudbeds.com/pricing/","Cloudbeds Signals Hospitality's first foundation AI model.","2026-10-08T03:01:26.769Z","","","","","","","The pricing page names Cloudbeds Signals as the vendor's AI model, and the home page says Revenue Intelligence is powered by Signals AI.","","","","unreviewed"
"cloudbeds","C19","product_names","Cloudbeds offers training through Cloudbeds University.","true","https://www.cloudbeds.com/pricing/","Cloudbeds University Training designed to minimize time and maximize engagement.","2026-10-08T03:01:26.769Z","","","","","","","The pricing page names Cloudbeds University as the vendor's training offering.","","","","unreviewed"
"cloudbeds","C20","integrations","Cloudbeds' channel manager connects to Booking.com.","true","https://www.cloudbeds.com/channel-manager/","Connect directly to 450+ global, regional, and niche OTAs — including Booking.com, Airbnb, Vrbo, and Expedia.","2026-10-08T03:02:32.256Z","","","","","","","The channel manager page names Booking.com among the connected OTAs.","","","","unreviewed"
"cloudbeds","C21","integrations","Cloudbeds' channel manager connects to Expedia.","true","https://www.cloudbeds.com/channel-manager/","Connect directly to 450+ global, regional, and niche OTAs — including Booking.com, Airbnb, Vrbo, and Expedia.","2026-10-08T03:02:32.256Z","","","","","","","The channel manager page names Expedia among the connected OTAs.","","","","unreviewed"
"cloudbeds","C22","integrations","Cloudbeds' channel manager connects to Airbnb.","true","https://www.cloudbeds.com/channel-manager/","Connect directly to 450+ global, regional, and niche OTAs — including Booking.com, Airbnb, Vrbo, and Expedia.","2026-10-08T03:02:32.256Z","","","","","","","The channel manager page names Airbnb among the connected OTAs.","","","","unreviewed"
"cloudbeds","C23","integrations","Cloudbeds connects to more than 300 OTAs or booking channels.","true","https://www.cloudbeds.com/property-management-system/","From expanding visibility across 300+ distribution channels to increasing direct bookings","2026-10-08T03:02:34.034Z","","","","","","","The PMS page states 300+ distribution channels and the channel manager page states 450+ OTAs, so 300+ is true as written (lower bound).","","","","unreviewed"
"cloudbeds","C24","integrations","Cloudbeds has 400+ integrations.","true","https://www.cloudbeds.com/pricing/","Cloudbeds connects with 400+ integration partners via API, so you can customize your setup without compromising simplicity.","2026-10-08T03:01:26.769Z","","","","","","","The pricing page states 400+ integration partners (the home page says 450+), so 400+ is true as written.","","","","unreviewed"
"cloudbeds","C25","integrations","Cloudbeds has about 190 integrations.","wrong","https://www.cloudbeds.com/","With 450+ integrations powered by our API, Cloudbeds gives you the freedom to extend your platform your way.","2026-10-08T03:02:08.181Z","","","","","not found","","Consistency check (pass 2): the home page states 450+ integrations, the same unit as the claim, and the pricing page 400+ integration partners, so about 190 clearly understates the published count; six cited pages were checked and none carried the 190 figure.","","","","unreviewed"
"cloudbeds","C26","customer_counts","Cloudbeds is used by properties in 150 countries.","true","https://www.cloudbeds.com/property-management-system/","Cloudbeds' hospitality management software is used by leading properties in 150 countries.","2026-10-08T03:02:34.034Z","","","","","","","The PMS page states the same figure, and the home page says 150+ countries.","","","","unreviewed"
"cloudbeds","C27","platforms","Cloudbeds is a cloud-based PMS.","true","https://www.cloudbeds.com/property-management-system/","Since Cloudbeds is cloud-based, you can check your daily operations remotely from anywhere in the world with an Internet connection","2026-10-08T03:02:34.034Z","","","","","","","The PMS page states that Cloudbeds is cloud-based.","","","","unreviewed"
"cloudbeds","C28","platforms","Cloudbeds has a mobile app.","true","https://www.cloudbeds.com/pricing/","Mobile App Everything you need to manage your property on-the-go.","2026-10-08T03:01:26.769Z","","","","","","","The pricing page lists a Mobile App among the features included with all plans.","","","","unreviewed"
"cloudbeds","C29","pricing","Cloudbeds costs $150 to $400 per month depending on room count and features.","unverifiable","","","","","","","","","","Added in pass 2 from a vendor sub-heading line; the pricing page publishes no price for any plan (all are Request a quote), so a monthly range cannot be checked.","","","","unreviewed"
"stayntouch","C01","pricing","Stayntouch pricing is quote-based or custom.","true","https://www.stayntouch.com/easier-pricing/","Bundled Product Suite Stayntouch 2.0 A complete tech suite to streamline operations, simplify payments, optimize distribution revenue, and enhance the guest experience. Request Pricing","2026-10-08T03:08:30.416Z","","","","","","","The pricing page lists the core PMS and the bundled suite with Request Pricing and no published price; the multi-property blog gives a custom quote for chain plans.","","","","unreviewed"
"stayntouch","C02","pricing","Stayntouch pricing runs around $800 per month.","unverifiable","","","","","","","","","","The pricing page publishes no price (Request Pricing only) and the multi-property blog gives only a custom quote for chain plans, so a monthly figure cannot be checked.","","","","unreviewed"
"stayntouch","C03","product_names","Stayntouch's training program is named Stayntouch Academy.","true","https://www.stayntouch.com/blog/best-independent-boutique-hotel-pms/","Stayntouch Academy delivers role-based, on-demand training tailored to each department.","2026-10-08T03:08:39.995Z","","","","","","","The vendor's own blog page names Stayntouch Academy as its training offering in the same words.","","","","unreviewed"
"stayntouch","C04","integrations","Stayntouch offers 1,400+ integrations at no extra cost.","true","https://www.stayntouch.com/","Seamless integration with over 1400 interfaces at no extra cost.","2026-10-08T03:08:15.865Z","","","","","","","The home page states over 1400 interfaces at no extra cost, and the cloud PMS page a library of 1400+ integrations.","","","","unreviewed"
"stayntouch","C05","integrations","Stayntouch integrates with SynXis.","true","https://www.stayntouch.com/integrations/","Central Reservation Systems Cubilis Dedge Amadeus /TravelClick iHotelier Staah Sabre /Synxis","2026-10-08T03:08:35.642Z","","","","","","","The integrations hub lists Sabre SynXis among its central reservation system integrations.","","","","unreviewed"
"stayntouch","C06","platforms","Stayntouch is a cloud-based (cloud-native) PMS.","true","https://www.stayntouch.com/cloud-pms/","Our cloud-native PMS, hosted on AWS, ensures superior performance, top-notch security, a scalable architecture, and 100% uptime.","2026-10-08T03:08:31.193Z","","","","","","","The cloud PMS page describes the product as a cloud-native PMS hosted on AWS.","","","","unreviewed"
"stayntouch","C07","platforms","Stayntouch is a mobile (mobile-optimized) PMS that staff can use on mobile devices away from the front desk.","true","https://www.stayntouch.com/cloud-pms/","Escape the front desk and meet your guests wherever they are on your property with a mobile optimized PMS.","2026-10-08T03:08:31.193Z","","","","","","","The cloud PMS page calls the product a mobile optimized PMS and says it gives staff mobile flexibility anywhere on property.","","","","unreviewed"
"stayntouch","C08","platforms","Staff can run Stayntouch on tablets.","true","https://www.stayntouch.com/blog/best-multi-property-hotel-pms/","Mobile-first tablet architecture is less suited for complex full-service resorts, casinos, and vacation homes","2026-10-08T03:57:56.844Z","","","","","","","Re-classed in pass 2: the vendor's own multi-property blog, read in pass 2, lists under Stayntouch's own cons a mobile-first tablet architecture, which settles that the product runs on tablets.","","","","unreviewed"
"stayntouch","C09","platforms","Stayntouch runs on the iPad.","unverifiable","","","","","","","","","","No page read names the iPad or iOS; the multi-property blog says tablet architecture without naming a device.","","","","unreviewed"
"little-hotelier","C01","pricing","The Basics plan charges a subscription plus a 1% booking-value fee.","true","https://www.littlehotelier.com/pricing/","Basics From $39 USD / month* +1% booking fee","2026-10-08T03:12:10.513Z","","","","","","","The pricing page (browser read) lists Basics at a monthly price plus a 1% booking fee; the home page says From $39 USD per month +1% booking value.","","","","unreviewed"
"little-hotelier","C02","pricing","Payment transaction fees apply in addition to the subscription.","true","https://www.littlehotelier.com/pricing/","There is no set up or subscription costs to access Little Hotelier Payments, however transaction fees apply.","2026-10-08T03:12:10.513Z","","","","","","","The pricing page (browser read) says transaction fees apply to Little Hotelier Payments.","","","","unreviewed"
"little-hotelier","C03","pricing","Little Hotelier pricing is custom (no public list price).","wrong","https://www.littlehotelier.com/pricing/","Basics From $39 USD / month* +1% booking fee","2026-10-08T03:46:56.818Z","","","","","not found","","The pricing page (browser read) publishes starting prices (Basics from $39 USD a month, Pro from $179 USD a month), which contradicts a Custom entry in a starting-price or pricing column; five cited pages were read and none calls Little Hotelier's pricing custom (a sixth is disallowed by robots.txt), so the cause is not found.","","","","unreviewed"
"little-hotelier","C04","pricing","Little Hotelier costs about $400 per month.","unverifiable","","","","","","","","","","The pricing page (browser read) gives only From prices (Basics $39, Pro $179 a month) that depend on the number of bookable rooms; a $400 monthly figure for an unstated property size is neither matched nor contradicted.","","","","unreviewed"
"little-hotelier","C05","plans","The Basics plan limits channel connections to five.","unverifiable","","","","","","","","","","The pricing page (browser read) lists Channel Manager under Basics and a Channels Plus add-on but states no limit on the number of channel connections.","","","","unreviewed"
"little-hotelier","C06","plans","The Basics plan is recommended for properties with 10 rooms or fewer.","unverifiable","","","","","","","","","","The pricing page (browser read) shows Basics as Recommended next to a bookable-rooms input, but the snapshot does not state a room threshold for the recommendation.","","","","unreviewed"
"little-hotelier","C07","plans","Phone support depends on the plan.","true","https://www.littlehotelier.com/pricing/","Not sure? Request a demo 24/7 phone, chat and email support","2026-10-08T03:12:10.513Z","","","","","","","The pricing page (browser read) lists 24/7 chat and email support for Basics and 24/7 phone, chat and email support for Pro, so phone support depends on the plan.","","","","unreviewed"
"little-hotelier","C08","plans","Front-desk, channel management, direct booking and mobile tools vary by plan.","unverifiable","","","","","","","","","","The pricing page (browser read) lists Channel Manager, Booking Engine, Calendar and Mobile App in Basics and everything in Basics in Pro, while extras such as Channels Plus, Hotel Metasearch and Website Builder vary by plan; the vague depending on the plan is neither clearly matched nor explicitly contradicted.","","","","unreviewed"
"little-hotelier","C09","free_tier","Little Hotelier offers a 30-day trial.","true","https://www.littlehotelier.com/","Try Little Hotelier FREE for 30 days.","2026-10-08T03:12:15.079Z","","","","","","","The home page (browser read) offers a free 30-day trial, as do the pricing and PMS pages.","","","","unreviewed"
"little-hotelier","C10","ownership","Little Hotelier is backed by or built by SiteMinder.","unverifiable","","","","","","","","","","The browser-read own pages say Little Hotelier is powered by SiteMinder (coded as C11) but none states that SiteMinder owns or built the product, so the corporate relationship is not settled.","","","","unreviewed"
"little-hotelier","C11","product_names","Little Hotelier is powered by SiteMinder (X by Y naming).","true","https://www.littlehotelier.com/","Welcome to Little Hotelier, powered by SiteMinder.","2026-10-08T03:12:15.079Z","","","","","","","The home page (browser read) names the product Little Hotelier, powered by SiteMinder.","","","","unreviewed"
"little-hotelier","C12","integrations","Little Hotelier's distribution runs on SiteMinder's distribution network.","true","https://www.littlehotelier.com/","Welcome to Little Hotelier, powered by SiteMinder. Combining powerful, global distribution technology with a perfectly-sized property management system.","2026-10-08T03:12:15.079Z","","","","","","","The home page (browser read) presents Little Hotelier as powered by SiteMinder, combining its global distribution technology with the PMS.","","","","unreviewed"
"little-hotelier","C13","integrations","Little Hotelier's channel manager connects to Booking.com.","true","https://www.littlehotelier.com/","Manage all your booking channels (e.g. Booking.com) and inventory in one place.","2026-10-08T03:12:15.079Z","","","","","","","The home page (browser read) names Booking.com as a channel managed in the Channel Manager.","","","","unreviewed"
"little-hotelier","C14","integrations","Little Hotelier's channel manager connects to Expedia.","unverifiable","","","","","","","","","","The browser-read own pages name Booking.com, Google Hotel Ads, Trivago and TripAdvisor and a count of 450+ channels, but never name Expedia.","","","","unreviewed"
"little-hotelier","C15","integrations","Little Hotelier's channel manager connects to Airbnb.","unverifiable","","","","","","","","","","The browser-read own pages name Booking.com, Google Hotel Ads, Trivago and TripAdvisor and a count of 450+ channels, but never name Airbnb.","","","","unreviewed"
"little-hotelier","C16","integrations","Little Hotelier connects to Google Hotel Ads.","true","https://www.littlehotelier.com/","Promote your property on Google Hotel Ads, Trivago and TripAdvisor","2026-10-08T03:12:15.079Z","","","","","","","The home page (browser read) names Google Hotel Ads as a channel reached through its Hotel Metasearch product (the pricing page lists it as a Basics add-on and in Pro); the claim was reworded in pass 2 from channel manager to the integration the answers state.","","","","unreviewed"
"little-hotelier","C17","integrations","Little Hotelier's channel manager connects to hundreds of booking sites.","true","https://www.littlehotelier.com/","Connect to any of our 450+ booking channels to maximise your occupancy.","2026-10-08T03:12:15.079Z","","","","","","","The home page (browser read) states 450+ booking channels, which is hundreds.","","","","unreviewed"
"little-hotelier","C18","platforms","Little Hotelier is a cloud-based PMS.","true","https://www.littlehotelier.com/property-management-system/","Modern cloud-based systems like Little Hotelier combine world-class distribution technology with operational tools perfectly sized for properties under 20 rooms.","2026-10-08T03:47:58.878Z","","","","","","","The PMS page (browser read) describes Little Hotelier as a cloud-based system.","","","","unreviewed"
"little-hotelier","C19","platforms","Little Hotelier has a mobile app (mobile access).","true","https://www.littlehotelier.com/property-management-system/","Manage your property on-the-go with our mobile app.","2026-10-08T03:47:58.878Z","","","","","","","The PMS page (browser read) offers a mobile app, and the pricing page lists Mobile App among the Basics features.","","","","unreviewed"
"little-hotelier","C20","integrations","Little Hotelier connects to more than 450 booking channels or OTAs.","true","https://www.littlehotelier.com/","Connect to any of our 450+ booking channels to maximise your occupancy.","2026-10-08T03:12:15.079Z","","","","","","","Added in pass 2 from vendor sub-heading lines; the home page (browser read) states 450+ booking channels, matching the figure.","","","","unreviewed"
"mews","C01","pricing","Mews pricing is quote-based (tailored per property).","true","https://www.mews.com/en/pricing","Pricing varies depending on your business, so our sales team will create a quote that reflects your property.","2026-10-08T03:15:34.752Z","","","","","","","The pricing page says the sales team creates a quote for each property and every plan carries Get pricing.","","","","unreviewed"
"mews","C02","pricing","Mews is priced as a subscription.","true","https://www.mews.com/en/pricing","Payment processing is charged separately from your Mews subscription.","2026-10-08T03:15:34.752Z","","","","","","","The pricing page FAQ refers to the customer's Mews subscription.","","","","unreviewed"
"mews","C03","pricing","Mews costs about $17 per room per month.","unverifiable","","","","","","","","","","The pricing page says pricing is per room and quoted per property, and the contract FAQ (browser read) describes a price per room without a figure, so the amount cannot be checked.","","","","unreviewed"
"mews","C04","pricing","The entry tier costs roughly $15 to $17 per room per month.","unverifiable","","","","","","","","","","The pricing page snapshot carries no price figure (pricing is quoted per property), so the range cannot be checked.","","","","unreviewed"
"mews","C05","pricing","Mews charges card-storage (tokenization), terminal and chargeback fees, documented in its contract FAQ.","true","https://help.mews.com/s/article/Mews-contract-FAQs","Card protection fees apply when the system securely stores card details Terminal fees apply when you use payment terminals Chargeback fees apply when a payment dispute is lost","2026-10-08T03:17:24.014Z","","","","","","","The contract FAQ help article (browser read) lists card protection fees for stored cards, terminal fees and chargeback fees, and also describes per-card tokenization fees.","","","","unreviewed"
"mews","C06","pricing","Marketplace add-ons cost extra beyond the Mews PMS core.","unverifiable","","","","","","","","","","The pricing page names Mews' own add-ons (POS, bookable services, Housekeeping, Automations) and the Portfolio help article ties unlimited Marketplace access to the Brand plan, but no page read says whether Marketplace integrations carry a charge.","","","","unreviewed"
"mews","C07","pricing","Mews Marketplace integrations are fee-free.","unverifiable","","","","","","","","","","No page read, including the browser-read contract FAQ, states whether Marketplace integrations are free or charged.","","","","unreviewed"
"mews","C08","plans","Mews offers Portfolio and Brand plans for hotel groups.","true","https://help.mews.com/s/article/Understanding-the-Portfolio-pricing-plan?language=en_US","If you are a hotel group, you can also upgrade to the Brand pricing plan for access to Mews Open API and unlimited Mews Marketplace.","2026-10-08T03:16:09.624Z","","","","","","","The Portfolio pricing plan help article (browser read) says the Portfolio plan is designed for hotel groups and that hotel groups can upgrade to the Brand pricing plan; the pricing page's Core, Pro and Enterprise tiers do not contradict it.","","","","unreviewed"
"mews","C09","plans","Open API access and unlimited Marketplace access are included in the Brand plan.","true","https://help.mews.com/s/article/Understanding-the-Portfolio-pricing-plan?language=en_US","If you are a hotel group, you can also upgrade to the Brand pricing plan for access to Mews Open API and unlimited Mews Marketplace.","2026-10-08T03:16:09.624Z","","","","","","","The Portfolio pricing plan help article (browser read) says the Brand pricing plan gives access to Mews Open API and unlimited Mews Marketplace.","","","","unreviewed"
"mews","C10","plans","API access and integration allowances depend on the plan.","true","https://help.mews.com/s/article/Understanding-the-Portfolio-pricing-plan?language=en_US","If you are a hotel group, you can also upgrade to the Brand pricing plan for access to Mews Open API and unlimited Mews Marketplace.","2026-10-08T03:16:09.624Z","","","","","","","The Portfolio pricing plan help article (browser read) makes Open API access and unlimited Marketplace access an upgrade from Portfolio to Brand, so both depend on the plan.","","","","unreviewed"
"mews","C11","plans","The Portfolio plan includes unified reservation and guest data, bulk rate changes, centralized policies and a multi-property booking engine.","unverifiable","","","","","","","","","","The Portfolio pricing plan help article (browser read) shows only section headings (PMS foundation, Mews Multi-Property, Advanced Guest Experience, Connectivity, Mews Analytics); the feature lists under them did not render as text, so these inclusions cannot be checked.","","","","unreviewed"
"mews","C12","plans","The Essentials plan includes automated payments, online check-in and kiosk functionality.","unverifiable","","","","","","","","","","The pricing page read on 8 Oct lists Mews Core, Mews Pro and Enterprise; the help center links an Essentials pricing plan article by title only, and no page read lists what Essentials includes.","","","","unreviewed"
"mews","C13","plans","The Advanced plan adds digital keys and automated SMS check-in reminders.","unverifiable","","","","","","","","","","The pricing page read on 8 Oct lists Mews Core, Mews Pro and Enterprise; the help center links an Essentials to Advanced upgrade article by title only, and no page read lists what Advanced adds.","","","","unreviewed"
"mews","C14","plans","The Enterprise plan includes Open API access and unlimited Marketplace integrations.","unverifiable","","","","","","","","","","The pricing page describes Enterprise only as a tailored setup for multi-brand groups without listing inclusions; the Portfolio help article ties Open API and unlimited Marketplace to the Brand plan, and no page equates Brand with Enterprise, so the claim is neither confirmed nor explicitly contradicted.","","","","unreviewed"
"mews","C15","plans","The Essentials plan includes the embedded channel manager.","unverifiable","","","","","","","","","","No page read lists what the Essentials plan includes; the channel manager help article describes Channel Manager Core and Pro plans without tying them to Essentials.","","","","unreviewed"
"mews","C16","plans","The Core channel manager covers three default OTAs (Booking.com, Expedia, Airbnb), and channel coverage differs by plan.","true","https://help.mews.com/s/article/Understanding-Mews-Channel-Manager","Mews Channel Manager Core includes your Mews direct booking engine plus three default online travel agency channels: Booking.com, Expedia, and Airbnb Hotels.","2026-10-08T03:50:09.634Z","","","","","","","The channel manager help article (browser read) says Core covers the direct booking engine plus Booking.com, Expedia and Airbnb Hotels, while Pro adds the SiteConnect catalogue of 400+ channels.","","","","unreviewed"
"mews","C17","plans","The Pro plan gives the channel manager access to 400+ channels (the full catalog).","true","https://www.mews.com/en/pricing","Channel manager Two-way sync across a full 400-channel distribution network.","2026-10-08T03:15:34.752Z","","","","","","","Under Mews Pro the pricing page lists a channel manager with a full 400-channel network, and the channel manager page says 400+ channels.","","","","unreviewed"
"mews","C18","plans","Bookable services (parking, coworking and similar) are an add-on that can be sold by the hour, day or month.","true","https://www.mews.com/en/pricing","Spaces and Amenities Manage and upsell bookable services like parking spots, coworking seats or bike hire. Turn underused resources into extra income Set pricing, rules and availability for every service Let guests book by the hour, the day or month","2026-10-08T03:15:34.752Z","","","","","","","The pricing page lists bookable services (Spaces and Amenities) among the add-ons and says guests can book by the hour, day or month; its FAQ confirms bookable services are add-ons.","","","","unreviewed"
"mews","C19","product_names","Mews' self check-in kiosk product is named Mews Kiosk.","true","https://www.mews.com/en/products/guest-self-check-in","Mews Kiosk redefines a convenient self check-in and out experience","2026-10-08T03:17:15.883Z","","","","","","","The guest check-in page names the kiosk product Mews Kiosk.","","","","unreviewed"
"mews","C20","product_names","Mews' payments product is named Mews Payments.","true","https://www.mews.com/en/products/payments","Mews Payments is a fully embedded payment gateway that uses automation to process transactions","2026-10-08T03:17:14.260Z","","","","","","","The payments page names the product Mews Payments.","","","","unreviewed"
"mews","C21","product_names","Mews' integrations marketplace is named Mews Marketplace.","true","https://www.mews.com/","It also connects to 1000+ integrations through the Mews Marketplace, so you can tailor your tech stack","2026-10-08T03:16:07.874Z","","","","","","","The home page names the integrations marketplace the Mews Marketplace.","","","","unreviewed"
"mews","C22","integrations","Mews' channel manager is powered by SiteMinder.","true","https://www.mews.com/en/products/mews-channel-manager","Powered by SiteMinder. Built into Mews. Manage 400+ channels from the operating system your property already runs on.","2026-10-08T03:16:35.597Z","","","","","","","The channel manager page presents Mews Channel Manager as powered by SiteMinder.","","","","unreviewed"
"mews","C23","integrations","Mews' channel manager connects to Booking.com.","true","https://www.mews.com/en/products/mews-channel-manager","OTA connections include Booking.com, Expedia and Airbnb for Hotels","2026-10-08T03:16:35.597Z","","","","","","","The channel manager page lists Booking.com among the OTA connections.","","","","unreviewed"
"mews","C24","integrations","Mews' channel manager connects to Expedia.","true","https://www.mews.com/en/products/mews-channel-manager","OTA connections include Booking.com, Expedia and Airbnb for Hotels","2026-10-08T03:16:35.597Z","","","","","","","The channel manager page lists Expedia among the OTA connections.","","","","unreviewed"
"mews","C25","integrations","Mews' channel manager connects to Airbnb (Airbnb for Hotels).","true","https://www.mews.com/en/products/mews-channel-manager","OTA connections include Booking.com, Expedia and Airbnb for Hotels","2026-10-08T03:16:35.597Z","","","","","","","The channel manager page lists Airbnb for Hotels among the OTA connections.","","","","unreviewed"
"mews","C26","integrations","Mews has 1,000+ integrations.","true","https://www.mews.com/en/pricing","With access to 1,000+ marketplace integrations and an open API, you can connect your existing tech stack rather than replace it all at once.","2026-10-08T03:15:34.752Z","","","","","","","The pricing page states 1,000+ marketplace integrations, and the home page 1000+.","","","","unreviewed"
"mews","C27","integrations","Mews has 335+ integrations.","true","https://www.mews.com/en/pricing","With access to 1,000+ marketplace integrations and an open API, you can connect your existing tech stack rather than replace it all at once.","2026-10-08T03:15:34.752Z","","","","","","","The vendor states 1,000+ integrations, so 335+ is true as written (lower bound, per the 8 Oct clarification), though it understates the published count.","","","","unreviewed"
"mews","C28","platforms","Mews is a cloud-based (cloud-native) PMS.","true","https://www.mews.com/en/products/property-management-system","Mews is cloud-native, secure and modern.","2026-10-08T03:17:07.442Z","","","","","","","The PMS page states that Mews is cloud-native, and the home page says everything runs in one cloud-native platform.","","","","unreviewed"
"mews","C29","platforms","Mews provides mobile operational tools for staff.","true","https://www.mews.com/en/products/property-management-system","Real-time mobile housekeeping app","2026-10-08T03:17:07.442Z","","","","","","","The PMS page lists a real-time mobile housekeeping app for staff.","","","","unreviewed"
"mews","C30","discontinued","Mews' POS app is closed to new users.","unverifiable","","","","","","","","","","The pricing page offers a Point of Sale add-on, the navigation lists both POS and ePOS and the Portfolio help article recommends Mews POS as an add-on, but no page read says which POS app, if any, is closed to new users.","","","","unreviewed"
"maestro-pms","C01","pricing","Maestro PMS has custom pricing.","unverifiable","","","","","","","","","","No page read publishes pricing or describes how it is set; the site offers demos only, and the press page's mention of flexible implementation plans and pricing does not state custom pricing.","","","","unreviewed"
"maestro-pms","C02","pricing","Maestro PMS has a $25,000 entry-level license fee.","unverifiable","","","","","","","","","","No page read states a license fee or any price.","","","","unreviewed"
"maestro-pms","C03","free_tier","Maestro PMS offers no free trial or freemium option.","unverifiable","","","","","","","","","","The pages read offer a free, no-commitment demo but say nothing about a trial or a free plan, so the absence is not settled.","","","","unreviewed"
"maestro-pms","C04","founding","Maestro has over 40 years of experience (in business more than 40 years).","true","https://www.maestropms.com/press-releases-hospitality-technology-best-hotel-pms-software.html","From Green Screens to The Cloud: Maestro PMS' Continued Commitment to Innovation Powers Success for Independents for More Than 40 Years","2026-10-08T03:20:51.640Z","","","","","","","The press page states more than 40 years, and the product page says over 43 years.","","","","unreviewed"
"maestro-pms","C05","founding","Maestro has been in the industry for over 43 years.","true","https://www.maestropms.com/hotel-pms-property-management-software-systems.html","For over 43 years Maestro's Diamond Plus Service has provided unparalleled 24/7 North American-based support and education services","2026-10-08T03:20:39.076Z","","","","","","","The product page states over 43 years of Maestro service.","","","","unreviewed"
"maestro-pms","C06","product_names","Maestro's hosted offering is named the Maestro Cloud Platform.","unverifiable","","","","","","","","","","The deployment page names Maestro Windows, Maestro Web and Maestro's Cloud Services, not a Maestro Cloud Platform; no page read uses or rules out that name, so it is unsettled.","","","","unreviewed"
"maestro-pms","C07","product_names","Maestro's tablet front-desk module is named Maestro Touch.","true","https://www.maestropms.com/mobile-contact-free-staff-operations.html","FEATURES Maestro Touch Digital Registration Card Mobile Housekeeping","2026-10-08T03:20:43.124Z","","","","","","","The mobile staff operations page, which describes smartphone and tablet friendly apps, lists Maestro Touch as a feature.","","","","unreviewed"
"maestro-pms","C08","certifications","Maestro PMS is PCI certified.","true","https://www.maestropms.com/hotel-pms-property-management-software-systems.html","Maestro's PCI certified and EMV ready enterprise system offers a Web browser version (or Windows)","2026-10-08T03:20:39.076Z","","","","","","","The product page calls the system PCI certified.","","","","unreviewed"
"maestro-pms","C09","certifications","Maestro PMS is EMV ready.","true","https://www.maestropms.com/hotel-pms-property-management-software-systems.html","Maestro's PCI certified and EMV ready enterprise system offers a Web browser version (or Windows)","2026-10-08T03:20:39.076Z","","","","","","","The product page calls the system EMV ready.","","","","unreviewed"
"maestro-pms","C10","integrations","Maestro PMS has about 89 verified integrations.","unverifiable","","","","","","","","","","The vendor publishes over 800 vendor integrations, while the answer reports a count of verified integrations, a third-party measure the vendor does not publish; not like with like, so unsettled.","","","","unreviewed"
"maestro-pms","C11","platforms","Maestro PMS can be deployed in the cloud (cloud hosted).","true","https://www.maestropms.com/hotel-pms-property-management-software-systems.html","The Maestro Property Management System delivers flexible and scalable deployment options with an identical full-featured web browser or windows solution available hosted in the cloud, on premise, self hosted or in your own private cloud.","2026-10-08T03:20:39.076Z","","","","","","","The product page lists cloud hosting among the deployment options, and the deployment page names Maestro's Cloud Services.","","","","unreviewed"
"maestro-pms","C12","platforms","Maestro PMS can be deployed on-premise.","true","https://www.maestropms.com/hotel-pms-property-management-software-systems.html","The Maestro Property Management System delivers flexible and scalable deployment options with an identical full-featured web browser or windows solution available hosted in the cloud, on premise, self hosted or in your own private cloud.","2026-10-08T03:20:39.076Z","","","","","","","The product page lists on premise among the deployment options, and the deployment page details on-premise installs.","","","","unreviewed"
"maestro-pms","C13","platforms","Maestro PMS can be hosted in a private cloud.","true","https://www.maestropms.com/hotel-pms-property-management-software-systems.html","The Maestro Property Management System delivers flexible and scalable deployment options with an identical full-featured web browser or windows solution available hosted in the cloud, on premise, self hosted or in your own private cloud.","2026-10-08T03:20:39.076Z","","","","","","","The product page lists your own private cloud among the deployment options.","","","","unreviewed"
"maestro-pms","C14","platforms","Maestro PMS runs in a web browser.","true","https://www.maestropms.com/hotel-pms-property-management-software-systems.html","Maestro's PCI certified and EMV ready enterprise system offers a Web browser version (or Windows)","2026-10-08T03:20:39.076Z","","","","","","","The product page states a web browser version is offered.","","","","unreviewed"
"maestro-pms","C15","platforms","Maestro PMS runs as a Windows application.","true","https://www.maestropms.com/hotel-pms-property-management-software-systems.html","Maestro's PCI certified and EMV ready enterprise system offers a Web browser version (or Windows)","2026-10-08T03:20:39.076Z","","","","","","","The product page offers a Windows version, and the deployment page names Maestro Windows client/server installs.","","","","unreviewed"
"maestro-pms","C16","platforms","Maestro PMS includes mobile (and contactless) apps.","true","https://www.maestropms.com/hotel-pms-property-management-software-systems.html","complete with 20+ integrated modules on a single database including mobile and contactless apps to support staff operations","2026-10-08T03:20:39.076Z","","","","","","","The product page states the system includes mobile and contactless apps.","","","","unreviewed"
"maestro-pms","C17","platforms","Maestro PMS runs on tablets (staff check-in and check-out on mobile devices).","true","https://www.maestropms.com/mobile-contact-free-staff-operations.html","Smartphone and tablet friendly apps designed to improve guest service and efficiencies for the operations team on the go.","2026-10-08T03:20:43.124Z","","","","","","","The mobile staff operations page describes smartphone and tablet friendly apps for staff.","","","","unreviewed"
"applied-systems","C01","pricing","Applied Epic costs about $10,000 to $25,000 or more per year.","unverifiable","","","","","","","","","","No Applied page read in this study publishes a price for Applied Epic; the product page offers contact with sales and states no amount.","","","","unreviewed"
"applied-systems","C02","pricing","Applied Epic costs about $200 or more per user per month.","unverifiable","","","","","","","","","","No Applied page read in this study publishes a per-user price for Applied Epic.","","","","unreviewed"
"applied-systems","C03","pricing","Applied Epic costs about $200 to $400 or more per user per month, plus implementation costs.","unverifiable","","","","","","","","","","No Applied page read in this study publishes a per-user price or implementation cost for Applied Epic.","","","","unreviewed"
"applied-systems","C04","pricing","Applied Epic starts at about $150 to $200 or more per user per month.","unverifiable","","","","","","","","","","No Applied page read in this study publishes a starting price for Applied Epic.","","","","unreviewed"
"applied-systems","C05","pricing","Applied Epic starts at about $500 per month.","unverifiable","","","","","","","","","","No Applied page read in this study publishes a starting price for Applied Epic.","","","","unreviewed"
"applied-systems","C06","pricing","Applied Epic pricing starts in the range of $500 to $1,000.","unverifiable","","","","","","","","","","No Applied page read in this study publishes a starting price for Applied Epic.","","","","unreviewed"
"applied-systems","C07","pricing","Applied Epic setup or implementation fees run about $10,000 to $25,000 or more.","unverifiable","","","","","","","","","","No Applied page read in this study states setup or implementation fees for Applied Epic.","","","","unreviewed"
"applied-systems","C08","pricing","Applied Epic requires an upfront setup cost of $10,000 or more.","unverifiable","","","","","","","","","","No Applied page read in this study states setup or implementation fees for Applied Epic.","","","","unreviewed"
"applied-systems","C09","pricing","Applied Epic is priced by custom quote; Applied publishes no price for it.","unverifiable","","","","","","","","","","The Applied Epic page read in this study shows no price and offers contact with sales, but no page read states how Epic is priced, so the claim is not settled by a quotable fact.","","","","unreviewed"
"applied-systems","C10","pricing","Applied Epic is priced by subscription that varies with the number of users (agency size) and the modules selected.","unverifiable","","","","","","","","","","No Applied page read in this study states the price basis for Applied Epic.","","","","unreviewed"
"applied-systems","C11","pricing","Applied Epic charges extra fees for data or API access.","unverifiable","","","","","","","","","","The Applied pages read in this study mention APIs and integrations but state no fees for data or API access.","","","","unreviewed"
"applied-systems","C12","pricing","Applied Epic comes with long, multi-year contracts.","unverifiable","","","","","","","","","","No Applied page read in this study states contract terms for Applied Epic.","","","","unreviewed"
"applied-systems","C13","ownership","Applied Systems owns EZLynx (EZLynx is an Applied Systems product).","true","https://www1.appliedsystems.com/en-us/news/press-releases/2021/","Applied Systems Completes Acquisition of EZLynx March 09, 2021","2026-10-08T03:04:30.130Z","","","","","","","Applied's 2021 press release list records that Applied Systems completed its acquisition of EZLynx, and Applied's all-products page presents EZLynx Management System as one of its two agency management systems.","","","","unreviewed"
"applied-systems","C14","product_names","Applied Epic is a product of Applied Systems (Applied Epic by Applied Systems).","true","https://www1.appliedsystems.com/en-us/solutions/for-agents/all-products/","We have two browser-based agency management system (AMS) options that fit the bill. Both platforms are built on open, scalable architecture that supports the integration of Applied and third-party solutions. Applied Epic","2026-10-08T03:03:59.090Z","","","","","","","Applied Systems' all-products page presents Applied Epic as the first of its own two agency management systems (the other is EZLynx Management System).","","","","unreviewed"
"applied-systems","C15","acquisitions","Applied Systems acquired EZLynx in March 2021.","true","https://www1.appliedsystems.com/en-us/news/press-releases/2021/","Applied Systems Completes Acquisition of EZLynx March 09, 2021","2026-10-08T03:04:30.130Z","","","","","","","Applied's 2021 press release list dates the completed acquisition of EZLynx to 9 March 2021 (the deal was announced on 14 January 2021).","","","","unreviewed"
"applied-systems","C16","integrations","Applied Epic integrates with Indio (application and submission management).","true","https://www1.appliedsystems.com/en-us/solutions/for-agents/all-products/","Intelligent activity tracking keeps agents informed of any changes clients make and all data syncs back to Applied Epic to ensure information is accurate and up to date.","2026-10-08T03:03:59.090Z","","","","","","","Applied's all-products page describes Indio as its application and submission platform whose data syncs back to Applied Epic.","","","","unreviewed"
"applied-systems","C17","integrations","Applied Epic connects with Employee Navigator.","true","https://www1.appliedsystems.com/en-us/solutions/for-agents/all-products/","Applied Benefits Designer and Applied Epic also integrate with Employee Navigator to fully digitize the quote-to-enrollment process.","2026-10-08T03:03:59.090Z","","","","","","","Applied's all-products page states that Applied Epic integrates with Employee Navigator.","","","","unreviewed"
"applied-systems","C18","platforms","Applied Epic is cloud-based (hosted by Applied).","true","https://www1.appliedsystems.com/en-us/solutions/for-agents/agency-management-system/applied-epic","Let our easy-to-use, all-in-one cloud-based management system be the foundation on which you build your growing insurance agency.","2026-10-08T03:03:24.326Z","","","","","","","The Applied Epic page calls it a cloud-based, browser-native management system.","","","","unreviewed"
"ezlynx","C01","ownership","EZLynx is owned by Applied Systems (an Applied Systems product).","true","https://www.ezlynx.com/why-ezlynx/pricing","Copyright © 2026 Applied Systems Inc. All Rights Reserved","2026-10-08T03:09:00.001Z","","","","","","","Every EZLynx page read carries an Applied Systems Inc. copyright line, and the payments page sells Applied Pay as EZLynx's own integration; this matches the claim that Applied Systems owns EZLynx.","","","","unreviewed"
"ezlynx","C02","acquisitions","Applied Systems acquired EZLynx in March 2021.","unverifiable","","","","","","","","","","No EZLynx page read in this study dates the acquisition; Applied's own 2021 press list (read for the Applied Systems file, not an EZLynx page) records it on 9 March 2021.","","","","unreviewed"
"ezlynx","C03","pricing","EZLynx pricing depends on the number of users and the products or features selected; there is no single flat price.","true","https://www.ezlynx.com/why-ezlynx/pricing","EZLynx pricing is based on the number of users at your agency and the products you need, so there’s no single flat rate.","2026-10-08T03:09:00.001Z","","","","","","","The pricing page states that price depends on users and products and that there is no single flat rate.","","","","unreviewed"
"ezlynx","C04","pricing","EZLynx is priced by custom quote rather than a published price list.","true","https://www.ezlynx.com/why-ezlynx/pricing","To get a price tailored to your agency, reach out to us and we can talk through the best options.","2026-10-08T03:09:00.001Z","","","","","","","The pricing page publishes no prices and directs agencies to contact EZLynx for a tailored price.","","","","unreviewed"
"ezlynx","C05","pricing","EZLynx pricing is tiered (tiered packages).","unverifiable","","","","","","","","","","The pricing page says pricing is tailored to users and products but neither names nor rules out tiers or packages.","","","","unreviewed"
"ezlynx","C06","pricing","EZLynx is sold as a monthly subscription.","unverifiable","","","","","","","","","","No EZLynx page read in this study states the billing term or that EZLynx is a subscription.","","","","unreviewed"
"ezlynx","C07","pricing","EZLynx bundles its rater, policy management and client portal in a single flat fee.","wrong","https://www.ezlynx.com/why-ezlynx/pricing","EZLynx pricing is based on the number of users at your agency and the products you need, so there’s no single flat rate.","2026-10-08T03:09:00.001Z","","","","","not found","","The pricing page states there is no single flat rate because price depends on users and products, which contradicts a single flat fee for the bundle (the same pricing structure, so like with like); the two readable cited pages (agencymate.com, quicksilversystems.com) do not carry the statement and the Reddit threads are disallowed by robots.txt.","","","","unreviewed"
"ezlynx","C08","pricing","EZLynx costs under $2,400 a year for a small agency.","unverifiable","","","","","","","","","","EZLynx publishes no price on the pages read; prices are quoted per agency.","","","","unreviewed"
"ezlynx","C09","pricing","EZLynx starts at about $350 per month.","unverifiable","","","","","","","","","","EZLynx publishes no starting price on the pages read.","","","","unreviewed"
"ezlynx","C10","pricing","EZLynx core platforms start in the low $300s per month.","unverifiable","","","","","","","","","","EZLynx publishes no starting price on the pages read.","","","","unreviewed"
"ezlynx","C11","pricing","EZLynx implementation fees run about $1,000 to $5,000.","unverifiable","","","","","","","","","","No EZLynx page read in this study states implementation fees.","","","","unreviewed"
"ezlynx","C12","pricing","EZLynx costs about $400 or more per month as a base price.","unverifiable","","","","","","","","","","EZLynx publishes no price on the pages read.","","","","unreviewed"
"ezlynx","C13","pricing","EZLynx costs about $200 to $600 or more per month.","unverifiable","","","","","","","","","","EZLynx publishes no price on the pages read.","","","","unreviewed"
"ezlynx","C14","pricing","EZLynx starts at $150 per month for small agencies.","unverifiable","","","","","","","","","","EZLynx publishes no starting price on the pages read.","","","","unreviewed"
"ezlynx","C15","pricing","EZLynx costs about $150 to $300 per user per month.","unverifiable","","","","","","","","","","EZLynx publishes no per-user price on the pages read.","","","","unreviewed"
"ezlynx","C16","pricing","EZLynx starts at about $150 per user per month.","unverifiable","","","","","","","","","","EZLynx publishes no per-user price on the pages read.","","","","unreviewed"
"ezlynx","C17","pricing","EZLynx costs about $150 to $1,100 or more per month depending on modules.","unverifiable","","","","","","","","","","EZLynx publishes no price on the pages read.","","","","unreviewed"
"ezlynx","C18","pricing","EZLynx costs $60 to $120 per user per month.","unverifiable","","","","","","","","","","EZLynx publishes no per-user price on the pages read.","","","","unreviewed"
"ezlynx","C19","pricing","EZLynx rating alone starts at about $129 per month.","unverifiable","","","","","","","","","","EZLynx publishes no price for the rater on the pages read.","","","","unreviewed"
"ezlynx","C20","pricing","Most agencies spend $178 to $376 per month on EZLynx modules.","unverifiable","","","","","","","","","","EZLynx publishes no module prices on the pages read.","","","","unreviewed"
"ezlynx","C21","pricing","Fuller EZLynx packages (life, health and add-ons) cost about $463 to $1,171 per month.","unverifiable","","","","","","","","","","EZLynx publishes no package prices on the pages read.","","","","unreviewed"
"ezlynx","C22","pricing","EZLynx charges carrier-specific rate fees on some carriers in its rater.","unverifiable","","","","","","","","","","No EZLynx page read in this study mentions per-carrier rating fees.","","","","unreviewed"
"ezlynx","C23","pricing","EZLynx starts at around the low hundreds of dollars per month.","unverifiable","","","","","","","","","","EZLynx publishes no starting price on the pages read.","","","","unreviewed"
"ezlynx","C24","customer_counts","EZLynx has been adopted by over 37,000 agencies.","true","https://www.ezlynx.com/company/","37,000+ Agencies","2026-10-08T03:09:24.358Z","","","","","","","The company page's Quick Look gives 37,000+ agencies.","","","","unreviewed"
"ezlynx","C25","customer_counts","EZLynx's comparative rater is used by 38,000 agencies.","unverifiable","","","","","","","","","","The pages give 37,000+ agencies for EZLynx and 129,000+ users for the Rating Engine but no agency count of 38,000 for the rater; 38,000 is not contradicted by 37,000+.","","","","unreviewed"
"ezlynx","C26","customer_counts","EZLynx serves over 20,000 independent agencies.","true","https://www.ezlynx.com/company/","37,000+ Agencies","2026-10-08T03:09:24.358Z","","","","","","","The company page gives 37,000+ agencies, so more than 20,000 is true as written (a lower bound).","","","","unreviewed"
"ezlynx","C27","integrations","EZLynx connects to over 330 carriers (across 48 states).","true","https://www.ezlynx.com/products/rating-engine","330+ Industry-leading carriers across 48 U.S. states","2026-10-08T03:09:29.043Z","","","","","","","The Rating Engine page gives 330+ carriers across 48 states; the home page says over 330.","","","","unreviewed"
"ezlynx","C28","integrations","EZLynx connects to over 300 carriers.","true","https://www.ezlynx.com/products/rating-engine","330+ Industry-leading carriers across 48 U.S. states","2026-10-08T03:09:29.043Z","","","","","","","The Rating Engine page gives 330+ carriers, so over 300 is true as written (a lower bound); the carrier count on the page is for the personal lines rater, which three answers describe as multi-line rating.","","","","unreviewed"
"ezlynx","C29","integrations","EZLynx connects to over 350 carriers.","unverifiable","","","","","","","","","","The pages give 330 and 330+ carriers; they neither state nor rule out 350+.","","","","unreviewed"
"ezlynx","C30","integrations","EZLynx connects to 330 to 350+ carriers.","true","https://www.ezlynx.com/products/rating-engine","330+ Industry-leading carriers across 48 U.S. states","2026-10-08T03:09:29.043Z","","","","","","","The published 330+ carriers falls inside the stated range.","","","","unreviewed"
"ezlynx","C31","integrations","EZLynx quotes across hundreds of carriers.","true","https://www.ezlynx.com/products/rating-engine","Enter applicant data once, and EZLynx Rating Engine provides real-time quotes from hundreds of carriers","2026-10-08T03:09:29.043Z","","","","","","","The Rating Engine page says it returns quotes from hundreds of carriers.","","","","unreviewed"
"ezlynx","C32","integrations","EZLynx integrates with QuickBooks Online for the general ledger.","unverifiable","","","","","","","","","","The accounting and payments page read names Applied Pay but not QuickBooks; no page read settles it.","","","","unreviewed"
"ezlynx","C33","product_names","EZLynx's comparative rater is named EZLynx Rating Engine.","true","https://www.ezlynx.com/products/","EZLynx Rating Engine™ is an easy-to-use comparative personal lines rater","2026-10-08T03:09:51.673Z","","","","","","","The products page names the comparative rater EZLynx Rating Engine.","","","","unreviewed"
"ezlynx","C34","product_names","EZLynx's rater is named EZLynx Rater.","unverifiable","","","","","","","","","","The pages read call the rater EZLynx Rating Engine and EZLynx Comparative Rater; the shorter name is neither used nor ruled out.","","","","unreviewed"
"ezlynx","C35","product_names","EZLynx's CRM module is named Sales Center (EZLynx Sales Center).","unverifiable","","","","","","","","","","The sales and marketing page read describes a built-in CRM without naming it; no page read names Sales Center.","","","","unreviewed"
"ezlynx","C36","product_names","EZLynx's client portal is named Client Center.","true","https://ezlynx.com/","through the beautiful thing that is EZLynx Client Center, we have connectivity 24 hours a day","2026-10-08T03:08:44.593Z","","","","","","","The home page names EZLynx Client Center as the 24-hour client connection (in a customer quote the vendor publishes).","","","","unreviewed"
"ezlynx","C37","product_names","EZLynx's workflow rules module is named Agency Automation.","unverifiable","","","","","","","","","","No page read names an Agency Automation module.","","","","unreviewed"
"ezlynx","C38","product_names","EZLynx sells a website product named Agency Websites.","true","https://www.ezlynx.com/products/","EZLynx Agency Websites™ are customizable web designs","2026-10-08T03:09:51.673Z","","","","","","","The products page names EZLynx Agency Websites.","","","","unreviewed"
"ezlynx","C39","product_names","EZLynx has a renewal tool named Retention Center.","true","https://www.ezlynx.com/why-ezlynx/pricing","Some capabilities, like Retention Center®, you won’t even find as add-ons anywhere else.","2026-10-08T03:09:00.001Z","","","","","","","The pricing page names Retention Center as an EZLynx capability.","","","","unreviewed"
"ezlynx","C40","product_names","EZLynx has a third-party connection marketplace named EZLynx Connect Marketplace.","unverifiable","","","","","","","","","","No page read names the Connect Marketplace.","","","","unreviewed"
"ezlynx","C41","platforms","EZLynx is cloud-based.","true","https://www.ezlynx.com/products/management-system","Work from any device, anywhere – EZLynx is 100% cloud-based","2026-10-08T03:09:25.060Z","","","","","","","The management system page states EZLynx is 100% cloud-based.","","","","unreviewed"
"ezlynx","C42","platforms","EZLynx runs in a web browser without installing software.","true","https://www.ezlynx.com/products/management-system","EZLynx offers an optimized mobile experience and is cloud-based and browser-accessible, so your team can work from anywhere on any device without installing software.","2026-10-08T03:09:25.060Z","","","","","","","The management system page states EZLynx is browser-accessible without installing software.","","","","unreviewed"
"hawksoft","C01","pricing","HawkSoft 6 retails at $99 per user per month.","true","https://www.hawksoft.com/6/faq.html","For example, if your agency is currently paying $70/user, your price will only go up by $29/user to the $99/user retail price.","2026-10-08T03:16:56.276Z","","","","","","","The HawkSoft 6 FAQ gives a $99 per user retail price, in a passage that prices per user per month.","","","","unreviewed"
"hawksoft","C02","pricing","HawkSoft has no user minimum (the former three-user minimum is gone).","true","https://www.hawksoft.com/6/faq.html","One benefit of moving to HawkSoft 6 is that the 3-user minimum license requirement goes away.","2026-10-08T03:16:56.276Z","","","","","","","The FAQ states the three-user minimum license requirement goes away on HawkSoft 6, onto which all new customers are onboarded.","","","","unreviewed"
"hawksoft","C03","pricing","HawkSoft costs about $130 per user per month.","wrong","https://www.hawksoft.com/6/faq.html","For example, if your agency is currently paying $70/user, your price will only go up by $29/user to the $99/user retail price.","2026-10-08T03:16:56.276Z","","","","https://agencymate.com/insights/insurance-agency-management-system/","other","Pricing: Approximately $130/user/month.","HawkSoft's published per-user retail price is $99 per user per month (the FAQ answers a monthly-bill question in per user per month terms), not about $130; the figure appears verbatim on the agencymate.com comparison article cited by two of the answers.","","","","unreviewed"
"hawksoft","C04","pricing","HawkSoft costs about $130 to $250 per user per month.","wrong","https://www.hawksoft.com/6/faq.html","For example, if your agency is currently paying $70/user, your price will only go up by $29/user to the $99/user retail price.","2026-10-08T03:16:56.276Z","","","","","not found","","The published per-user retail price of $99 per user per month lies below the whole stated range (the table column is Estimated Price / Month); the two readable cited pages (deelo.ai, ustechautomations.com) do not carry the figure and the cited Reddit threads are disallowed by robots.txt.","","","","unreviewed"
"hawksoft","C05","pricing","HawkSoft costs $95 to $140 per user per month.","true","https://www.hawksoft.com/6/faq.html","For example, if your agency is currently paying $70/user, your price will only go up by $29/user to the $99/user retail price.","2026-10-08T03:16:56.276Z","","","","","","","The published $99 per user retail price falls inside the stated range.","","","","unreviewed"
"hawksoft","C06","pricing","HawkSoft has a flat-fee option from $499 per month for agencies under 5 users.","unverifiable","","","","","","","","","","No HawkSoft page read in this study mentions a flat-fee option.","","","","unreviewed"
"hawksoft","C07","pricing","HawkSoft charges a flat base fee plus about $95 to $150 per user per month.","unverifiable","","","","","","","","","","The pages give a $99 per user retail price but say nothing of a flat base fee, so the claim as a whole is not settled.","","","","unreviewed"
"hawksoft","C08","pricing","HawkSoft starts at $250 per month.","unverifiable","","","","","","","","","","HawkSoft publishes a per-user price, not a monthly starting price per agency; the pages do not state a $250 entry point.","","","","unreviewed"
"hawksoft","C09","pricing","HawkSoft (HawkSoft CMS) starts at $109 per month.","unverifiable","","","","","","","","","","The pages give a $99 per user retail price; a $109 monthly starting price is neither stated nor directly comparable.","","","","unreviewed"
"hawksoft","C10","pricing","HawkSoft costs about $3,000 to $8,000 a year.","unverifiable","","","","","","","","","","The pages give a per-user price only; an annual agency total depends on user count and add-ons and is not stated.","","","","unreviewed"
"hawksoft","C11","pricing","HawkSoft is priced by custom quote.","unverifiable","","","","","","","","","","HawkSoft has no pricing page; the FAQ mentions a $99 per user retail price, which does not state whether sales quotes are custom, so the claim is not settled.","","","","unreviewed"
"hawksoft","C12","pricing","HawkSoft pricing is tiered.","unverifiable","","","","","","","","","","No page read in this study names pricing tiers.","","","","unreviewed"
"hawksoft","C13","pricing","HawkSoft is priced as a monthly per-user subscription.","true","https://www.hawksoft.com/6/faq.html","Agencies using local server installations will see a price increase of up to $39/user/month depending on their current pricing, not to exceed the current retail price for HawkSoft 6.","2026-10-08T03:16:56.276Z","","","","","","","The FAQ prices HawkSoft 6 per user per month, and the product page describes a base subscription.","","","","unreviewed"
"hawksoft","C14","pricing","HawkSoft requires no term commitment beyond 30 days (month-to-month terms).","true","https://www.hawksoft.com/agency-management-system/","Our sales agreement doesn't require a term-based commitment beyond 30 days","2026-10-08T03:16:34.147Z","","","","","","","The product page states that the sales agreement requires no term-based commitment beyond 30 days.","","","","unreviewed"
"hawksoft","C15","pricing","HawkSoft has no contract (a no-contract, contract-free model).","true","https://www.hawksoft.com/agency-management-system/","Some companies offer suspiciously low introductory offers and lock you into long-term contracts before you can tell if the system is a good fit for your agency. HawkSoft doesn't play these games","2026-10-08T03:16:34.147Z","","","","","","","Read as no long-term contract, the claim matches the product page, which rejects long-term contracts and caps any term commitment at 30 days; the same page does refer to a sales agreement, so a literal no-contract reading would not hold.","","","","unreviewed"
"hawksoft","C16","pricing","HawkSoft charges no early-termination fees.","true","https://www.hawksoft.com/agency-management-system/","we don't hold your data hostage with early termination fees or data extraction fees if you choose to leave.","2026-10-08T03:16:34.147Z","","","","","","","The product page states HawkSoft charges no early termination fees.","","","","unreviewed"
"hawksoft","C17","pricing","HawkSoft charges no data-extraction fees.","true","https://www.hawksoft.com/agency-management-system/","we don't hold your data hostage with early termination fees or data extraction fees if you choose to leave.","2026-10-08T03:16:34.147Z","","","","","","","The product page states HawkSoft charges no data extraction fees.","","","","unreviewed"
"hawksoft","C18","pricing","HawkSoft's agreement allows a proposal to specify a term commitment.","unverifiable","","","","","","","","","","The agreement itself was not read; the product page caps term commitment at 30 days but says nothing of proposal-specific terms.","","","","unreviewed"
"hawksoft","C19","plans","All core features are included in one base subscription, with add-ons and integrations on top.","true","https://www.hawksoft.com/agency-management-system/","We include all core features in one base subscription and offer add-ons and integrations to help your agency scale as you grow.","2026-10-08T03:16:34.147Z","","","","","","","The product page states that all core features are in one base subscription, with add-ons and integrations offered.","","","","unreviewed"
"hawksoft","C20","free_tier","HawkSoft offers a free trial.","unverifiable","","","","","","","","","","The pages read offer a demo but say nothing of a free trial of HawkSoft itself; the free trials on the partners page belong to partner products.","","","","unreviewed"
"hawksoft","C21","free_tier","HawkSoft offers a free version.","unverifiable","","","","","","","","","","No page read mentions a free version; the FAQ gives only a paid per-user retail price, which does not rule a free version out explicitly.","","","","unreviewed"
"hawksoft","C22","founding","HawkSoft was founded in 1995.","true","https://www.hawksoft.com/about/story/","HawkSoft is privately-owned by the same group that founded it in 1995.","2026-10-08T03:17:19.071Z","","","","","","","The story page gives 1995 as the founding year.","","","","unreviewed"
"hawksoft","C23","founding","HawkSoft was created by independent insurance agents.","true","https://hawksoft.com/","Created by independent agents, HawkSoft continues to evolve as a cutting-edge system that powers thousands of agencies.","2026-10-08T03:16:23.404Z","","","","","","","The home page states HawkSoft was created by independent agents.","","","","unreviewed"
"hawksoft","C24","headquarters","HawkSoft is based in Canby, Oregon.","true","https://www.hawksoft.com/about/story/","Today, HawkSoft employs more than 150 people nationwide who work from home or from our 15,000-square-foot headquarters in Canby, Oregon.","2026-10-08T03:17:19.071Z","","","","","","","The story page places HawkSoft's headquarters in Canby, Oregon.","","","","unreviewed"
"hawksoft","C25","ownership","HawkSoft is an independent, privately owned company.","true","https://www.hawksoft.com/about/story/","HawkSoft is privately-owned by the same group that founded it in 1995.","2026-10-08T03:17:19.071Z","","","","","","","The story page states HawkSoft is privately owned by its founding group, and the home page says it is independently owned.","","","","unreviewed"
"hawksoft","C26","ownership","HawkSoft is family-owned.","true","https://www.hawksoft.com/agency-management-system/","As a private, family-owned business created by an independent agent in 1995","2026-10-08T03:16:34.147Z","","","","","","","The product page describes HawkSoft as a private, family-owned business.","","","","unreviewed"
"hawksoft","C27","platforms","HawkSoft's full feature set runs in a native Windows desktop application.","true","https://www.hawksoft.com/agency-management-system/","The desktop app delivers the full, comprehensive set of HawkSoft features on your office workstation or anywhere you take your laptop. Native Windows app installed on your office PC or laptop","2026-10-08T03:16:34.147Z","","","","","","","The product page states the full feature set is in a native Windows desktop app.","","","","unreviewed"
"hawksoft","C28","platforms","Selected HawkSoft features are accessible in a web browser.","true","https://www.hawksoft.com/agency-management-system/","Key data, reporting, and management features will be available via browser login so you can access them from any device.","2026-10-08T03:16:34.147Z","","","","","","","The product page states that key features are available via browser login while the desktop app holds the full set.","","","","unreviewed"
"hawksoft","C29","platforms","HawkSoft is a hybrid of a desktop app and cloud-stored data.","true","https://www.hawksoft.com/agency-management-system/","Our unique cloud platform combines the powerful performance and efficiency of a desktop app with the convenience of cloud-based data that can be accessed from anywhere, on any device.","2026-10-08T03:16:34.147Z","","","","","","","The product page describes a desktop app combined with cloud-based data.","","","","unreviewed"
"hawksoft","C30","platforms","HawkSoft is not a fully browser-based AMS.","true","https://www.hawksoft.com/6/faq.html","No – HawkSoft 6 is not a 100% web-based management system.","2026-10-08T03:16:56.276Z","","","","","","","The HawkSoft 6 FAQ states it is not a 100% web-based management system.","","","","unreviewed"
"hawksoft","C31","platforms","HawkSoft is compatible with Windows and Mac computers.","true","https://www.hawksoft.com/6/faq.html","Will HawkSoft 6 work on a Mac? Yes, but it will require the help of other solutions.","2026-10-08T03:16:56.276Z","","","","","","","The FAQ answers yes to Mac use, with the caveat that HawkSoft 6 is built for Windows and runs on a Mac through a Windows environment the agency sets up; HawkSoft's own EZLynx comparison page carries the answer's sentence word for word.","","","","unreviewed"
"hawksoft","C32","integrations","HawkSoft integrates with QuickBooks for operating accounting.","true","https://www.hawksoft.com/agency-management-system/","For operating accounting, we integrate with the #1 small-business accounting platform: QuickBooks.","2026-10-08T03:16:34.147Z","","","","","","","The product page states HawkSoft integrates with QuickBooks for operating accounting.","","","","unreviewed"
"hawksoft","C33","integrations","HawkSoft integrates with EZLynx's rater (a one-way bridge sending policy data from HawkSoft to EZLynx).","true","https://www.hawksoft.com/about/partners/","One-Way Integration is available with EZLynx. Policy data can be bridged from HawkSoft to EZLynx.","2026-10-08T03:17:19.633Z","","","","","","","The partners page lists a one-way integration that bridges policy data from HawkSoft to EZLynx.","","","","unreviewed"
"hawksoft","C34","integrations","HawkSoft integrates with PL Rating.","true","https://www.hawksoft.com/about/partners/","2-Way Integration is available for PL Rating by Vertafore.","2026-10-08T03:17:19.633Z","","","","","","","The partners page lists a two-way PL Rating integration.","","","","unreviewed"
"hawksoft","C35","integrations","HawkSoft integrates with TurboRater.","true","https://www.hawksoft.com/about/partners/","2-Way Integration is available with ITC TurboRater by Zywave.","2026-10-08T03:17:19.633Z","","","","","","","The partners page lists a two-way ITC TurboRater integration.","","","","unreviewed"
"hawksoft","C36","integrations","HawkSoft integrates with AgencyZoom.","true","https://www.hawksoft.com/about/partners/","Manage leads in AgencyZoom with data sent from your HawkSoft account that triggers email and text automation.","2026-10-08T03:17:19.633Z","","","","","","","The partners page lists AgencyZoom as a two-way API integration.","","","","unreviewed"
"hawksoft","C37","integrations","HawkSoft integrates with InsuredMine.","true","https://www.hawksoft.com/about/partners/","Expand the functionality with InsuredMine's CRM and automated workflows that assist agents with sales, engagement, analytics, and mobility.","2026-10-08T03:17:19.633Z","","","","","","","The partners page lists InsuredMine as a two-way API integration.","","","","unreviewed"
"hawksoft","C38","integrations","HawkSoft integrates with Agency Revolution.","true","https://www.hawksoft.com/about/partners/","Agency Revolution Two-way API Integrated","2026-10-08T03:17:19.633Z","","","","","","","The partners page lists Agency Revolution as a two-way API integration.","","","","unreviewed"
"hawksoft","C39","integrations","HawkSoft integrates with (downloads from) over 300 carriers.","unverifiable","","","","","","","","","","No page read gives a carrier count; the carrier documentation page has none.","","","","unreviewed"
"hawksoft","C40","product_names","The current version of the system is named HawkSoft 6.","true","https://www.hawksoft.com/6/faq.html","HawkSoft 6 is available now, and the majority of our customers are on this platform. All new customers are onboarded on HawkSoft 6.","2026-10-08T03:16:56.276Z","","","","","","","The FAQ names HawkSoft 6 as the current platform for all new customers.","","","","unreviewed"
"hawksoft","C41","product_names","HawkSoft's reporting module is named the Agency Intelligence reporting suite.","true","https://www.hawksoft.com/agency-management-system/","With HawkSoft's built-in Agency Intelligence ™ reporting suite","2026-10-08T03:16:34.147Z","","","","","","","The product page names the built-in Agency Intelligence reporting suite.","","","","unreviewed"
"hawksoft","C42","product_names","HawkSoft's cloud platform is named HawkSoft Cloud.","true","https://www.hawksoft.com/6/faq.html","“HawkSoft Cloud”: a data storage and delivery platform, and a cornerstone of HawkSoft’s future.","2026-10-08T03:16:56.276Z","","","","","","","The FAQ names HawkSoft Cloud; the answer describes it as a project still in progress, while the FAQ says HawkSoft 6 on HawkSoft Cloud is already live, but that timing is not one of the coded types.","","","","unreviewed"
"vertafore","C01","product_names","AMS360 is Vertafore's agency management system (AMS360 by Vertafore).","true","https://www.vertafore.com/products/insurance-comparative-rater/pl-rating","PL Rating integrates with Vertafore’s AMS360, Sagitta, QQCatalyst, and over 20 other management systems","2026-10-08T03:26:38.108Z","","","","","","","Vertafore's own pages name AMS360 as Vertafore's management system and sell it on vertafore.com.","","","","unreviewed"
"vertafore","C02","product_names","QQCatalyst is a Vertafore product (QQCatalyst by Vertafore).","true","https://www.vertafore.com/products/insurance-comparative-rater/pl-rating","PL Rating integrates with Vertafore’s AMS360, Sagitta, QQCatalyst, and over 20 other management systems","2026-10-08T03:26:38.108Z","","","","","","","Vertafore's pages name QQCatalyst as a Vertafore management system and sell it on vertafore.com.","","","","unreviewed"
"vertafore","C03","product_names","Sagitta is a Vertafore product (Sagitta by Vertafore).","true","https://www.vertafore.com/products/insurance-comparative-rater/pl-rating","PL Rating integrates with Vertafore’s AMS360, Sagitta, QQCatalyst, and over 20 other management systems","2026-10-08T03:26:38.108Z","","","","","","","Vertafore's pages name Sagitta as a Vertafore management system.","","","","unreviewed"
"vertafore","C04","product_names","PL Rating is Vertafore's comparative rater.","true","https://www.vertafore.com/products/insurance-comparative-rater/pl-rating","PL Rating is more than a standalone comparative rater—it’s part of AgencyOne, Vertafore’s connected platform","2026-10-08T03:26:38.108Z","","","","","","","Vertafore's PL Rating page presents PL Rating as part of Vertafore's AgencyOne platform.","","","","unreviewed"
"vertafore","C05","product_names","AgencyZoom is a Vertafore product (AgencyZoom by Vertafore).","true","https://www.vertafore.com/products/sales-automation-software/agencyzoom","AgencyZoom is more than a standalone sales tool—it’s part of Vertafore’s connected solutions driving Distribution Velocity for agencies.","2026-10-08T03:26:43.678Z","","","","","","","Vertafore's AgencyZoom page presents AgencyZoom as part of Vertafore's solutions.","","","","unreviewed"
"vertafore","C06","product_names","AgencyZoom is made by Zywave (AgencyZoom by Zywave).","wrong","https://www.vertafore.com/products/sales-automation-software/agencyzoom","AgencyZoom is more than a standalone sales tool—it’s part of Vertafore’s connected solutions driving Distribution Velocity for agencies.","2026-10-08T03:26:43.678Z","","","","https://www.aimadefor.com/blog/agencyzoom-vs-hawksoft-vs-applied-epic/","other","AgencyZoom (Zywave), HawkSoft, and Applied Epic represent three distinct approaches to the same problem","Vertafore sells and supports AgencyZoom as part of its own solutions, contradicting attribution to Zywave; the cited aimadefor.com blog labels it AgencyZoom (Zywave) in the same sentence the answer paraphrases.","","","","unreviewed"
"vertafore","C07","product_names","WorkSmart is a Vertafore product (Vertafore WorkSmart).","true","https://vertafore.com/","Manage Your Agency AMS360 QQCatalyst Sagitta BenefitPoint WorkSmart","2026-10-08T03:26:06.166Z","","","","","","","Vertafore's home page lists WorkSmart among its own agency management solutions.","","","","unreviewed"
"vertafore","C08","product_names","Vertafore has an AI offering named Vertafore Velocity AI.","true","https://vertafore.com/","Vertafore Velocity AI Platform","2026-10-08T03:26:06.166Z","","","","","","","Vertafore's home page names the Vertafore Velocity AI Platform.","","","","unreviewed"
"vertafore","C09","product_names","Vertafore has a product named Commercial Submissions (Vertafore Commercial Submissions).","true","https://vertafore.com/","Rating, Quoting & Connectivity Commercial Submissions PL Rating Meet AgencyOne","2026-10-08T03:26:06.166Z","","","","","","","Vertafore's home page lists Commercial Submissions among its rating and quoting products.","","","","unreviewed"
"vertafore","C10","product_names","Vertafore has an integrated platform named AgencyOne that works with AMS360.","true","https://www.vertafore.com/products/agency-management-software/ams360","AgencyOne brings your systems, data, and workflows together into one connected platform. Using the foundation of AMS360 with the rest of your technology ecosystem","2026-10-08T03:26:22.731Z","","","","","","","The AMS360 page names AgencyOne as Vertafore's connected platform built on AMS360.","","","","unreviewed"
"vertafore","C11","product_names","Vertafore has a product named Vertafore Agency Platform.","unverifiable","","","","","","","","","","No Vertafore page read names a Vertafore Agency Platform.","","","","unreviewed"
"vertafore","C12","product_names","AMS360 is sold in a cloud edition named AMS360 Cloud.","unverifiable","","","","","","","","","","The AMS360 page read does not name an AMS360 Cloud edition.","","","","unreviewed"
"vertafore","C13","product_names","QQCatalyst is part of Vertafore's Personal Lines Suite.","unverifiable","","","","","","","","","","No Vertafore page read names a Personal Lines Suite.","","","","unreviewed"
"vertafore","C14","pricing","AMS360 is priced by custom quote.","unverifiable","","","","","","","","","","The AMS360 page shows no price and offers a demo and contact, but states nothing about how AMS360 is priced.","","","","unreviewed"
"vertafore","C15","pricing","AMS360 costs about $200 to $400 or more per user per month.","unverifiable","","","","","","","","","","No Vertafore page read publishes an AMS360 price.","","","","unreviewed"
"vertafore","C16","pricing","AMS360 Cloud costs $180 to $260 per user per month.","unverifiable","","","","","","","","","","No Vertafore page read publishes an AMS360 price.","","","","unreviewed"
"vertafore","C17","pricing","AMS360 costs about $6,000 to $15,000 a year.","unverifiable","","","","","","","","","","No Vertafore page read publishes an AMS360 price.","","","","unreviewed"
"vertafore","C18","pricing","AMS360 setup fees run about $10,000 to $25,000 or more.","unverifiable","","","","","","","","","","No Vertafore page read states setup fees for AMS360.","","","","unreviewed"
"vertafore","C19","pricing","AMS360 comes with long, multi-year contracts.","unverifiable","","","","","","","","","","No Vertafore page read states contract terms for AMS360.","","","","unreviewed"
"vertafore","C20","pricing","AMS360 offers a free, open API for third-party integrations.","unverifiable","","","","","","","","","","The AMS360 page mentions connecting third-party tools but says nothing of an API or its price.","","","","unreviewed"
"vertafore","C21","pricing","QQCatalyst costs about $1,500 to $4,000 a year for small agencies.","unverifiable","","","","","","","","","","No Vertafore page read publishes a QQCatalyst price.","","","","unreviewed"
"vertafore","C22","pricing","QQCatalyst is priced as a monthly subscription.","unverifiable","","","","","","","","","","The QQCatalyst page read states no price basis.","","","","unreviewed"
"vertafore","C23","plans","QQCatalyst is sold in scalable tiers.","unverifiable","","","","","","","","","","The QQCatalyst page read names no tiers or plans.","","","","unreviewed"
"vertafore","C24","pricing","Vertafore's browser-based system for growing agencies (product not named in the answer; not AMS360) starts at about $99 per user.","unverifiable","","","","","","","","","","No Vertafore page read publishes a per-user price for any of its agency systems.","","","","unreviewed"
"vertafore","C25","free_tier","AgencyZoom offers a free trial.","unverifiable","","","","","","","","","","The AgencyZoom page read offers demos but says nothing of a free trial.","","","","unreviewed"
"vertafore","C26","customer_counts","QQCatalyst is used by over 23,000 agents.","unverifiable","","","","","","","","","","The QQCatalyst page read gives no user count.","","","","unreviewed"
"vertafore","C27","customer_counts","QQCatalyst is used by over 5,000 agencies.","unverifiable","","","","","","","","","","The QQCatalyst page read gives no agency count.","","","","unreviewed"
"vertafore","C28","integrations","QQCatalyst integrates with PL Rating.","true","https://www.vertafore.com/products/insurance-comparative-rater/pl-rating","PL Rating integrates with Vertafore’s AMS360, Sagitta, QQCatalyst, and over 20 other management systems","2026-10-08T03:26:38.108Z","","","","","","","The PL Rating page states PL Rating integrates with QQCatalyst.","","","","unreviewed"
"vertafore","C29","integrations","AMS360 integrates with PL Rating.","true","https://www.vertafore.com/products/insurance-comparative-rater/pl-rating","PL Rating integrates with Vertafore’s AMS360, Sagitta, QQCatalyst, and over 20 other management systems","2026-10-08T03:26:38.108Z","","","","","","","The PL Rating page states PL Rating integrates with AMS360.","","","","unreviewed"
"vertafore","C30","integrations","AMS360 has integrations with over 300 carriers for policy downloads.","unverifiable","","","","","","","","","","The AMS360 page describes carrier downloads without a carrier count (the 200+ carriers figure on that page belongs to the Reconciliation Agent).","","","","unreviewed"
"vertafore","C31","platforms","QQCatalyst is cloud-based.","true","https://www.vertafore.com/products/insurance-management-software/qqcatalyst","Work from anywhere Enjoy cloud-based access anytime, anywhere.","2026-10-08T03:26:33.644Z","","","","","","","The QQCatalyst page offers cloud-based access.","","","","unreviewed"
"vertafore","C32","platforms","AMS360 is a desktop agency management system.","unverifiable","","","","","","","","","","The AMS360 page read does not say how AMS360 is deployed (desktop, browser or cloud).","","","","unreviewed"
"vertafore","C33","platforms","Vertafore's agency systems (Vertafore Agency Platform, AMS360) are offered in the cloud.","unverifiable","","","","","","","","","","The AMS360 page read does not say AMS360 is cloud-based, and no Vertafore Agency Platform page exists among those read.","","","","unreviewed"
"vertafore","C34","product_names","BenefitPoint is a Vertafore product (Vertafore BenefitPoint).","true","https://vertafore.com/","Manage Your Agency AMS360 QQCatalyst Sagitta BenefitPoint WorkSmart","2026-10-08T03:26:06.166Z","","","","","","","Vertafore's home page lists BenefitPoint among its own agency management solutions, with AMS360, QQCatalyst, Sagitta and WorkSmart.","","","","unreviewed"
"vertafore","C35","platforms","Vertafore's browser-based system for growing agencies (product not named in the answer; not AMS360) runs in a web browser.","unverifiable","","","","","","","","","","The answer does not name the product, and no Vertafore page read describes any of its systems as browser-based, so the claim cannot be settled.","","","","unreviewed"
"vertafore","C36","integrations","Vertafore's browser-based system for growing agencies (product not named in the answer; not AMS360) pairs with Vertafore PL Rating.","unverifiable","","","","","","","","","","The PL Rating page names AMS360, Sagitta, QQCatalyst and over 20 other management systems that PL Rating integrates with, but the answer does not name the product, so the pages cannot settle it.","","","","unreviewed"
"nowcerts","C01","product_names","NowCerts has been renamed Momentum (Momentum, formerly NowCerts).","true","https://blog.momentumamp.com/blog/from-nowcerts-to-momentum-a-bold-vision-for-independent-agents","From NowCerts to Momentum: A Bold Vision for Independent Agents Momentum AMP Nov 13, 2024","2026-10-08T03:30:40.159Z","","","","","","","The vendor's own blog announces the change from NowCerts to Momentum (13 Nov 2024) and calls it a new name.","","","","unreviewed"
"nowcerts","C02","product_names","NowCerts is now branded Momentum AMP.","true","https://blog.momentumamp.com/blog/from-nowcerts-to-momentum-a-bold-vision-for-independent-agents","From NowCerts to Momentum: A Bold Vision for Independent Agents Momentum AMP Nov 13, 2024","2026-10-08T03:30:40.159Z","","","","","","","The rebrand post is published under the Momentum AMP name on momentumamp.com, matching NowCerts now being Momentum AMP.","","","","unreviewed"
"nowcerts","C03","product_names","The agency management system formerly called NowCerts is now named Momentum AMS.","true","https://blog.momentumamp.com/blog/from-nowcerts-to-momentum-a-bold-vision-for-independent-agents","Solutions Momentum AMS AI Solutions Momentum MAC","2026-10-08T03:30:40.159Z","","","","","","","The vendor's site names its agency management system Momentum AMS, on the page that announces the change from NowCerts to Momentum.","","","","unreviewed"
"nowcerts","C04","free_tier","NowCerts (Momentum) offers a free trial.","true","https://blog.momentumamp.com/blog/from-nowcerts-to-momentum-a-bold-vision-for-independent-agents","AMS Login Free AMS Trial","2026-10-08T03:30:40.159Z","","","","","","","The vendor's site navigation offers a Free AMS Trial, and the nowcerts.com home page (browser read) offers a 30 day free trial.","","","","unreviewed"
"nowcerts","C05","pricing","AMS plans start at $119 per month for one user.","true","https://momentumamp.com/pricing","Monthly Price | $119 per mo. | $199 per mo. | BEST VALUE $419 per mo. | Call Us 801-999-0550 | | Number of Users | 1 | 2 | 5 | 50+","2026-10-08T04:23:47.626Z","","","","","","","The Momentum AMS pricing page lists Essentials, the lowest plan, at $119 a month with one user. The legacy nowcerts.com pricing page, also live, lists Essentials at $99 a month; the vendor publishes both price lists, so the claim matches one own page.","","","","unreviewed"
"nowcerts","C06","pricing","An AMS plan costs $199 per month for two users.","true","https://momentumamp.com/pricing","Monthly Price | $119 per mo. | $199 per mo. | BEST VALUE $419 per mo. | Call Us 801-999-0550 | | Number of Users | 1 | 2 | 5 | 50+","2026-10-08T04:23:47.626Z","","","","","","","The Momentum AMS pricing page lists the Professional plan at $199 a month with two users.","","","","unreviewed"
"nowcerts","C07","pricing","Additional seats cost $54 per month.","true","https://momentumamp.com/pricing","Cost Per Additional Seat | $54 | $54 | $54 | $54","2026-10-08T04:23:47.626Z","","","","","","","The Momentum AMS pricing page lists $54 per additional seat on every plan; the legacy nowcerts.com pricing page lists $45 per additional user license (see C14).","","","","unreviewed"
"nowcerts","C08","plans","The entry plans charge extra for carrier downloads.","true","https://momentumamp.com/pricing","IVANS Carrier Downloads | $35 | $35 |","2026-10-08T04:23:47.626Z","","","","","","","The Momentum AMS pricing page shows a $35 charge for IVANS carrier downloads on the two entry plans (Essentials and Professional); the legacy nowcerts.com page shows the same $35 on Essentials.","","","","unreviewed"
"nowcerts","C09","pricing","NowCerts (Momentum AMP) costs $99 per month for a one-user agency.","true","https://www.nowcerts.com/pricing","Essentials $99/ month Start For Free Number of Users Included 1","2026-10-08T03:30:20.802Z","","","","","","","The nowcerts.com pricing page (browser read, live on 8 Oct) lists Essentials at $99 a month with one user included; the Momentum AMS pricing page lists Essentials at $119, so the vendor publishes two price lists and the claim matches one of them.","","","","unreviewed"
"nowcerts","C10","pricing","Pricing is tiered flat pricing (a flat monthly price per plan tier).","true","https://momentumamp.com/pricing","Monthly Price | $119 per mo. | $199 per mo. | BEST VALUE $419 per mo. | Call Us 801-999-0550 | | Number of Users | 1 | 2 | 5 | 50+","2026-10-08T04:23:47.626Z","","","","","","","The Momentum AMS pricing page sets a flat monthly price per tier with a set number of users included (1, 2, 5); seats beyond those are charged per seat. The claim was reworded in pass 2 to the tiered flat pricing the answers state.","","","","unreviewed"
"nowcerts","C11","pricing","NowCerts (Momentum AMP) starts at about $1,200 a year.","unverifiable","","","","","","","","","","Both own pricing pages give monthly prices only ($99 legacy, $119 Momentum for the entry plan) and neither states an annual price; the legacy page's note on annual payment is not explained, so an annual figure cannot be compared like with like.","","","","unreviewed"
"nowcerts","C12","pricing","The Professional plan costs $169 per month for two users.","unverifiable","","","","","","","","","","Both answers cite the legacy nowcerts.com pricing page, whose browser snapshot shows only the Essentials column ($99), so its Professional price could not be read; the Momentum AMS page lists Professional at $199 for two users, but because the vendor publishes a second, lower legacy price list the Momentum figure alone is not a clean contradiction.","","","","unreviewed"
"nowcerts","C13","pricing","NowCerts (Momentum AMP) starts at $169 per month (including one or two users depending on plan).","wrong","https://momentumamp.com/pricing","Monthly Price | $119 per mo. | $199 per mo. | BEST VALUE $419 per mo. | Call Us 801-999-0550 | | Number of Users | 1 | 2 | 5 | 50+","2026-10-08T04:23:47.626Z","","","","https://www.quotesweep.com/blog/ams-comparison-2026","other","Pricing: Starts at $169/month (includes 1–2 users depending on plan); $45/additional user.","Both own price lists start lower than $169 a month: the Momentum AMS page lists Essentials at $119 for one user and the legacy nowcerts.com page lists Essentials at $99 for one user, so a $169 starting price contradicts each like with like (the entry plan's monthly price). The cited quotesweep comparison carries the same sentence.","","","","unreviewed"
"nowcerts","C14","pricing","Each additional user costs $45.","true","https://www.nowcerts.com/pricing","Cost Per Additional User License $45","2026-10-08T03:30:20.802Z","","","","","","","The nowcerts.com pricing page (browser read) lists $45 per additional user license; the Momentum AMS page lists $54 per additional seat (see C07), so the claim matches one of the vendor's two price lists.","","","","unreviewed"
"nowcerts","C15","pricing","Pricing tiers run about $70 to $125 per seat per month.","unverifiable","","","","","","","","","","The own pricing pages price each plan with a set number of users included plus a per-additional-seat charge; they state no per-seat price for the tiers, so a per-seat range cannot be compared like with like.","","","","unreviewed"
"nowcerts","C16","pricing","NowCerts costs about $600 to $2,400 a year.","unverifiable","","","","","","","","","","Both own pricing pages give monthly prices only and state no annual cost, so an annual range cannot be compared like with like.","","","","unreviewed"
"nowcerts","C17","pricing","Onboarding is usually included free.","true","https://www.nowcerts.com/pricing","Onboarding Basic Training Self (NowCerts University)","2026-10-08T03:30:20.802Z","","","","","","","The nowcerts.com pricing page (browser read) lists Basic onboarding among the Essentials plan's inclusions without the additional-cost mark it puts on paid extras, and the home page says the team helps import data, set up the agency and give basic training.","","","","unreviewed"
"nowcerts","C18","plans","E-signature is included.","unverifiable","","","","","","","","","","The home page lists a Formstack Sign e-signature integration and the Momentum plan comparison has an e-Signature Integration row whose per-plan marks did not render as text, so whether e-signature is included in a plan cannot be read.","","","","unreviewed"
"nowcerts","C19","platforms","NowCerts (Momentum) is a cloud-based, cloud-native AMS.","true","https://nowcerts.com/","Integrate NowCerts with thousands of other cloud applications in minutes.","2026-10-08T03:30:06.706Z","","","","","","","The home page (browser read) describes NowCerts as one of the cloud applications it integrates with and says NowCerts.com is hosted in a secure server environment.","","","","unreviewed"
"nowcerts","C20","platforms","NowCerts runs entirely in a web browser with no installation.","unverifiable","","","","","","","","","","The browser-read home and pricing pages say the system is hosted and offer a private server option, but neither states that it runs entirely in a browser or needs no installation.","","","","unreviewed"
"nowcerts","C21","integrations","NowCerts (Momentum AMP) integrates with QuickBooks.","true","https://nowcerts.com/","QuickBooks NowCerts keeps track of all your insurance related transactions. Sync with Quick Books for your taxes and financial statements.","2026-10-08T03:30:06.706Z","","","","","","","The home page (browser read) lists QuickBooks among its integrations, and the Momentum plan comparison has a Quickbooks Integration row.","","","","unreviewed"
"nowcerts","C22","plans","The plan comparison lists client and policy management, ACORD forms, workflows, accounting and commission reconciliation.","true","https://www.nowcerts.com/pricing","Client and Policy Management Document Storage Acord Forms Custom Workflow Management Sales Pipeline Management Renewal Center Agency Overview Dashboard Interactive Reports Billing / Accounting Commission Reconciliations","2026-10-08T03:30:20.802Z","","","","","","","Added in pass 2 from a table cell; the nowcerts.com pricing page (browser read) lists these items in the plan, and the Momentum plan comparison has the same rows.","","","","unreviewed"
"nowcerts","C23","plans","Integration access differs by plan.","true","https://momentumamp.com/pricing","Integration | Limited | Enabled | Enabled | Custom Integration","2026-10-08T04:23:47.626Z","","","","","","","Added in pass 2 from a table cell; the Momentum AMS plan comparison shows integration access as Limited on Essentials, Enabled on Professional and Business and Custom Integration on Enterprise.","","","","unreviewed"
"clio","C01","pricing","Clio's starting price is $49 per user per month.","true","https://www.clio.com/pricing/","Starting at $49/user Starter Clio Manage","2026-10-08T02:44:35.567Z","","","","","","","The pricing page (read once in a browser) gives the entry plan, Starter, as 'Starting at $49/user', which matches the $49 per user starting price; the snapshot does not print a billing period, so the per month part is read as the usual basis and not contradicted.","","","","unreviewed"
"clio","C02","pricing","Clio's starting price is $39 per user per month.","unverifiable","","","","","","","","","","The pricing page (read once in a browser) gives 'Starting at $49/user' for Starter without a billing period and lists no EasyStart plan; two of the answers tie $39 to annual billing, so the page does not compare like with like and does not settle the $39 entry price.","","","","unreviewed"
"clio","C03","pricing","Clio's starting price is about $59 per user per month.","unverifiable","","","","","","","","","","The pricing page (read once in a browser) gives 'Starting at $49/user' for Starter without a billing period; whether about $59 is a different billing term's price is not stated, so the page does not settle it.","","","","unreviewed"
"clio","C04","pricing","Clio's starting price is around $39 to $49 per user per month.","true","https://www.clio.com/pricing/","Starting at $49/user Starter Clio Manage","2026-10-08T02:44:35.567Z","","","","","","","The pricing page (read once in a browser) gives the entry plan as 'Starting at $49/user', which falls inside the stated range of about $39 to $49.","","","","unreviewed"
"clio","C05","pricing","Clio's top tier costs $149 per user per month.","unverifiable","","","","","","","","","","The pricing page (read once in a browser) prices only the Starter plan ('Starting at $49/user'); Core, Signature and Elite show 'Get pricing', so no own page text settles a $149 top-tier price.","","","","unreviewed"
"clio","C06","pricing","Clio's top tier, the Complete plan, costs $139 per user per month.","unverifiable","","","","","","","","","","The pricing page (read once in a browser) lists the practice management plans Starter, Core, Signature and Elite with no Complete plan, and shows 'Get pricing' above Starter, so the $139 Complete price is not settled.","","","","unreviewed"
"clio","C07","pricing","Clio's top tier costs $129 or more per user per month.","unverifiable","","","","","","","","","","The pricing page (read once in a browser) prices only the Starter plan ('Starting at $49/user'); Core, Signature and Elite show 'Get pricing', so no own page text settles a $129 or more top-tier price.","","","","unreviewed"
"clio","C08","pricing","The EasyStart plan costs $39 per user per month.","unverifiable","","","","","","","","","","The pricing page (read once in a browser) lists the practice management plans Starter, Core, Signature and Elite and no EasyStart plan, and gives no billing period for Starter's $49; absence of the name is not an explicit contradiction and no dated rename is documented, so the $39 EasyStart price is not settled.","","","","unreviewed"
"clio","C09","pricing","The EasyStart plan costs $49 per user per month.","unverifiable","","","","","","","","","","The pricing page (read once in a browser) lists the practice management plans Starter, Core, Signature and Elite; the $49 figure belongs to the plan named Starter, and no page links EasyStart to Starter (no dated rename), so the EasyStart price is not settled.","","","","unreviewed"
"clio","C10","pricing","The mid tier (Essentials) costs $89 per user per month.","unverifiable","","","","","","","","","","The pricing page (read once in a browser) lists the practice management plans Starter, Core, Signature and Elite with no Essentials plan and no price above Starter ('Get pricing'), so the $89 Essentials price is not settled.","","","","unreviewed"
"clio","C11","pricing","The Advanced plan costs $119 per user per month.","unverifiable","","","","","","","","","","The pricing page (read once in a browser) lists the practice management plans Starter, Core, Signature and Elite with no Advanced plan and no price above Starter ('Get pricing'), so the $119 Advanced price is not settled.","","","","unreviewed"
"clio","C12","pricing","The Advanced plan costs about $109 per month.","unverifiable","","","","","","","","","","The pricing page (read once in a browser) lists the practice management plans Starter, Core, Signature and Elite with no Advanced plan and no price above Starter ('Get pricing'), so the about $109 Advanced price is not settled.","","","","unreviewed"
"clio","C13","pricing","The PI Essentials bundle has an introductory starting price of $149 per user per month.","unverifiable","","","","","","","","","","The pricing page (read once in a browser) lists personal injury as an add-on named Clio for Personal Injury, with no price and no PI Essentials bundle, so the $149 introductory price is not settled.","","","","unreviewed"
"clio","C14","pricing","Plans above the entry plan (Core, Signature, Elite) are priced by quote.","true","https://www.clio.com/pricing/","Core Clio Manage AI-first practice management that takes the busywork off your plate. Try for free Get pricing","2026-10-08T02:44:35.567Z","","","","","","","The pricing page (read once in a browser) prices only the Starter plan ('Starting at $49/user'); Core, Signature and Elite show 'Get pricing' instead of a price, so the higher tiers are priced on request.","","","","unreviewed"
"clio","C15","pricing","Clio's starting price is custom (quote only).","wrong","https://www.clio.com/pricing/","BEST VALUE Starting at $49/user Starter","2026-10-08T04:01:34.303Z","","","","","not found","","The answer's 'Starting Price' column gives Clio as Custom, but the pricing page (read once in a browser) publishes a starting price for its entry plan ('Starting at $49/user', Starter): starting price against starting price, the contradiction is explicit (only the higher tiers are on request, C14). None of the answer's cited pages read in this study carries the statement, so the cause is not found.","","","","unreviewed"
"clio","C16","pricing","Clio publishes its pricing in tiers (transparent, advertised entry pricing).","true","https://www.clio.com/pricing/","Starting at $49/user Starter Clio Manage","2026-10-08T02:44:35.567Z","","","","","","","The pricing page (read once in a browser) presents tiered plans (Starter, Core, Signature, Elite) with an advertised entry price; only the entry price is printed, the other tiers show 'Get pricing'.","","","","unreviewed"
"clio","C17","pricing","A 5-attorney firm pays about $13,000 to $15,000 a year for Clio with typical add-ons.","unverifiable","","","","","","","","","","No page read (pricing, home, integrations and about, each read once in a browser) publishes a yearly total for a five-attorney firm with add-ons, so the estimate is not settled.","","","","unreviewed"
"clio","C18","pricing","A solo attorney pays about $80 to $120 a month once trust accounting, Clio Grow and Clio Draft are added.","unverifiable","","","","","","","","","","No page read (pricing, home, integrations and about, each read once in a browser) publishes a monthly total for a solo with trust accounting, Clio Grow and Clio Draft, so the estimate is not settled.","","","","unreviewed"
"clio","C19","pricing","A working Clio setup typically costs $99 to $139 or more per user before add-ons.","unverifiable","","","","","","","","","","No page read (pricing, home, integrations and about, each read once in a browser) publishes a typical per-user cost before add-ons, so the estimate is not settled.","","","","unreviewed"
"clio","C20","plans","Clio has a plan named Starter.","true","https://www.clio.com/pricing/","BEST VALUE Starting at $49/user Starter","2026-10-08T02:44:35.567Z","","","","","","","The pricing page (read once in a browser) lists a plan named Starter.","","","","unreviewed"
"clio","C21","plans","Clio has a plan named Core.","true","https://www.clio.com/pricing/","Core Clio Manage AI-first practice management that takes the busywork off your plate.","2026-10-08T02:44:35.567Z","","","","","","","The pricing page (read once in a browser) lists a plan named Core.","","","","unreviewed"
"clio","C22","plans","Clio has a plan named Signature.","true","https://www.clio.com/pricing/","Popular Signature Clio Manage Visibility and control to govern every matter, person, and dollar at scale.","2026-10-08T02:44:35.567Z","","","","","","","The pricing page (read once in a browser) lists a plan named Signature.","","","","unreviewed"
"clio","C23","plans","Clio has a plan named Elite.","true","https://www.clio.com/pricing/","Elite Clio Manage Clio Grow Signature’s practice management plus Clio Grow’s client acquisition suite.","2026-10-08T02:44:35.567Z","","","","","","","The pricing page (read once in a browser) lists a plan named Elite.","","","","unreviewed"
"clio","C24","plans","Clio has a plan named EasyStart.","unverifiable","","","","","","","","","","The pricing page (read once in a browser) lists the practice management plans Starter, Core, Signature and Elite and does not mention EasyStart; absence from the list is not an explicit contradiction and no dated rename is documented, so the plan name is not settled.","","","","unreviewed"
"clio","C25","plans","Clio has a plan named Essentials.","unverifiable","","","","","","","","","","The pricing page (read once in a browser) lists the practice management plans Starter, Core, Signature and Elite and does not mention Essentials; absence from the list is not an explicit contradiction and no dated rename is documented, so the plan name is not settled.","","","","unreviewed"
"clio","C26","plans","Clio has a plan named Advanced.","unverifiable","","","","","","","","","","The pricing page (read once in a browser) lists the practice management plans Starter, Core, Signature and Elite and does not mention Advanced; absence from the list is not an explicit contradiction and no dated rename is documented, so the plan name is not settled.","","","","unreviewed"
"clio","C27","plans","Clio has a plan named Complete.","unverifiable","","","","","","","","","","The pricing page (read once in a browser) lists the practice management plans Starter, Core, Signature and Elite and does not mention Complete; absence from the list is not an explicit contradiction and no dated rename is documented, so the plan name is not settled.","","","","unreviewed"
"clio","C28","plans","The entry plan does not include the client portal.","unverifiable","","","","","","","","","","The pricing page (read once in a browser) names each plan with a one-line description and a 'See features' link but its text does not list plan features, so which plan includes the client portal is not settled.","","","","unreviewed"
"clio","C29","plans","The Starter plan does not include document templates.","unverifiable","","","","","","","","","","The pricing page (read once in a browser) names each plan with a one-line description and a 'See features' link but its text does not list plan features, so whether Starter includes document templates is not settled.","","","","unreviewed"
"clio","C30","plans","The Starter plan does not include app integrations.","unverifiable","","","","","","","","","","The pricing page (read once in a browser) names each plan with a one-line description and a 'See features' link but its text does not list plan features, and the integrations page does not tie integrations to a plan, so whether Starter includes app integrations is not settled.","","","","unreviewed"
"clio","C31","plans","The EasyStart plan caps eSignatures at three per month.","unverifiable","","","","","","","","","","The pricing page (read once in a browser) names each plan with a one-line description and a 'See features' link but its text does not list plan features, so an eSignature cap is not settled.","","","","unreviewed"
"clio","C32","plans","Trust accounting is not included in the entry plan and costs extra.","unverifiable","","","","","","","","","","The pricing page (read once in a browser) says Starter comes 'with legal accounting built in' but does not name trust accounting, and the $39 entry level the answers describe is not a plan on that page, so the claim is not settled.","","","","unreviewed"
"clio","C33","plans","Accounting is included in every current Clio plan.","unverifiable","","","","","","","","","","The pricing page (read once in a browser) says Starter comes 'with legal accounting built in' and lists the FAQ 'Is accounting included in my plan?' without its answer; it does not say accounting is in every plan.","","","","unreviewed"
"clio","C34","plans","The Signature plan includes unlimited custom roles and permissions.","unverifiable","","","","","","","","","","The pricing page (read once in a browser) describes Signature in one line (visibility and control at scale) and does not list its features, so unlimited custom roles are not settled.","","","","unreviewed"
"clio","C35","plans","The Signature plan includes split billing.","unverifiable","","","","","","","","","","The pricing page (read once in a browser) describes Signature in one line and does not list its features, so split billing is not settled.","","","","unreviewed"
"clio","C36","plans","The Signature plan includes multiple currencies.","unverifiable","","","","","","","","","","The pricing page (read once in a browser) describes Signature in one line and does not list its features, so multiple currencies are not settled.","","","","unreviewed"
"clio","C37","plans","The Signature plan includes matter stages.","unverifiable","","","","","","","","","","The pricing page (read once in a browser) describes Signature in one line and does not list its features, so matter stages are not settled.","","","","unreviewed"
"clio","C38","plans","The Signature plan includes scheduled AI-built reports.","unverifiable","","","","","","","","","","The pricing page (read once in a browser) describes Signature in one line and does not list its features, so scheduled AI-built reports are not settled.","","","","unreviewed"
"clio","C39","plans","Clio Grow is included in the Elite plan.","true","https://www.clio.com/pricing/","Clio Grow (included in Elite and Elite Work)","2026-10-08T02:44:35.567Z","","","","","","","The pricing page (read once in a browser) lists Clio Grow as included in Elite (and Elite Work).","","","","unreviewed"
"clio","C40","plans","Clio Grow (intake and CRM) is a separately priced add-on unless a plan includes it.","true","https://www.clio.com/pricing/","ADD-ON Client intake and CRM Clio Grow (included in Elite and Elite Work)","2026-10-08T02:44:35.567Z","","","","","","","The pricing page (read once in a browser) lists Clio Grow, client intake and CRM, as an add-on to a plan unless the plan (Elite, Elite Work) includes it.","","","","unreviewed"
"clio","C41","plans","Clio Duo is billed on top of the plan price.","unverifiable","","","","","","","","","","No page read (pricing, home, integrations and about, each read once in a browser) mentions Clio Duo; the pricing FAQ 'Is AI included in my plan?' appears without its answer, so the claim is not settled.","","","","unreviewed"
"clio","C42","plans","E-signature is billed on top of the plan price.","unverifiable","","","","","","","","","","No page read (pricing, home, integrations and about, each read once in a browser) mentions how e-signature is priced, so the claim is not settled.","","","","unreviewed"
"clio","C43","plans","Clio Draft (document assembly) is a paid add-on.","unverifiable","","","","","","","","","","The pricing page's add-on list (read once in a browser) names Clio Grow and Clio for Personal Injury only and does not mention Clio Draft; the page's other tabs were not captured, so the claim is not settled.","","","","unreviewed"
"clio","C44","plans","Clio Accounting is a separate add-on.","unverifiable","","","","","","","","","","The pricing page (read once in a browser) says Starter comes 'with legal accounting built in' and names no Clio Accounting add-on; it does not say whether a product of that name is sold separately, so the claim is not settled.","","","","unreviewed"
"clio","C45","plans","Personal injury features are sold as an add-on or bundle.","true","https://www.clio.com/pricing/","ADD-ON Personal injury Clio for Personal Injury Manage medical records, damages, and settlements","2026-10-08T02:44:35.567Z","","","","","","","The pricing page (read once in a browser) lists personal injury as an add-on, Clio for Personal Injury. The bundle name PI Essentials that two answers use is not on the page; it is now coded on its own (C90) and its price is C13.","","","","unreviewed"
"clio","C46","plans","Document automation is limited to Clio's higher tiers.","unverifiable","","","","","","","","","","The pricing page (read once in a browser) names each plan with a one-line description and a 'See features' link but its text does not list plan features, so whether document automation is limited to higher tiers is not settled.","","","","unreviewed"
"clio","C47","plans","Court calendaring is limited to Clio's higher tiers.","unverifiable","","","","","","","","","","The pricing page (read once in a browser) names each plan with a one-line description and a 'See features' link but its text does not list plan features, so whether court calendaring is limited to higher tiers is not settled.","","","","unreviewed"
"clio","C48","free_tier","Clio offers a free plan.","unverifiable","","","","","","","","","","The pages read (each once in a browser) offer a free trial ('free for 7 days', integrations page) and show only priced or on-request plans on the pricing page's practice management tab, but no page states there is no free plan and the other tabs were not captured, so the claim is not explicitly contradicted.","","","","unreviewed"
"clio","C49","product_names","Clio's practice management product is named Clio Manage.","true","https://www.clio.com/pricing/","Starter Clio Manage The foundation for running your practice, with legal accounting built in.","2026-10-08T02:44:35.567Z","","","","","","","The pricing page's practice management plans (read once in a browser) are each labelled Clio Manage, and the home page links to 'Explore Clio Manage'.","","","","unreviewed"
"clio","C50","product_names","Clio's intake and CRM product is named Clio Grow.","true","https://www.clio.com/pricing/","Client intake and CRM Clio Grow (included in Elite and Elite Work)","2026-10-08T02:44:35.567Z","","","","","","","The pricing page (read once in a browser) names the client intake and CRM product Clio Grow.","","","","unreviewed"
"clio","C51","product_names","Clio's AI assistant is named Clio Duo.","unverifiable","","","","","","","","","","No page read (pricing, home, integrations and about, each read once in a browser) mentions Clio Duo; the home page names Clio Work, Clio Grow and Clio Manage, so the name is not settled.","","","","unreviewed"
"clio","C52","product_names","Clio's AI tools are named Manage AI (Clio Manage AI).","unverifiable","","","","","","","","","","No page read (pricing, home, integrations and about, each read once in a browser) names an AI product Manage AI or Clio Manage AI, so the name is not settled.","","","","unreviewed"
"clio","C53","product_names","Clio has a product named Clio Accounting.","unverifiable","","","","","","","","","","No page read (pricing, home, integrations and about, each read once in a browser) names a product called Clio Accounting (the pricing page says Starter has legal accounting built in), so the name is not settled.","","","","unreviewed"
"clio","C54","product_names","Clio sells a bundle named Clio Suite.","unverifiable","","","","","","","","","","No page read (pricing, home, integrations and about, each read once in a browser) names a bundle called Clio Suite, so the name is not settled.","","","","unreviewed"
"clio","C55","product_names","Clio's document assembly product is named Clio Draft.","unverifiable","","","","","","","","","","No page read (pricing, home, integrations and about, each read once in a browser) names a product called Clio Draft, so the name is not settled.","","","","unreviewed"
"clio","C56","product_names","Clio has a product named Clio Legal.","unverifiable","","","","","","","","","","No page read (pricing, home, integrations and about, each read once in a browser) names a product called Clio Legal, so the name is not settled.","","","","unreviewed"
"clio","C57","product_names","Clio offers vLex legal research (the vLex research engine) as part of its platform.","unverifiable","","","","","","","","","","The home page (read once in a browser) describes a legal library of 'over a billion legal documents across 100+ countries' but does not name vLex, so the claim is not settled.","","","","unreviewed"
"clio","C58","acquisitions","Clio acquired vLex.","unverifiable","","","","","","","","","","The about page and the home page (read once in a browser) do not mention vLex or any acquisition, so the claim is not settled.","","","","unreviewed"
"clio","C59","acquisitions","The vLex acquisition was worth roughly $1 billion.","unverifiable","","","","","","","","","","No page read mentions the vLex acquisition or its value, so the claim is not settled.","","","","unreviewed"
"clio","C60","customer_counts","Clio is used by over 150,000 legal professionals.","true","https://www.clio.com/about/","400,000+ legal professionals use Clio","2026-10-08T04:03:00.877Z","","","","","","","The about page (read once in a browser) gives 400,000+ legal professionals using Clio; 'over 150,000' is a lower bound and true as written.","","","","unreviewed"
"clio","C61","customer_counts","Clio has 150,000 or more firms as customers.","unverifiable","","","","","","","","","","The pages read count legal professionals (400,000+ on the about and home pages), not firms; no page gives a firm count, so 150,000+ firms is not settled.","","","","unreviewed"
"clio","C62","customer_counts","Clio has about 400,000 users.","true","https://www.clio.com/about/","400,000+ legal professionals use Clio","2026-10-08T04:03:00.877Z","","","","","","","The about page (read once in a browser) gives 400,000+ legal professionals using Clio, which matches about 400,000 users.","","","","unreviewed"
"clio","C63","platforms","Clio is cloud-based software.","unverifiable","","","","","","","","","","No page read (pricing, home, integrations and about, each read once in a browser) states that Clio is cloud-based; the about page says only that its co-founder believed 'the cloud would reshape legal work', so the claim is not settled.","","","","unreviewed"
"clio","C64","platforms","Clio has no on-premises or desktop-installed version.","unverifiable","","","","","","","","","","No page read (pricing, home, integrations and about, each read once in a browser) says whether an on-premises or desktop version exists, so the claim is not settled.","","","","unreviewed"
"clio","C65","platforms","Clio has an iOS mobile app.","unverifiable","","","","","","","","","","No page read (pricing, home, integrations and about, each read once in a browser) names an iOS app, so the claim is not settled.","","","","unreviewed"
"clio","C66","platforms","Clio has an Android mobile app.","unverifiable","","","","","","","","","","No page read (pricing, home, integrations and about, each read once in a browser) names an Android app, so the claim is not settled.","","","","unreviewed"
"clio","C67","certifications","Clio holds SOC 2 Type II certification.","true","https://www.clio.com/","SOC 2 Type II certified.","2026-10-08T02:44:55.373Z","","","","","","","The home page (read once in a browser) states 'SOC 2 Type II certified.'","","","","unreviewed"
"clio","C68","certifications","Clio is GDPR compliant.","unverifiable","","","","","","","","","","No page read (pricing, home, integrations and about, each read once in a browser) mentions GDPR, so the claim is not settled.","","","","unreviewed"
"clio","C69","certifications","Clio is CCPA compliant.","unverifiable","","","","","","","","","","No page read (pricing, home, integrations and about, each read once in a browser) mentions CCPA, so the claim is not settled.","","","","unreviewed"
"clio","C70","integrations","Clio integrates with Microsoft 365.","unverifiable","","","","","","","","","","The integrations page (read once in a browser) names Zapier, Zoom and Microsoft Teams among its integrations content and describes calendar, email, accounting and document connections without naming the products; Microsoft 365 is not named, so the claim is not settled.","","","","unreviewed"
"clio","C71","integrations","Clio integrates with Google Workspace.","unverifiable","","","","","","","","","","The integrations page (read once in a browser) names Zapier, Zoom and Microsoft Teams among its integrations content and describes calendar, email, accounting and document connections without naming the products; Google Workspace is not named, so the claim is not settled.","","","","unreviewed"
"clio","C72","integrations","Clio integrates with QuickBooks.","unverifiable","","","","","","","","","","The integrations page (read once in a browser) names Zapier, Zoom and Microsoft Teams among its integrations content and describes calendar, email, accounting and document connections without naming the products ('syncing your accounting platform'); QuickBooks is not named, so the claim is not settled.","","","","unreviewed"
"clio","C73","integrations","Clio integrates with QuickBooks Online.","unverifiable","","","","","","","","","","The integrations page (read once in a browser) names Zapier, Zoom and Microsoft Teams among its integrations content and describes calendar, email, accounting and document connections without naming the products; QuickBooks Online is not named, so the claim is not settled.","","","","unreviewed"
"clio","C74","integrations","Clio works with QuickBooks Desktop.","unverifiable","","","","","","","","","","The integrations page (read once in a browser) names Zapier, Zoom and Microsoft Teams among its integrations content and describes calendar, email, accounting and document connections without naming the products; QuickBooks Desktop is not named, so the claim is not settled.","","","","unreviewed"
"clio","C75","integrations","Clio integrates with Xero.","unverifiable","","","","","","","","","","The integrations page (read once in a browser) names Zapier, Zoom and Microsoft Teams among its integrations content and describes calendar, email, accounting and document connections without naming the products; Xero is not named, so the claim is not settled.","","","","unreviewed"
"clio","C76","integrations","Clio integrates with LawPay.","unverifiable","","","","","","","","","","The integrations page (read once in a browser) names Zapier, Zoom and Microsoft Teams among its integrations content and describes calendar, email, accounting and document connections without naming the products; LawPay is not named, so the claim is not settled.","","","","unreviewed"
"clio","C77","integrations","Clio integrates with Dropbox.","unverifiable","","","","","","","","","","The integrations page (read once in a browser) names Zapier, Zoom and Microsoft Teams among its integrations content and describes calendar, email, accounting and document connections without naming the products; Dropbox is not named, so the claim is not settled.","","","","unreviewed"
"clio","C78","integrations","Clio integrates with Zoom.","true","https://www.clio.com/features/integrations/","Clio This Month: Integrations With Zoom and Microsoft Teams","2026-10-08T02:45:09.090Z","","","","","","","The integrations page (read once in a browser) lists Clio's own article 'Clio This Month: Integrations With Zoom and Microsoft Teams' among its integration resources.","","","","unreviewed"
"clio","C79","integrations","Clio integrates with NetDocuments.","unverifiable","","","","","","","","","","The integrations page (read once in a browser) names Zapier, Zoom and Microsoft Teams among its integrations content and describes calendar, email, accounting and document connections without naming the products; NetDocuments is not named, so the claim is not settled.","","","","unreviewed"
"clio","C80","integrations","Clio integrates with iManage.","unverifiable","","","","","","","","","","The integrations page (read once in a browser) names Zapier, Zoom and Microsoft Teams among its integrations content and describes calendar, email, accounting and document connections without naming the products; iManage is not named, so the claim is not settled.","","","","unreviewed"
"clio","C81","integrations","Clio integrates with DocuSign.","unverifiable","","","","","","","","","","The integrations page (read once in a browser) names Zapier, Zoom and Microsoft Teams among its integrations content and describes calendar, email, accounting and document connections without naming the products; DocuSign is not named, so the claim is not settled.","","","","unreviewed"
"clio","C82","integrations","Clio integrates with Outlook.","unverifiable","","","","","","","","","","The integrations page (read once in a browser) names Zapier, Zoom and Microsoft Teams among its integrations content and describes calendar, email, accounting and document connections without naming the products; Outlook is not named, so the claim is not settled.","","","","unreviewed"
"clio","C83","integrations","Clio integrates with Microsoft Teams.","true","https://www.clio.com/features/integrations/","Clio This Month: Integrations With Zoom and Microsoft Teams","2026-10-08T02:45:09.090Z","","","","","","","The integrations page (read once in a browser) lists Clio's own article 'Clio This Month: Integrations With Zoom and Microsoft Teams' among its integration resources.","","","","unreviewed"
"clio","C84","integrations","Clio offers 250+ (over 250) app integrations.","true","https://www.clio.com/features/integrations/","Build smarter workflows with Clio’s 250+ app integrations.","2026-10-08T02:45:09.090Z","","","","","","","The integrations page (read once in a browser) states 250+ app integrations and 'over 250 apps' in the Clio App Directory; the home page gives 300+.","","","","unreviewed"
"clio","C85","integrations","Clio offers over 200 (200+) app integrations.","true","https://www.clio.com/features/integrations/","With over 250 apps available in the Clio App Directory","2026-10-08T02:45:09.090Z","","","","","","","Lower bound: the integrations page (read once in a browser) gives 'over 250 apps' in the App Directory and the home page 300+, so 'over 200' is true as written.","","","","unreviewed"
"clio","C86","integrations","Clio offers 300+ integrations.","true","https://www.clio.com/","300+ app integrations","2026-10-08T02:44:55.373Z","","","","","","","The home page (read once in a browser) gives '300+ app integrations' and the about page '300+ app integration partners'.","","","","unreviewed"
"clio","C87","integrations","Clio integrates with hundreds of apps.","true","https://www.clio.com/","300+ app integrations","2026-10-08T02:44:55.373Z","","","","","","","The home page (read once in a browser) gives 300+ app integrations and the integrations page 250+, which is hundreds.","","","","unreviewed"
"clio","C88","platforms","Clio can be used on mobile devices (mobile app).","unverifiable","","","","","","","","","","No page read (pricing, home, integrations and about, each read once in a browser) names a mobile app or mobile access; the integrations page's article title about 'Enhanced Mobile Documents' does not state it, so the claim is not settled.","","","","unreviewed"
"clio","C89","certifications","Clio provides Business Associate Agreements (BAAs).","unverifiable","","","","","","","","","","The pricing page (read once in a browser) says Clio for Personal Injury comes 'with HIPAA compliance included', but no page read mentions a Business Associate Agreement, so the claim is not settled.","","","","unreviewed"
"clio","C90","product_names","Clio sells a personal injury bundle named PI Essentials.","unverifiable","","","","","","","","","","The pricing page (read once in a browser) names the personal injury add-on Clio for Personal Injury and does not mention PI Essentials; no dated rename is documented, so the name is not settled.","","","","unreviewed"
"clio","C91","pricing","Clio is priced per user per month.","true","https://www.clio.com/pricing/","Starting at $49/user","2026-10-08T02:44:35.567Z","","","","","","","The pricing page (read once in a browser) prices the entry plan per user ('Starting at $49/user'); as for C01, the snapshot does not print a billing period, so the monthly part is read as the usual basis and not contradicted.","","","","unreviewed"
"8am-mycase","C01","pricing","MyCase Basic costs $50 per user per month billed annually.","true","https://www.mycase.com/pricing","MyCase Basic plan is $50 per user/month (billed annually) or $60 per user/month (billed monthly)","2026-10-08T03:02:38.030Z","","","","","","","The pricing page FAQ gives Basic at $50 per user per month billed annually.","","","","unreviewed"
"8am-mycase","C02","pricing","MyCase Basic costs $60 per user per month billed monthly.","true","https://www.mycase.com/pricing","MyCase Basic plan is $50 per user/month (billed annually) or $60 per user/month (billed monthly)","2026-10-08T03:02:38.030Z","","","","","","","The pricing page FAQ gives Basic at $60 per user per month billed monthly.","","","","unreviewed"
"8am-mycase","C03","pricing","MyCase Pro costs $100 per user per month billed annually.","true","https://www.mycase.com/pricing","MyCase Pro plan is $100 per user/month (billed annually) or $120 per user/month (billed monthly)","2026-10-08T03:02:38.030Z","","","","","","","The pricing page FAQ gives Pro at $100 per user per month billed annually.","","","","unreviewed"
"8am-mycase","C04","pricing","MyCase Pro costs $120 per user per month billed monthly.","true","https://www.mycase.com/pricing","MyCase Pro plan is $100 per user/month (billed annually) or $120 per user/month (billed monthly)","2026-10-08T03:02:38.030Z","","","","","","","The pricing page FAQ gives Pro at $120 per user per month billed monthly.","","","","unreviewed"
"8am-mycase","C05","pricing","MyCase Advanced costs $130 per user per month billed annually.","true","https://www.mycase.com/pricing","MyCase Advanced plan is $130 per user/month (billed annually) or $150 per user/month (billed monthly)","2026-10-08T03:02:38.030Z","","","","","","","The pricing page FAQ gives Advanced at $130 per user per month billed annually.","","","","unreviewed"
"8am-mycase","C06","pricing","MyCase Advanced costs $150 per user per month billed monthly.","true","https://www.mycase.com/pricing","MyCase Advanced plan is $130 per user/month (billed annually) or $150 per user/month (billed monthly)","2026-10-08T03:02:38.030Z","","","","","","","The pricing page FAQ gives Advanced at $150 per user per month billed monthly.","","","","unreviewed"
"8am-mycase","C07","pricing","Monthly billing costs more than annual billing.","true","https://www.mycase.com/pricing","Pay Yearly (Save up to 16%) Your practice isn't going anywhere. Save up to 16% by paying for the year upfront.","2026-10-08T03:02:38.030Z","","","","","","","The pricing page shows each plan priced higher on monthly billing and states that yearly payment saves up to 16%.","","","","unreviewed"
"8am-mycase","C08","pricing","MyCase Pro for 3 to 5 users costs $300 to $500 per month on annual billing.","true","https://www.mycase.com/pricing","MyCase Pro plan is $100 per user/month (billed annually) or $120 per user/month (billed monthly)","2026-10-08T03:02:38.030Z","","","","","","","At the published $100 per user per month on annual billing, 3 to 5 Pro users come to $300 to $500 per month.","","","","unreviewed"
"8am-mycase","C09","pricing","Three MyCase Pro users cost $3,600 per year on annual billing.","true","https://www.mycase.com/pricing","MyCase Pro plan is $100 per user/month (billed annually) or $120 per user/month (billed monthly)","2026-10-08T03:02:38.030Z","","","","","","","Three users at the published $100 per user per month on annual billing come to $3,600 per year.","","","","unreviewed"
"8am-mycase","C10","pricing","The MyCase Accounting add-on costs $39 per user per month.","true","https://www.mycase.com/pricing","MyCase Accounting Full financial clarity, built right in $39 USD/user/month","2026-10-08T03:02:38.030Z","","","","","","","The pricing page lists the MyCase Accounting enhancement at $39 per user per month.","","","","unreviewed"
"8am-mycase","C11","pricing","MyCase starts at $50 per user per month (billing basis not stated).","true","https://www.mycase.com/pricing","MyCase Basic plan is $50 per user/month (billed annually) or $60 per user/month (billed monthly)","2026-10-08T03:02:38.030Z","","","","","","","Basic, the lowest plan, is $50 per user per month on annual billing, which matches the stated starting price; the answers do not claim a monthly-billing price.","","","","unreviewed"
"8am-mycase","C12","pricing","MyCase starts at about $39 to $50 per user per month.","true","https://www.mycase.com/pricing","MyCase Basic plan is $50 per user/month (billed annually) or $60 per user/month (billed monthly)","2026-10-08T03:02:38.030Z","","","","","","","The published entry price, Basic at $50 per user per month billed annually, falls within the stated range, so the range is not contradicted.","","","","unreviewed"
"8am-mycase","C13","pricing","MyCase base plans start around $49 to $50 per user per month.","true","https://www.mycase.com/pricing","MyCase Basic plan is $50 per user/month (billed annually) or $60 per user/month (billed monthly)","2026-10-08T03:02:38.030Z","","","","","","","The published Basic price of $50 per user per month billed annually falls within the stated range.","","","","unreviewed"
"8am-mycase","C14","pricing","MyCase is priced per user.","true","https://www.mycase.com/pricing","Your monthly subscription rate depends on the number of active firm users you have added to your account.","2026-10-08T03:02:38.030Z","","","","","","","The pricing page prices every plan per user per month and ties the subscription rate to the number of active users.","","","","unreviewed"
"8am-mycase","C15","pricing","MyCase pricing is tiered.","true","https://www.mycase.com/pricing","MyCase Basic $60 USD per user/month MyCase Pro $120 USD per user/month MyCase Advanced $150 USD per user/month","2026-10-08T03:02:38.030Z","","","","","","","The pricing page lists three tiers: Basic, Pro and Advanced.","","","","unreviewed"
"8am-mycase","C16","pricing","MyCase starts at $39 per user per month (billing basis not stated).","wrong","https://www.mycase.com/pricing","MyCase Basic plan is $50 per user/month (billed annually) or $60 per user/month (billed monthly)","2026-10-08T03:02:38.030Z","","","","https://www.mycase.com/comparison/mycase-vs-clio/","own page","MyCase pricing provides a better value for your investment, starting at $39/user/month for cloud-based case management","The pricing page puts the lowest plan, Basic, at $50 per user per month annually or $60 monthly, so no plan starts at $39; the vendor's own Clio comparison FAQ still says starting at $39, and that page is cited by one answer carrying the claim.","","","","unreviewed"
"8am-mycase","C17","pricing","MyCase Basic costs $39 per user per month billed annually.","wrong","https://www.mycase.com/pricing","MyCase Basic plan is $50 per user/month (billed annually) or $60 per user/month (billed monthly)","2026-10-08T03:02:38.030Z","","","","https://www.accountingatelier.com/blog/clio-vs-mycase","other","MyCase starts at $39 per user per month (Basic, billed annually) or $49 billed monthly, with Pro at $89 and Advanced at $109 annually.","The pricing page gives Basic at $50 per user per month billed annually, contradicting $39 on the same plan and billing basis.","","","","unreviewed"
"8am-mycase","C18","pricing","MyCase starts at $49 per user per month (billing basis not stated).","wrong","https://www.mycase.com/pricing","MyCase Basic plan is $50 per user/month (billed annually) or $60 per user/month (billed monthly)","2026-10-08T03:02:38.030Z","","","","https://legalstackreview.com/best-practice-management.html","review site","Starting price $49/mo Free trial 10 days","The lowest published price is Basic at $50 per user per month annually or $60 monthly, so no billing basis gives the exact $49 start these three answers state; the approximate ""Starts around $49"" instance was moved to C55 in pass 2.","","","","unreviewed"
"8am-mycase","C19","pricing","MyCase Basic costs $49 per user per month billed monthly.","wrong","https://www.mycase.com/pricing","MyCase Basic plan is $50 per user/month (billed annually) or $60 per user/month (billed monthly)","2026-10-08T03:02:38.030Z","","","","https://www.accountingatelier.com/blog/clio-vs-mycase","other","MyCase starts at $39 per user per month (Basic, billed annually) or $49 billed monthly","The pricing page gives Basic at $60 per user per month on monthly billing, contradicting $49 on the same plan and billing basis.","","","","unreviewed"
"8am-mycase","C20","pricing","MyCase starts at about $39 to $49 per user per month.","unverifiable","","","","","","","","","","Pass 2 re-classed this from wrong: the range is stated as approximate and its upper end is one dollar below the published entry price (Basic at $50 per user per month billed annually), so the pricing page does not clearly contradict it, and because $50 lies just outside the range it cannot be classed true either.","","","","unreviewed"
"8am-mycase","C21","pricing","MyCase Pro costs $89 per user per month.","wrong","https://www.mycase.com/pricing","MyCase Pro plan is $100 per user/month (billed annually) or $120 per user/month (billed monthly)","2026-10-08T03:02:38.030Z","","","","https://www.accountingatelier.com/blog/clio-vs-mycase","other","MyCase starts at $39 per user per month (Basic, billed annually) or $49 billed monthly, with Pro at $89 and Advanced at $109 annually.","The pricing page gives Pro at $100 per user per month annually or $120 monthly, so $89 matches neither billing basis.","","","","unreviewed"
"8am-mycase","C22","pricing","MyCase Advanced (the top tier) costs $109 per user per month.","wrong","https://www.mycase.com/pricing","MyCase Advanced plan is $130 per user/month (billed annually) or $150 per user/month (billed monthly)","2026-10-08T03:02:38.030Z","","","","https://www.accountingatelier.com/blog/clio-vs-mycase","other","MyCase starts at $39 per user per month (Basic, billed annually) or $49 billed monthly, with Pro at $89 and Advanced at $109 annually.","The pricing page gives Advanced at $130 per user per month annually or $150 monthly, so $109 matches neither billing basis.","","","","unreviewed"
"8am-mycase","C23","pricing","MyCase ranges from $39 to about $89 per user per month across tiers.","wrong","https://www.mycase.com/pricing","MyCase Basic $50 USD per user/month MyCase Pro $100 USD per user/month MyCase Advanced $130 USD per user/month","2026-10-08T03:02:38.030Z","","","","https://www.quickbase.com/blog/best-legal-case-practice-management-software","other","MyCase ranges from $39 to approximately $89 per user per month across tiers.","On annual billing the published tiers run from $50 to $130 per user per month (and $60 to $150 monthly), contradicting both ends of the stated range.","","","","unreviewed"
"8am-mycase","C24","pricing","A 5-attorney firm pays about $5,500 to $7,500 per year for MyCase.","unverifiable","","","","","","","","","","The claim names no plan or billing period, so the published per-plan prices cannot be compared like with like.","","","","unreviewed"
"8am-mycase","C25","pricing","8am CASEpeer starts around $65 to $89 per user per month.","unverifiable","","","","","","","","","","None of the pages read in this study publishes CASEpeer pricing.","","","","unreviewed"
"8am-mycase","C26","free_tier","MyCase offers a 10-day free trial.","true","https://www.mycase.com/pricing","MyCase offers a 10 day no-cost trial of our legal practice management solution.","2026-10-08T03:02:38.030Z","","","","","","","The pricing page FAQ states a 10 day no-cost trial.","","","","unreviewed"
"8am-mycase","C27","plans","MyCase Pro includes intake forms and legal CRM, automated workflows, unlimited e-signatures, document generation, two-way texting and chat, and AI features.","true","https://www.mycase.com/pricing","Everything in Basic Unlimited eSignature and Document Generation Automated Workflows Client Intake Forms and Legal CRM 2-Way Texting, Chat, and Call Log Premium Billing, Invoicing, and Reporting 8am IQ Writing and Document Assistant","2026-10-08T03:02:38.030Z","","","","","","","The Pro column of the pricing page lists each of these items, including the 8am IQ writing and document assistant; each answer names a subset of them.","","","","unreviewed"
"8am-mycase","C28","plans","MyCase Basic has a limited client portal.","true","https://www.mycase.com/pricing","Unlimited Document Storage Client Portal (Limited)","2026-10-08T03:02:38.030Z","","","","","","","The Basic column of the pricing page lists Client Portal (Limited).","","","","unreviewed"
"8am-mycase","C29","plans","Intake, two-way texting, e-signatures and workflow automation are not in Basic; they come with Pro or higher.","true","https://www.mycase.com/pricing","Everything in Basic Unlimited eSignature and Document Generation Automated Workflows Client Intake Forms and Legal CRM 2-Way Texting, Chat, and Call Log","2026-10-08T03:02:38.030Z","","","","","","","The pricing page lists these items as what Pro adds to Basic, and the Basic feature list does not include them.","","","","unreviewed"
"8am-mycase","C30","plans","Advanced document automation requires the Advanced plan.","true","https://www.mycase.com/pricing","Everything in MyCase Pro 8am IQ Case Assistant 8am IQ Discovery Assistant (OCR) New Advanced Document Automation","2026-10-08T03:02:38.030Z","","","","","","","The pricing page lists Advanced Document Automation among the items the Advanced plan adds to Pro.","","","","unreviewed"
"8am-mycase","C31","plans","MyCase Advanced includes split billing.","true","https://www.mycase.com/pricing","Desktop Drive (PC & Mac) Conflict Check Tracking Split Billing Open API","2026-10-08T03:02:38.030Z","","","","","","","The Advanced column of the pricing page lists Split Billing.","","","","unreviewed"
"8am-mycase","C32","plans","Full accounting (MyCase Accounting) is a separately priced add-on, not included in the plans.","true","https://www.mycase.com/pricing","MyCase Accounting Full financial clarity, built right in $39 USD/user/month","2026-10-08T03:02:38.030Z","","","","","","","The pricing page lists MyCase Accounting under Enhancements with its own per-user price, separate from the Basic, Pro and Advanced plans.","","","","unreviewed"
"8am-mycase","C33","plans","Trust accounting is included in the MyCase plans.","true","https://www.mycase.com/pricing","Case and Contact Management Time Entry, Invoicing and Trust Accounting","2026-10-08T03:02:38.030Z","","","","","","","The Basic column of the pricing page lists Trust Accounting, and Pro and Advanced include everything in Basic.","","","","unreviewed"
"8am-mycase","C34","plans","Intake is included in the MyCase product at no extra charge (not a separate add-on).","true","https://www.mycase.com/pricing","Everything in Basic Unlimited eSignature and Document Generation Automated Workflows Client Intake Forms and Legal CRM","2026-10-08T03:02:38.030Z","","","","","","","Intake forms and the legal CRM are part of the Pro plan (and Advanced), and the pricing page sells no separate intake add-on; its only paid enhancements are LawPay Payments and MyCase Accounting.","","","","unreviewed"
"8am-mycase","C35","plans","Billing, client portal, document management and case management are included without per-feature add-ons.","true","https://www.mycase.com/pricing","Case and Contact Management Time Entry, Invoicing and Trust Accounting Online Payments with Next-Day Deposits New Customizable Reporting New Unlimited Document Storage Client Portal (Limited)","2026-10-08T03:02:38.030Z","","","","","","","The Basic plan already lists case management, invoicing, document storage and the client portal, so these come with every plan.","","","","unreviewed"
"8am-mycase","C36","plans","E-signatures and a client portal are included even in the lower tiers.","unverifiable","","","","","","","","","","The pricing page shows the client portal (limited) in Basic and unlimited eSignature in Pro, but the snapshot does not show whether Basic has any e-signature allowance, and the claim does not say which tiers it means.","","","","unreviewed"
"8am-mycase","C37","product_names","CASEpeer is an 8am product named 8am CASEpeer (CASEpeer by 8am).","true","https://www.8am.com/","Built for personal injury law firms, 8am CasePeer combines intuitive workflows, collaboration tools, and financial intelligence","2026-10-08T03:05:13.046Z","","","","","","","The 8am home page names the personal injury product 8am CasePeer.","","","","unreviewed"
"8am-mycase","C38","product_names","8am IQ is 8am's AI product.","true","https://www.mycase.com/pricing","8am IQ Writing and Document Assistant","2026-10-08T03:02:38.030Z","","","","","","","The pricing and home pages name the built-in AI tools 8am IQ; the launch timing in the answer is out of scope.","","","","unreviewed"
"8am-mycase","C39","product_names","The MyCase AI writing and document assistant is named MyCase IQ.","wrong","https://www.mycase.com/pricing","8am IQ Writing and Document Assistant","2026-10-08T03:02:38.030Z","","","","","not found","","The pricing page names the same writing and document assistant 8am IQ, and no page read uses the name MyCase IQ or dates a rename, so the claim is wrong rather than stale.","","","","unreviewed"
"8am-mycase","C40","product_names","MyCase Accounting is a MyCase product.","true","https://www.mycase.com/pricing","MyCase Accounting Full financial clarity, built right in","2026-10-08T03:02:38.030Z","","","","","","","The pricing page offers an enhancement named MyCase Accounting.","","","","unreviewed"
"8am-mycase","C41","integrations","MyCase Pro offers 70+ integrations.","true","https://www.mycase.com/pricing","8am IQ Writing and Document Assistant 70+ Integrations","2026-10-08T03:02:38.030Z","","","","","","","The Pro column of the pricing page lists 70+ Integrations.","","","","unreviewed"
"8am-mycase","C42","integrations","MyCase integrates with QuickBooks (QuickBooks Online).","true","https://www.mycase.com/integrations/","QuickBooks Sync MyCase with your QuickBooks account to export data to your QuickBooks online account","2026-10-08T03:03:08.106Z","","","","","","","The integrations page lists a QuickBooks integration that syncs to QuickBooks Online.","","","","unreviewed"
"8am-mycase","C43","integrations","MyCase integrates with Microsoft Outlook.","true","https://www.mycase.com/integrations/","Microsoft Outlook Sync MyCase with your Outlook calendar and link emails to MyCase contacts, leads, and cases without leaving Outlook.","2026-10-08T03:03:08.106Z","","","","","","","The integrations page lists a Microsoft Outlook integration.","","","","unreviewed"
"8am-mycase","C44","integrations","MyCase integrates with Google Calendar.","true","https://www.mycase.com/integrations/","Google Calendar Sync MyCase with your Google calendar for 2-way sync of calendar information.","2026-10-08T03:03:08.106Z","","","","","","","The integrations page lists a Google Calendar integration.","","","","unreviewed"
"8am-mycase","C45","integrations","MyCase integrates with Mailchimp.","true","https://www.mycase.com/integrations/","Mailchimp Sync your contacts’ information directly into Mailchimp to avoid duplicate data entry.","2026-10-08T03:03:08.106Z","","","","","","","The integrations page lists a Mailchimp integration.","","","","unreviewed"
"8am-mycase","C46","integrations","MyCase integrates with Zapier.","true","https://www.mycase.com/integrations/","Zapier Connect your software applications to automate your firm workflows.","2026-10-08T03:03:08.106Z","","","","","","","The integrations page lists a Zapier integration.","","","","unreviewed"
"8am-mycase","C47","integrations","MyCase payments run through LawPay.","true","https://mycase.com/","Payments, powered by 8am LawPay Accept debit, credit, eCheck and client fee financing through Affirm.","2026-10-08T03:02:32.798Z","","","","","","","The home page states that MyCase payments are powered by 8am LawPay.","","","","unreviewed"
"8am-mycase","C48","platforms","MyCase is cloud based.","true","https://www.mycase.com/features/mobile-app/","Our cloud-based technology gives your firm the flexibility to work wherever you need without sacrificing efficiency or productivity.","2026-10-08T03:03:12.452Z","","","","","","","The vendor's mobile app page describes MyCase as cloud-based technology.","","","","unreviewed"
"8am-mycase","C49","platforms","MyCase is available on mobile (mobile-ready).","true","https://www.mycase.com/features/mobile-app/","Our mobile-friendly app is available on Android and iOS.","2026-10-08T03:03:12.452Z","","","","","","","The mobile app page states the app is available on Android and iOS.","","","","unreviewed"
"8am-mycase","C50","customer_counts","MyCase is used by 15,000+ firms.","true","https://mycase.com/","Join 19,000+ firms that trust MyCase to run a more profitable, efficient practice.","2026-10-08T03:02:32.798Z","","","","","","","The home page states 19,000+ firms, which satisfies the stated lower bound of 15,000+ (true as written under the lower-bound rule).","","","","unreviewed"
"8am-mycase","C51","customer_counts","MyCase serves approximately 16,000 law firms.","wrong","https://mycase.com/","Join 19,000+ firms that trust MyCase to run a more profitable, efficient practice.","2026-10-08T03:02:32.798Z","","","","","not found","","The home page states 19,000+ firms; an approximate 16,000 is a point estimate at least 3,000 below that published floor, so it clearly understates rather than rounds, and no page read dates a change in the count.","","","","unreviewed"
"8am-mycase","C52","free_tier","MyCase offers a free trial of 7 to 14 days.","true","https://www.mycase.com/pricing","MyCase offers a 10 day no-cost trial of our legal practice management solution.","2026-10-08T03:02:38.030Z","","","","","","","The published 10 day no-cost trial falls within the stated 7 to 14 day range.","","","","unreviewed"
"8am-mycase","C53","plans","MyCase Basic includes the client portal.","true","https://www.mycase.com/pricing","Unlimited Document Storage Client Portal (Limited)","2026-10-08T03:02:38.030Z","","","","","","","The Basic column of the pricing page lists Client Portal (Limited), so the Basic plan includes a client portal; the answers do not say the portal is unlimited.","","","","unreviewed"
"8am-mycase","C54","pricing","8am CASEpeer is priced by custom quote.","unverifiable","","","","","","","","","","None of the pages read in this study publishes CASEpeer pricing or says how CASEpeer is priced.","","","","unreviewed"
"8am-mycase","C55","pricing","MyCase starts around $49 per user per month (approximate; billing basis not stated).","unverifiable","","","","","","","","","","The published entry price is Basic at $50 per user per month billed annually; an approximate ""around $49"" is within a dollar of it, so the pricing page neither matches it exactly nor clearly contradicts it (moved from C18 in pass 2).","","","","unreviewed"
"cosmolex","C01","pricing","The Launch plan costs $49 per user per month.","true","https://www.cosmolex.com/pricing","Launch $49 user/mo","2026-10-08T03:13:11.487Z","","","","","","","The pricing page lists Launch at $49 per user per month; the answers state the price without a billing period, as the page text does.","","","","unreviewed"
"cosmolex","C02","pricing","The Core plan costs $99 per user per month.","true","https://www.cosmolex.com/pricing","Core $99 user/mo","2026-10-08T03:13:11.487Z","","","","","","","The pricing page lists Core at $99 per user per month.","","","","unreviewed"
"cosmolex","C03","pricing","The Pro plan costs $129 per user per month.","true","https://www.cosmolex.com/pricing","Pro $129 user/mo","2026-10-08T03:13:11.487Z","","","","","","","The pricing page lists Pro at $129 per user per month.","","","","unreviewed"
"cosmolex","C04","pricing","The $49, $99 and $129 plan prices are annual-billing rates.","unverifiable","","","","","","","","","","The fetched pricing text shows a Monthly/Yearly toggle and a $120 yearly saving but not which billing period the displayed $49, $99 and $129 prices belong to, and the browser read of the page (pass 2) rendered no plan table or prices, so the billing period is still not settled in text.","","","","unreviewed"
"cosmolex","C05","pricing","CosmoLex starts at $89 per user per month (billing basis not stated).","wrong","https://www.cosmolex.com/pricing","Save $120 per user with yearly Monthly Yearly Launch $49 user/mo Try for free Core $99 user/mo Try for free Pro $129 user/mo","2026-10-08T03:13:11.487Z","","","","https://referent.law/alternatives/clio-alternatives/","other","Firms wanting built-in accounting | Light AI assistant | Partial | From ~$89/user/mo","The lowest plan, Launch, is listed at $49 per user per month and no plan is priced at $89; with a $120 yearly saving the Launch price is at most $59 on either billing period, so the stated starting price is contradicted (consistency check, pass 2: kept).","","","","unreviewed"
"cosmolex","C06","pricing","CosmoLex starts at $89 per user per month billed annually.","wrong","https://www.cosmolex.com/pricing","Save $120 per user with yearly Monthly Yearly Launch $49 user/mo Try for free Core $99 user/mo Try for free Pro $129 user/mo","2026-10-08T03:13:11.487Z","","","","","not found","","Launch is listed at $49 per user per month and yearly billing is the cheaper option, so the annual starting price is at most $49, not $89 (same period compared; consistency check, pass 2: kept).","","","","unreviewed"
"cosmolex","C07","pricing","CosmoLex starts at $99 per user per month on a monthly subscription.","wrong","https://www.cosmolex.com/pricing","Save $120 per user with yearly Monthly Yearly Launch $49 user/mo Try for free Core $99 user/mo Try for free Pro $129 user/mo","2026-10-08T03:13:11.487Z","","","","","not found","","Launch is listed at $49 per user per month and yearly billing saves only $120 per user a year, so the monthly-billing starting price is at most $59, not $99 (same period compared; consistency check, pass 2: kept).","","","","unreviewed"
"cosmolex","C08","pricing","CosmoLex starts at about $119 per user per month.","wrong","https://www.cosmolex.com/pricing","Save $120 per user with yearly Monthly Yearly Launch $49 user/mo Try for free Core $99 user/mo Try for free Pro $129 user/mo","2026-10-08T03:13:11.487Z","","","","","not found","","The lowest plan, Launch, is listed at $49 per user per month (at most $59 on either billing period), so a starting price of about $119 is contradicted.","","","","unreviewed"
"cosmolex","C09","pricing","CosmoLex starts at around $109 per user per month (billing basis not stated).","wrong","https://www.cosmolex.com/pricing","Save $120 per user with yearly Monthly Yearly Launch $49 user/mo Try for free Core $99 user/mo Try for free Pro $129 user/mo","2026-10-08T03:13:11.487Z","","","","","not found","","The lowest plan, Launch, is listed at $49 per user per month (at most $59 on either billing period), so a starting price of around $109 is contradicted; $109 can only be the Core plan on monthly billing, not the starting price.","","","","unreviewed"
"cosmolex","C10","pricing","CosmoLex starts around $109 per user per month on month-to-month billing, about $99 billed annually.","wrong","https://www.cosmolex.com/pricing","Save $120 per user with yearly Monthly Yearly Launch $49 user/mo Try for free Core $99 user/mo Try for free Pro $129 user/mo","2026-10-08T03:13:11.487Z","","","","","not found","","Launch is listed at $49 per user per month with yearly billing saving $120 per user a year, so the starting prices are at most $59 monthly and $49 yearly; the $109 and $99 pair fits the Core plan, not the starting plan, so as starting prices they are contradicted (consistency check, pass 2: kept).","","","","unreviewed"
"cosmolex","C11","pricing","CosmoLex plans start around $89 to $119 per user per month.","wrong","https://www.cosmolex.com/pricing","Save $120 per user with yearly Monthly Yearly Launch $49 user/mo Try for free Core $99 user/mo Try for free Pro $129 user/mo","2026-10-08T03:13:11.487Z","","","","","not found","","The lowest plan is listed at $49 per user per month (at most $59 on either billing period), below the whole stated starting range.","","","","unreviewed"
"cosmolex","C12","pricing","CosmoLex entry-level pricing starts around $109 to $119 per user per month.","wrong","https://www.cosmolex.com/pricing","Save $120 per user with yearly Monthly Yearly Launch $49 user/mo Try for free Core $99 user/mo Try for free Pro $129 user/mo","2026-10-08T03:13:11.487Z","","","","","not found","","The entry-level Launch plan is listed at $49 per user per month (at most $59 on either billing period), below the stated range.","","","","unreviewed"
"cosmolex","C13","pricing","A typical solo starting price for CosmoLex is about $89 to $99 per user per month.","wrong","https://www.cosmolex.com/pricing","Save $120 per user with yearly Monthly Yearly Launch $49 user/mo Try for free Core $99 user/mo Try for free Pro $129 user/mo","2026-10-08T03:13:11.487Z","","","","","not found","","The lowest plan is listed at $49 per user per month (at most $59 on either billing period), below the stated starting range given in a starting-price column.","","","","unreviewed"
"cosmolex","C14","pricing","CosmoLex pricing is custom (available on request rather than published).","wrong","https://www.cosmolex.com/pricing","Save $120 per user with yearly Monthly Yearly Launch $49 user/mo Try for free Core $99 user/mo Try for free Pro $129 user/mo","2026-10-08T03:13:11.487Z","","","","","not found","","Every instance is a starting-price or pricing cell; the pricing page publishes per-user list prices for all three plans, and the home FAQ says to request a quote or view pricing directly on the site, so pricing is published, not custom or only on request. The optional Customize your plan offer does not replace the published prices (consistency check, pass 2: kept; reviewer may weigh the FAQ wording).","","","","unreviewed"
"cosmolex","C15","pricing","CosmoLex charges no upfront implementation fee.","unverifiable","","","","","","","","","","No page read states whether an implementation or setup fee applies; the browser-read pricing page lists onboarding (knowledge base and group training classes) as built into every plan but says nothing about fees.","","","","unreviewed"
"cosmolex","C16","free_tier","CosmoLex offers a free trial.","true","https://cosmolex.com/","No wait. No credit card. Just click to try CosmoLex for 10 days.","2026-10-08T03:13:06.718Z","","","","","","","The home page offers a 10-day free trial.","","","","unreviewed"
"cosmolex","C17","plans","General ledger, payables and bank feeds are only in the Pro plan, not in every plan.","true","https://www.cosmolex.com/pricing","General Ledger & Payables Full accounting across trust, operating, and business in one system. — — Bank feeds Pull transactions in automatically from connected bank accounts. — —","2026-10-08T03:13:11.487Z","","","","","","","The plan table (Launch, Core, Pro) marks General Ledger & Payables and Bank feeds as unavailable (, ) in two of the three plans; the page's own labels on those marks read Not included in Launch and Not included in Core, leaving them in Pro.","","","","unreviewed"
"cosmolex","C18","plans","The entry-level CosmoLex tier includes full double-entry accounting.","wrong","https://www.cosmolex.com/pricing","General Ledger & Payables Full accounting across trust, operating, and business in one system. — — Bank feeds Pull transactions in automatically from connected bank accounts. — —","2026-10-08T03:13:11.487Z","","","","","not found","","The plan table marks General Ledger & Payables (full accounting across trust, operating and business) as unavailable in two of the three plans, and the page labels those marks Not included in Launch and Not included in Core, so the entry plan lacks full double-entry accounting (consistency check, pass 2: kept).","","","","unreviewed"
"cosmolex","C19","plans","CRM is a paid add-on.","true","https://www.cosmolex.com/pricing","CosmoLex CRM and LexShare / LexSign add-ons are not included in the trial.","2026-10-08T03:13:11.487Z","","","","","","","The pricing page lists CosmoLex CRM among the add-ons bundled onto a plan.","","","","unreviewed"
"cosmolex","C20","plans","Document sharing and e-signature are add-ons.","true","https://www.cosmolex.com/pricing","CosmoLex CRM and LexShare / LexSign add-ons are not included in the trial.","2026-10-08T03:13:11.487Z","","","","","","","The pricing page offers document sharing and e-signature as the LexShare and LexSign add-ons.","","","","unreviewed"
"cosmolex","C21","plans","Matter management, documents and a client portal are included in every plan.","true","https://www.cosmolex.com/pricing","Every plan includes the tools to manage matters, organize documents, and collaborate securely with clients through a built-in client portal.","2026-10-08T03:13:11.487Z","","","","","","","The pricing page states that every plan includes matter management, documents and a built-in client portal.","","","","unreviewed"
"cosmolex","C22","plans","Trust ledgers and compliance reporting are in every plan; reconciliation varies by tier.","true","https://www.cosmolex.com/pricing","Trust accounting & ledgers Hold client funds compliantly with automatic trust transfers and holds. Compliance reporting Built-in trust compliance and reconciliation reporting. Bank reconciliation Reconcile your books to keep trust and operating accounts clean. —","2026-10-08T03:13:11.487Z","","","","","","","The plan table shows no unavailable mark for trust accounting and compliance reporting, and marks bank reconciliation unavailable in one plan.","","","","unreviewed"
"cosmolex","C23","plans","LEDES and split billing are not in every plan (Core and higher).","true","https://www.cosmolex.com/pricing","LEDES & split billing LEDES billing and split billing. —","2026-10-08T03:13:11.487Z","","","","","","","The plan table marks LEDES and split billing unavailable in one of the three plans, so they depend on tier.","","","","unreviewed"
"cosmolex","C24","plans","CosmoLex pricing includes built-in payment processing.","true","https://www.cosmolex.com/pricing","Built-in payments Get paid faster without adding another system. Accept credit card, debit, directly through CosmoLex.","2026-10-08T03:13:11.487Z","","","","","","","The pricing page lists built-in payments among the features built into every plan.","","","","unreviewed"
"cosmolex","C25","plans","CosmoLex pricing includes accountant log-ins.","unverifiable","","","","","","","","","","No page read, including the browser read of the pricing page, mentions accountant log-ins or their inclusion in a plan.","","","","unreviewed"
"cosmolex","C26","integrations","CosmoLex integrates with QuickBooks Online.","true","https://cosmolex.com/","Yes, CosmoLex offers a QuickBooks Online integration for law firms on Core and Pro pricing tiers.","2026-10-08T03:13:06.718Z","","","","","","","The home page FAQ states a QuickBooks Online integration on the Core and Pro tiers.","","","","unreviewed"
"cosmolex","C27","ownership","CosmoLex is owned by ProfitSolv (part of the ProfitSolv portfolio).","true","https://cosmolex.com/","CosmoLex is part of ProfitSolv, a collection of best-in-class software solutions for professional services firms","2026-10-08T03:13:06.718Z","","","","","","","The site footer states that CosmoLex is part of ProfitSolv.","","","","unreviewed"
"cosmolex","C28","platforms","CosmoLex is cloud based.","true","https://www.cosmolex.com/features/law-practice-management","Absolutely. CosmoLex is 100% cloud-based, allowing you to securely access your firm’s data from any device with an internet connection.","2026-10-08T03:15:50.934Z","","","","","","","The product page states that CosmoLex is 100% cloud-based.","","","","unreviewed"
"practicepanther","C01","pricing","The Solo plan costs $49 per user per month billed annually.","true","https://www.practicepanther.com/pricing","MONTHLY ANNUALLY (Save $120/user/year) SOLO $59 per user/month $49 per user/month","2026-10-08T03:21:16.896Z","","","","","","","The pricing page lists Solo at $59 per user per month monthly and $49 on annual billing.","","","","unreviewed"
"practicepanther","C02","pricing","The Business plan costs $89 per user per month billed annually.","true","https://www.practicepanther.com/pricing","BUSINESS $99 per user/month $89 per user/month","2026-10-08T03:21:16.896Z","","","","","","","The pricing page lists Business at $99 per user per month monthly and $89 on annual billing; the answers that give no billing basis state the same $89 figure.","","","","unreviewed"
"practicepanther","C03","pricing","The Essential plan costs $69 per user per month.","true","https://www.practicepanther.com/pricing","ESSENTIAL $79 per user/month $69 per user/month","2026-10-08T03:21:16.896Z","","","","","","","The pricing page lists Essential at $69 per user per month on annual billing ($79 monthly); the answer gives no billing basis.","","","","unreviewed"
"practicepanther","C04","pricing","PracticePanther Business for 3 to 5 users costs $267 to $445 per month on annual billing.","true","https://www.practicepanther.com/pricing","BUSINESS $99 per user/month $89 per user/month","2026-10-08T03:21:16.896Z","","","","","","","At the published $89 per user per month on annual billing, 3 to 5 Business users come to $267 to $445 per month.","","","","unreviewed"
"practicepanther","C05","pricing","PracticePanther starts at $49 per user per month (billing basis not stated).","true","https://www.practicepanther.com/pricing","MONTHLY ANNUALLY (Save $120/user/year) SOLO $59 per user/month $49 per user/month","2026-10-08T03:21:16.896Z","","","","","","","The lowest plan, Solo, is $49 per user per month on annual billing, which matches the stated starting price; the answers do not claim a monthly-billing price.","","","","unreviewed"
"practicepanther","C06","pricing","PracticePanther Solo costs about $49 to $59 per user per month.","true","https://www.practicepanther.com/pricing","MONTHLY ANNUALLY (Save $120/user/year) SOLO $59 per user/month $49 per user/month","2026-10-08T03:21:16.896Z","","","","","","","Solo is $49 per user per month on annual billing and $59 on monthly billing, the two ends of the stated range.","","","","unreviewed"
"practicepanther","C07","pricing","PracticePanther ranges from $49 to $89 per user per month.","wrong","https://www.practicepanther.com/pricing","BUSINESS PRO $124 per user/month $114 per user/month","2026-10-08T03:21:16.896Z","","","","https://www.quickbase.com/blog/best-legal-case-practice-management-software","other","PracticePanther ranges from $49 to $89 per user per month.","The top plan, Business Pro, is $114 per user per month on annual billing ($124 monthly), above the stated $89 ceiling. Consistency check (pass 2): like with like (the range's $49 floor is the annual Solo price, and the annual top price is $114), so wrong stands.","","","","unreviewed"
"practicepanther","C08","pricing","PracticePanther's entry plan, Basic, costs $39 per user per month.","wrong","https://www.practicepanther.com/pricing","MONTHLY ANNUALLY (Save $120/user/year) SOLO $59 per user/month $49 per user/month","2026-10-08T03:21:16.896Z","","","","https://owlesq.com/buyer-guides/best-practice-management-software-solo-small-law-firms","other","Pricing: Basic $39 | Pro $69 | Advanced $89 (per user/month, annual billing); 10-day free trial","The entry plan is Solo at $49 per user per month annually or $59 monthly, and the pricing FAQ names only four plans (Solo, Essential, Business, Business Pro), none called Basic or priced at $39; the cited buyer guide gives this exact line for MyCase, so the answers appear to have attached it to the wrong product. Consistency check (pass 2): explicit and like with like (annual against annual), wrong stands.","","","","unreviewed"
"practicepanther","C09","pricing","PracticePanther's Pro plan costs $69 per user per month billed annually.","wrong","https://www.practicepanther.com/pricing","BUSINESS PRO $124 per user/month $114 per user/month","2026-10-08T03:21:16.896Z","","","","https://owlesq.com/buyer-guides/best-practice-management-software-solo-small-law-firms","other","Pricing: Basic $39 | Pro $69 | Advanced $89 (per user/month, annual billing); 10-day free trial","The only Pro plan on the pricing page, Business Pro, is $114 per user per month on annual billing; the $69 annual plan is named Essential, and the cited guide gives this line for MyCase. Consistency check (pass 2): annual against annual on the same plan name, wrong stands.","","","","unreviewed"
"practicepanther","C10","pricing","PracticePanther's Advanced plan costs $89 per user per month billed annually.","wrong","https://www.practicepanther.com/pricing","PracticePanther offers four flexible plans: Solo, Essential, Business, and Business Pro.","2026-10-08T03:21:16.896Z","","","","https://owlesq.com/buyer-guides/best-practice-management-software-solo-small-law-firms","other","Pricing: Basic $39 | Pro $69 | Advanced $89 (per user/month, annual billing); 10-day free trial","The pricing page's FAQ names exactly four plans (Solo, Essential, Business and Business Pro), with no Advanced plan; the $89 annual plan is Business, and the cited guide gives this line for MyCase. Consistency check (pass 2): the proof quote was changed to the FAQ plan list, which contradicts a plan named Advanced explicitly; wrong stands, though the $89 price itself exists under the Business name.","","","","unreviewed"
"practicepanther","C11","pricing","A 5-attorney firm pays about $5,500 to $7,500 per year for PracticePanther.","unverifiable","","","","","","","","","","The claim names no plan or billing period, so the published per-plan prices cannot be compared like with like.","","","","unreviewed"
"practicepanther","C12","free_tier","PracticePanther offers a 10-day free trial.","wrong","https://www.practicepanther.com/integrations/","Test them out risk-free during our 7-day trial and take your firm to the next level.","2026-10-08T03:22:26.090Z","","","","https://owlesq.com/buyer-guides/best-practice-management-software-solo-small-law-firms","other","Pricing: Basic $39 | Pro $69 | Advanced $89 (per user/month, annual billing); 10-day free trial","The vendor's pages offer a 7-day free trial, not 10 days; the cited guide gives the 10-day trial in its MyCase entry. Consistency check (pass 2): explicit (trial length against trial length), wrong stands.","","","","unreviewed"
"practicepanther","C13","free_tier","PracticePanther offers a free trial of 7 to 14 days.","true","https://www.practicepanther.com/integrations/","Test them out risk-free during our 7-day trial and take your firm to the next level.","2026-10-08T03:22:26.090Z","","","","","","","The vendor offers a 7-day free trial, within the stated 7 to 14 day range.","","","","unreviewed"
"practicepanther","C14","free_tier","PracticePanther has a free plan.","wrong","https://www.practicepanther.com/pricing","Choose the perfect plan Flexible plans to fit your firm, with no surprises Get Started MONTHLY ANNUALLY (Save $120/user/year) SOLO $59 per user/month $49 per user/month","2026-10-08T03:21:16.896Z","","","","","not found","","The pricing page's plan lineup starts with Solo at $49 per user per month and offers no free plan, only a 7-day free trial; its FAQ names four plans (Solo, Essential, Business, Business Pro) and says that at the end of the trial the service continues by subscribing with a credit card. Consistency check (pass 2): explicit on the vendor's own pricing page, wrong stands; see notes for a contrary third-party page.","","","","unreviewed"
"practicepanther","C15","plans","The Solo plan includes matter management, time and expense tracking, a client portal, document templates and task/event workflows.","true","https://www.practicepanther.com/pricing","Always included, no matter what plan you choose Contact & Matter Management Billable Time & Expense Tracking World Class Support Secure Client Portal Unlimited Data Storage","2026-10-08T03:21:16.896Z","","","","","","","The pricing page includes matter management, time and expense tracking and the client portal in every plan, and lists Document Templates and Task & Event Workflows in the Solo column.","","","","unreviewed"
"practicepanther","C16","plans","Intake forms, two-way texting and unlimited e-signatures (and LEDES billing) are not in Solo; they come with a higher tier (Business).","true","https://www.practicepanther.com/pricing","Everything in ESSENTIAL Native 2-Way Texting Intake Forms Native eSignature (Unlimited sends) Attorney Revenue Report LEDES Billing","2026-10-08T03:21:16.896Z","","","","","","","The pricing page lists texting, intake forms, unlimited eSignature and LEDES billing as what Business adds; none is in the Solo column.","","","","unreviewed"
"practicepanther","C17","plans","Business Pro adds operating (and trust) accounting and enhanced reconciliation through PantherAccounting Plus.","true","https://www.practicepanther.com/pricing","BUSINESS PRO $124 per user/month $114 per user/month Everything in BUSINESS PantherAccounting Plus Trust Accounting Operating Accounting Enhanced Reconciliation Process","2026-10-08T03:21:16.896Z","","","","","","","The Business Pro column lists PantherAccounting Plus, trust and operating accounting and the enhanced reconciliation process on top of Business.","","","","unreviewed"
"practicepanther","C18","plans","All plans include unlimited document storage.","true","https://www.practicepanther.com/pricing","Always included, no matter what plan you choose Contact & Matter Management Billable Time & Expense Tracking World Class Support Secure Client Portal Unlimited Data Storage","2026-10-08T03:21:16.896Z","","","","","","","The pricing page lists Unlimited Data Storage, which covers documents, as always included in every plan.","","","","unreviewed"
"practicepanther","C19","plans","Client portals are unlocked at the Essential and Business tiers (not in Solo).","wrong","https://www.practicepanther.com/pricing","Always included, no matter what plan you choose Contact & Matter Management Billable Time & Expense Tracking World Class Support Secure Client Portal","2026-10-08T03:21:16.896Z","","","","","not found","","The pricing page includes the secure client portal in every plan, Solo included. Consistency check (pass 2): explicit and same feature across the same tiers, wrong stands; the kinja.com page cited by the answer, now read in a browser, does not carry the statement, so the cause stays not found.","","","","unreviewed"
"practicepanther","C20","plans","CRM tools are unlocked at the Essential and Business tiers.","unverifiable","","","","","","","","","","The pricing page names a Legal CRM in its menu but its plan columns do not say which tier includes it.","","","","unreviewed"
"practicepanther","C21","product_names","PantherAccounting Plus is a PracticePanther product.","true","https://www.practicepanther.com/pricing","PantherAccounting Plus Built-in legal trust accounting, operating accounting, and financial reporting system","2026-10-08T03:21:16.896Z","","","","","","","The pricing page names its built-in accounting system PantherAccounting Plus.","","","","unreviewed"
"practicepanther","C22","product_names","PantherPayments is PracticePanther's native payment processing.","true","https://www.practicepanther.com/pricing","Native ePayments with PantherPayments Get paid instantly online by letting your clients pay via credit card or echeck.","2026-10-08T03:21:16.896Z","","","","","","","The pricing page names the native payments product PantherPayments.","","","","unreviewed"
"practicepanther","C23","integrations","PracticePanther integrates with Microsoft Outlook.","true","https://www.practicepanther.com/pricing","Sync your emails to PracticePanther with our Outlook and Gmail plugins","2026-10-08T03:21:16.896Z","","","","","","","The pricing page lists Outlook email and calendar sync.","","","","unreviewed"
"practicepanther","C24","integrations","PracticePanther integrates with QuickBooks (QuickBooks Online).","true","https://www.practicepanther.com/pricing","Quickbooks Online & PantherPayments Sync payments, invoices, and contacts to QuickBooks","2026-10-08T03:21:16.896Z","","","","","","","The pricing page lists a QuickBooks Online integration.","","","","unreviewed"
"practicepanther","C25","integrations","PracticePanther's billing integrates with LawPay.","unverifiable","","","","","","","","","","The pages read name PantherPayments as the native payment system and do not mention LawPay either way.","","","","unreviewed"
"practicepanther","C26","platforms","PracticePanther is cloud based.","true","https://practicepanther.com/","Yes, PracticePanther is a cloud-based legal practice management software.","2026-10-08T03:21:11.997Z","","","","","","","The home page FAQ states that PracticePanther is cloud-based.","","","","unreviewed"
"practicepanther","C27","platforms","PracticePanther offers mobile access.","true","https://www.practicepanther.com/pricing","iPhone, iPad & Android App Through our mobile app you can track time, bill clients, and access a real-time snapshot of the inner workings of your firm.","2026-10-08T03:21:16.896Z","","","","","","","The pricing page includes an iPhone, iPad and Android app in every plan.","","","","unreviewed"
"practicepanther","C28","customer_counts","PracticePanther is used by 40,000+ legal professionals.","unverifiable","","","","","","","","","","The vendor's pages say only tens of thousands of legal professionals, which neither confirms nor contradicts 40,000+.","","","","unreviewed"
"practicepanther","C29","customer_counts","PracticePanther is used across 170+ countries.","unverifiable","","","","","","","","","","No page read gives a country count.","","","","unreviewed"
"practicepanther","C30","founding","PracticePanther was founded in 2012.","true","https://www.practicepanther.com/about-us/","Our History 2012 PracticePanther was founded","2026-10-08T03:22:25.461Z","","","","","","","The about page history dates the founding to 2012.","","","","unreviewed"
"practicepanther","C31","founding","PracticePanther was founded by a former attorney.","unverifiable","","","","","","","","","","The about page dates the founding but does not name or describe the founders.","","","","unreviewed"
"filevine","C01","pricing","Filevine pricing is custom (quote-based, available on request).","true","https://www.filevine.com/pricing","All packages are custom built for your team's needs.","2026-10-08T03:29:12.582Z","","","","","","","The pricing page says all packages are custom built and directs buyers to sales for a custom quote; it publishes no list prices.","","","","unreviewed"
"filevine","C02","pricing","Filevine charges additional fees for implementation and for increased storage.","unverifiable","","","","","","","","","","The pricing page mentions certified implementation partners and custom quotes but states no implementation or storage fees.","","","","unreviewed"
"filevine","C03","free_tier","Filevine has a free plan.","true","https://www.filevine.com/pricing","LOIS Explore is a free tier of LOIS that lets you experience AI-powered legal research and drafting before committing to a subscription.","2026-10-08T03:29:12.582Z","","","","","","","The pricing page offers LOIS Explore as a free tier; it covers the LOIS AI product, not Filevine case management, which the answer does not specify.","","","","unreviewed"
"filevine","C04","plans","Intake, analytics, client portal and deadline management are optional separate products or extensions.","true","https://www.filevine.com/pricing","Matters Package Extensions Choose additional features to enhance your practice. Periscope (Business Analytics) Track performance and gain powerful business insights. Timely (Deadline Management) Automatic court deadline generation for any jurisdiction in the country. Client Portal","2026-10-08T03:29:12.582Z","","","","","","","The pricing page lists business analytics, deadline management and the client portal as Matters package extensions, and sells intake as its own Intake package.","","","","unreviewed"
"filevine","C05","plans","eSignature and business insights are add-ons.","true","https://www.filevine.com/pricing","Matters Package Extensions Choose additional features to enhance your practice. Periscope (Business Analytics) Track performance and gain powerful business insights.","2026-10-08T03:29:12.582Z","","","","","","","The pricing page offers business insights as the Periscope extension and eSignatures as a separate Signatures package (Vinesign).","","","","unreviewed"
"filevine","C06","plans","Document management and document assembly are add-ons.","unverifiable","","","","","","","","","","The pricing page shows document management and document assembly inside the Matters package rather than among its extensions, but it also says all packages are custom built, so whether they are sold as add-ons is not settled.","","","","unreviewed"
"filevine","C07","plans","Docs+ is a document management add-on.","unverifiable","","","","","","","","","","None of the pages read mentions Docs+ or its packaging.","","","","unreviewed"
"filevine","C08","product_names","Docs+ is Filevine's document generation and management product.","unverifiable","","","","","","","","","","The pages read name Document Management and Document Assembly but never the name Docs+, and none records a rename.","","","","unreviewed"
"filevine","C09","product_names","Lead Docket is Filevine's intake product.","true","https://www.filevine.com/pricing","Lead Docket Instantly capture leads.","2026-10-08T03:29:12.582Z","","","","","","","The pricing page lists Lead Docket in Filevine's Intake package.","","","","unreviewed"
"filevine","C10","product_names","DemandsAI is a Filevine product.","true","https://www.filevine.com/practice-types/personal-injury","DemandsAI LOIS FOR DRAFTING Demand More. Write Less.","2026-10-08T03:29:52.518Z","","","","","","","The vendor's personal injury page presents DemandsAI for demand preparation.","","","","unreviewed"
"filevine","C11","product_names","LOIS is Filevine's intelligence system.","true","https://www.filevine.com/pricing","a legal team uses LOIS, Filevine’s Legal Operating Intelligence System, to uncover what everyone else missed.","2026-10-08T03:29:12.582Z","","","","","","","The vendor's pages name LOIS as Filevine's Legal Operating Intelligence System.","","","","unreviewed"
"filevine","C12","certifications","Filevine provides Business Associate Agreements (BAAs).","unverifiable","","","","","","","","","","The security page describes HIPAA compliance efforts and audits but does not mention Business Associate Agreements.","","","","unreviewed"
"filevine","C13","platforms","Filevine is cloud based.","true","https://www.filevine.com/security/","Filevine is a cloud-based SaaS platform.","2026-10-08T03:29:43.457Z","","","","","","","The security page FAQ states that Filevine is a cloud-based SaaS platform.","","","","unreviewed"
"filevine","C14","platforms","Filevine is accessible on mobile devices.","true","https://www.filevine.com/security/","However, Filevine is mobile-friendly; users are able to access the software in its entirety on any computer or smart device","2026-10-08T03:29:43.457Z","","","","","","","The security page FAQ says Filevine is mobile-friendly and fully usable on smart devices through a browser, although there is no separate mobile app.","","","","unreviewed"
"filevine","C15","customer_counts","Filevine is used by 200,000+ legal professionals.","wrong","https://www.filevine.com/about/","Filevine Powers 6,000 Clients 100,000 Filevine Users","2026-10-08T03:29:42.336Z","","","","https://www.quickbase.com/blog/best-legal-case-practice-management-software","other","Filevine is a customizable, cloud-based case management platform used by 200,000+ legal professionals","The about page gives 100,000 Filevine users, the same unit as legal professionals using Filevine, and the claimed floor of 200,000 is twice that published count; no page read dates a different count.","","","","unreviewed"
"ncino","C01","platforms","nCino is built on the Salesforce platform (Salesforce-native).","true","https://investor.ncino.com/node/13891/html","Fundamental elements of the nCino Platform are built on Salesforce","2026-10-08T03:03:51.621Z","","","","","","","nCino's Form 10-K (fiscal year ended 31 Jan 2026), read in a browser on its investor site, states that fundamental elements of the nCino Platform are built on the Salesforce Platform.","","","","unreviewed"
"ncino","C02","integrations","nCino integrates with Salesforce (CRM integration).","true","https://investor.ncino.com/news-releases/news-release-details/ncino-and-salesforce-expand-strategic-partnership-further","nCino will deepen its connectivity to Salesforce platform tools including CRM, powered by AI and automation, and Financial Services Cloud.","2026-10-08T03:01:31.231Z","","","","","","","nCino's investor-site release on the expanded Salesforce partnership (21 Dec 2023, read in a browser) describes nCino's connectivity to Salesforce tools including CRM; the 10-K also lists Salesforce among technology partners integrated within the platform.","","","","unreviewed"
"ncino","C03","integrations","nCino connects to Salesforce Financial Services Cloud.","true","https://investor.ncino.com/news-releases/news-release-details/ncino-and-salesforce-expand-strategic-partnership-further","nCino will deepen its connectivity to Salesforce platform tools including CRM, powered by AI and automation, and Financial Services Cloud.","2026-10-08T03:01:31.231Z","","","","","","","The cited release on nCino's investor site (21 Dec 2023, read in a browser) names Financial Services Cloud among the Salesforce tools nCino connects to; no later page read retracts it.","","","","unreviewed"
"ncino","C04","platforms","nCino is a cloud-based (SaaS) platform.","true","https://investor.ncino.com/node/13891/html","We deliver our solutions as secure, highly scalable cloud computing application and platform services with a multi-tenant technology","2026-10-08T03:03:51.621Z","","","","","","","nCino's 10-K (read in a browser) states that it delivers its solutions as cloud computing application and platform services; the Salesforce partnership release also calls it a single software-as-a-service (SaaS) platform.","","","","unreviewed"
"ncino","C05","product_names","nCino's platform is named the nCino Bank Operating System.","unverifiable","","","","","","","","","","The nCino pages now read in a browser (home, platform, lending, 10-K) name the product the nCino Platform and do not use 'Bank Operating System'; they neither state that name nor document a dated rename, so the claim is unverifiable rather than wrong or stale.","","","","unreviewed"
"ncino","C06","product_names","nCino's platform is named the nCino Cloud Banking Platform.","unverifiable","","","","","","","","","","The pages read in a browser call nCino 'a pioneer in cloud banking' and title the platform page 'An End-to-End Cloud Banking Experience', but name the product the nCino Platform, never 'Cloud Banking Platform', and document no rename; the name is not settled.","","","","unreviewed"
"ncino","C07","product_names","nCino has a mortgage product named nCino Mortgage Suite.","true","https://www.ncino.com/our-platform","is the average pull-through rate for nCino Mortgage Suite customers","2026-10-08T03:01:20.248Z","","","","","","","nCino's platform page, read in a browser, names nCino Mortgage Suite and its customers.","","","","unreviewed"
"ncino","C08","product_names","SimpleNexus is nCino's mortgage product, named together with nCino Mortgage Suite (nCino Mortgage Suite / SimpleNexus).","true","https://investor.ncino.com/node/13891/html","We have strategically built and acquired technology, including SimpleNexus, DocFox, FullCircl, ILT, Visible Equity, FinSuite, and Sandbox Banking, to significantly augment the nCino Platform’s capabilities for mortgage lending","2026-10-08T03:03:51.621Z","","","","","","","nCino's 10-K (read in a browser) states that SimpleNexus is technology nCino acquired for the nCino Platform's mortgage lending capabilities, and the platform page names nCino Mortgage Suite as its mortgage product; the pages do not document a dated rename of SimpleNexus, so only the pairing as nCino's mortgage offering is classed.","","","","unreviewed"
"ncino","C09","product_names","nCino has a commercial lending product named nCino Commercial Lending.","true","https://www.ncino.com/solutions/commercial-lending","See it in action within nCino Commercial Lending.","2026-10-08T03:55:02.394Z","","","","","","","The commercial lending page, read in a browser (title 'nCino Commercial Lending'), names the product nCino Commercial Lending.","","","","unreviewed"
"ncino","C10","plans","nCino offers a preconfigured package named Commercial Lending Essentials for originating and managing small business and commercial loans.","unverifiable","","","","","","","","","","Read in a browser on 8 Oct, the /essentials URL redirects to the credit unions page, which names no Essentials package; no page read states the package or dates its withdrawal, so it is unverifiable (not stale).","","","","unreviewed"
"ncino","C11","plans","nCino sells preconfigured packages under the name nCino Essentials.","unverifiable","","","","","","","","","","Read in a browser on 8 Oct, the /essentials URL redirects to the credit unions page, and none of the nCino pages read uses the name Essentials or documents a dated retirement, so the name is not settled.","","","","unreviewed"
"ncino","C12","plans","nCino offers packages aimed at community and regional banks.","unverifiable","","","","","","","","","","The lending page read in a browser has a 'Community & Regional Banks' segment section, but no page read names a package or plan for those banks, so the packages are not settled.","","","","unreviewed"
"ncino","C13","pricing","nCino's community bank packages have modular pricing.","unverifiable","","","","","","","","","","The 10-K read in a browser describes an asset-based (value-based) pricing model aligned with the assets of the lines of business supported, introduced in fiscal 2025, but says nothing of community bank packages or modular pricing, so it neither confirms nor explicitly contradicts the claim; the launch year in the answer is out of scope and not coded.","","","","unreviewed"
"ncino","C14","pricing","nCino does not publish its prices; pricing is enterprise-level and negotiated.","unverifiable","","","","","","","","","","The nCino pages read in a browser show no prices and offer demos, and the 10-K describes asset-based subscription fees, but no page states whether prices are published or negotiated; the absence of a price on the pages read is not a published fact.","","","","unreviewed"
"ncino","C15","pricing","nCino is sold on multi-year contracts.","unverifiable","","","","","","","","","","The 10-K text read in a browser (truncated at 50,000 characters) mentions subscription revenues over the term of customer contracts but states no contract length, and no other page read does, so the contract term is not settled.","","","","unreviewed"
"ncino","C16","pricing","nCino's cost includes Salesforce platform or licensing fees on top of nCino's own fees.","true","https://investor.ncino.com/node/13891/html","Pursuant to our agreement with Salesforce, when we sell certain solutions, we include a subscription to the underlying Salesforce Platform and remit a subscription fee to Salesforce.","2026-10-08T03:03:51.621Z","","","","","","","nCino's 10-K (read in a browser) states that when it sells certain solutions it includes a subscription to the underlying Salesforce Platform and remits a subscription fee to Salesforce, which matches contracts that include Salesforce platform fees.","","","","unreviewed"
"ncino","C17","product_names","nCino's document manager module is named Docman.","unverifiable","","","","","","","","","","None of the nCino pages read in a browser (home, platform, commercial lending, lending, credit unions, 10-K, partnership release) names a Docman module, so the module name is not settled.","","","","unreviewed"
"meridianlink","C01","product_names","MeridianLink has a consumer lending product named MeridianLink Consumer.","true","https://www.meridianlink.com/products/consumer-lending-software/","MeridianLink Consumer is a cloud-based loan origination system (LOS) that empowers banks and credit unions to deliver a seamless, fully digital consumer lending experience.","2026-10-08T03:10:47.744Z","","","","","","","The consumer lending product page names the product MeridianLink Consumer.","","","","unreviewed"
"meridianlink","C02","product_names","MeridianLink Consumer was renamed from LoansPQ (formerly LoansPQ).","unverifiable","","","","","","","","","","The trademarks page lists LoansPQ as a MeridianLink mark, but no page read states that MeridianLink Consumer was renamed from LoansPQ or dates such a change, so the rename is not settled.","","","","unreviewed"
"meridianlink","C03","product_names","MeridianLink has a mortgage product named MeridianLink Mortgage.","true","https://www.meridianlink.com/products/mortgage-software/","MeridianLink Mortgage is a cloud-native and 100% browser-based technology with robust and configurable workflow automation that empowers lenders to swiftly scale their business.","2026-10-08T03:10:52.101Z","","","","","","","The mortgage product page names the product MeridianLink Mortgage.","","","","unreviewed"
"meridianlink","C04","product_names","MeridianLink Mortgage is the former LendingQB (Mortgage/LendingQB).","unverifiable","","","","","","","","","","The trademarks page lists LendingQB as a MeridianLink mark, but no page read states that MeridianLink Mortgage was renamed from LendingQB or dates such a change.","","","","unreviewed"
"meridianlink","C05","product_names","MeridianLink has an account opening product named MeridianLink Opening.","true","https://www.meridianlink.com/products/digital-account-opening/","With MeridianLink Opening, your team and consumers can benefit from faster applications, fewer clicks, and smoother workflows.","2026-10-08T03:11:25.014Z","","","","","","","The digital account opening product page names the product MeridianLink Opening.","","","","unreviewed"
"meridianlink","C06","product_names","MeridianLink's connected platform is named MeridianLink One.","true","https://www.meridianlink.com/products/consumer-lending-software/","One Powerful Platform MeridianLink One Unlock your potential by bringing together digital lending and deposit account opening","2026-10-08T03:10:47.744Z","","","","","","","The product pages present MeridianLink One as the platform that brings together digital lending and deposit account opening.","","","","unreviewed"
"meridianlink","C07","product_names","MeridianLink has a product named CreditAPI (MeridianLink CreditAPI).","true","https://www.meridianlink.com/trademarks/","CreditAPI ® DecisionLender ® Lean Banking ® Lean Lending ® LendingQB ® LoansPQ ® MeridianLink ®","2026-10-08T03:12:00.698Z","","","","","","","The trademarks page lists CreditAPI first in its list of registered or unregistered trademarks or service marks of MeridianLink, which settles the naming; the page does not describe what the product does or whether it is still sold.","","","","unreviewed"
"meridianlink","C08","product_names","MeridianLink has a component named Access (described in the answers as the shared data layer connecting its products).","true","https://www.meridianlink.com/","Access Configurable banking application software to drive loan and deposit growth.","2026-10-08T03:10:16.081Z","","","","","","","The home page lists Access among MeridianLink's products, which settles the name; the home page describes Access as configurable banking application software, and the answers' description of it as a shared data layer is a capability description not classed here.","","","","unreviewed"
"meridianlink","C09","product_names","DecisionLender is a MeridianLink product.","true","https://www.meridianlink.com/","DecisionLender® Indirect lending software to deliver faster decisions, smoother dealer experiences, and stronger booking rates.","2026-10-08T03:10:16.081Z","","","","","","","The home page lists DecisionLender among MeridianLink's products.","","","","unreviewed"
"meridianlink","C10","integrations","MeridianLink integrates with Blend.","true","https://www.meridianlink.com/marketplace/partners/","Accurate Group Alpharank Blend Conductiv","2026-10-08T03:11:20.126Z","","","","","","","Blend appears in the partner list of the MeridianLink Marketplace page, which presents its partner integrations.","","","","unreviewed"
"meridianlink","C11","integrations","MeridianLink integrates with hundreds of third-party vendors.","true","https://www.meridianlink.com/products/","Provides seamless integrations with hundreds of vetted third-party providers","2026-10-08T03:10:47.111Z","","","","","","","The products page states integrations with hundreds of vetted third-party providers.","","","","unreviewed"
"meridianlink","C12","platforms","MeridianLink's software is cloud-based (SaaS).","true","https://www.meridianlink.com/products/","Cloud-based technology solutions that give financial institutions the power to connect to better","2026-10-08T03:10:47.111Z","","","","","","","The products page describes MeridianLink's products as cloud-based technology solutions, and the Consumer and Mortgage pages call those products cloud-based.","","","","unreviewed"
"meridianlink","C13","platforms","MeridianLink Mortgage is browser-based.","true","https://www.meridianlink.com/products/mortgage-software/","MeridianLink Mortgage is a cloud-native and 100% browser-based technology","2026-10-08T03:10:52.101Z","","","","","","","The mortgage product page states that MeridianLink Mortgage is 100% browser-based.","","","","unreviewed"
"meridianlink","C14","platforms","MeridianLink's service is hosted by MeridianLink.","unverifiable","","","","","","","","","","The pages read call the products cloud-based but do not say who hosts them.","","","","unreviewed"
"meridianlink","C15","pricing","Pricing starts at about $175 per month on a subscription.","unverifiable","","","","","","","","","","No page read publishes a MeridianLink price or a pricing page, so the starting price is neither confirmed nor contradicted.","","","","unreviewed"
"meridianlink","C16","pricing","MeridianLink products are sold separately, even when connected within MeridianLink One.","true","https://www.meridianlink.com/products/","While each product and service is sold separately, many of the products and services can be connected and integrated within the MeridianLink","2026-10-08T03:10:47.111Z","","","","","","","The products page states that each product and service is sold separately while many can be connected within the MeridianLink One platform.","","","","unreviewed"
"meridianlink","C17","pricing","MeridianLink pricing is quote-based.","unverifiable","","","","","","","","","","No page read states how MeridianLink prices are given; the pages offer demos and contact forms but no statement that pricing is by quote.","","","","unreviewed"
"meridianlink","C18","customer_counts","MeridianLink serves more than 2,000 financial institutions.","unverifiable","","","","","","","","","","The home and about pages show customer counters whose numbers are not in the page text, and no page read states a customer count.","","","","unreviewed"
"meridianlink","C19","customer_counts","MeridianLink served approximately 2,000 financial institutions as of December 31, 2024.","unverifiable","","","","","","","","","","No page read states a customer count or a dated count; the investor filings that may carry it were not among the pages read.","","","","unreviewed"
"ice-mortgage-technology","C01","product_names","Encompass is ICE Mortgage Technology's product (Encompass by ICE Mortgage Technology, ICE Encompass).","true","https://mortgagetech.ice.com/products/encompass","Encompass by ICE connects and accelerates every step of the lending process","2026-10-08T03:16:40.441Z","","","","","","","The Encompass product page on the ICE Mortgage Technology site names the product Encompass by ICE.","","","","unreviewed"
"ice-mortgage-technology","C02","product_names","ICE offers a borrower-facing point-of-sale product named Encompass Consumer Connect.","true","https://www.icemortgagetechnology.com/","Encompass Consumer Connect Easily complete an online mortgage application, instantly engage with their loan officer, and securely upload and eSign documents.","2026-10-08T03:16:18.433Z","","","","","","","The home page lists Encompass Consumer Connect among ICE's customer acquisition products, and its product page describes the borrower online application.","","","","unreviewed"
"ice-mortgage-technology","C03","platforms","Encompass Consumer Connect includes a branded borrower mobile app.","true","https://mortgagetech.ice.com/products/encompass-consumer-connect","As an extension of Encompass Consumer Connect®, My Home Loans enables borrowers to stay in control of their loan anytime, while allowing lenders to launch a fully branded app experience with ease.","2026-10-08T03:17:18.895Z","","","","","","","The Consumer Connect page describes the My Home Loans borrower app as an extension of Consumer Connect that lenders can launch as a fully branded app.","","","","unreviewed"
"ice-mortgage-technology","C04","product_names","ICE Mortgage Technology ships its AI capabilities under the AIQ product family.","stale","https://mortgagetech.ice.com/product-history","July 18, 2023 AIQ is now ICE Data & Document Automation and ICE Mortgage Analyzers","2026-10-08T03:16:35.775Z","2023-07-18","July 18, 2023 AIQ is now ICE Data & Document Automation and ICE Mortgage Analyzers","https://mortgagetech.ice.com/product-history","https://ainora.lt/blog/encompass-ai-review-alternatives-2026","other","ICE Mortgage Technology ships AI capabilities under the AIQ product family and inside Encompass itself","The vendor's product history page documents that AIQ was renamed ICE Data & Document Automation and ICE Mortgage Analyzers on July 18, 2023, so the AIQ name matches the state before that dated change; the cited blog carries the same sentence.","","","","unreviewed"
"ice-mortgage-technology","C05","product_names","ICE Mortgage Technology was formerly named Ellie Mae.","unverifiable","","","","","","","","","","No page read mentions Ellie Mae; the product history page lists name changes from July 2023 onward only.","","","","unreviewed"
"ice-mortgage-technology","C06","product_names","Encompass is sold under the name Encompass Digital Mortgage Solution.","unverifiable","","","","","","","","","","The pages read name the product Encompass and describe it as an end-to-end digital mortgage solution, but none uses Encompass Digital Mortgage Solution as a product name, so the name is neither confirmed nor contradicted.","","","","unreviewed"
"ice-mortgage-technology","C07","product_names","ICE has a product or module named Encompass Digital Lending.","unverifiable","","","","","","","","","","The pages read use the name ICE Mortgage Technology Digital Lending Platform, not Encompass Digital Lending, and do not say whether the latter is a current name.","","","","unreviewed"
"ice-mortgage-technology","C08","product_names","ICE has a product or edition named Encompass Web.","unverifiable","","","","","","","","","","No page read mentions Encompass Web.","","","","unreviewed"
"ice-mortgage-technology","C09","product_names","Empower is a Black Knight/ICE product.","unverifiable","","","","","","","","","","No page read mentions Empower or Black Knight, so its ownership is not settled by an own page; its absence from the product lists is not a contradiction.","","","","unreviewed"
"ice-mortgage-technology","C10","integrations","Encompass integrates with Blend.","unverifiable","","","","","","","","","","The partner pages read describe partner programs without listing partners, and the Marketplace that lists them was not among the pages read, so no ICE page names Blend.","","","","unreviewed"
"ice-mortgage-technology","C11","integrations","Encompass has an ICE partner network with 500+ verified integrations with credit, appraisal and title vendors.","unverifiable","","","","","","","","","","The partner pages describe the largest network of partners in the industry but give no number of integrations.","","","","unreviewed"
"ice-mortgage-technology","C12","integrations","Encompass supports MERS eRegistry for digital closing.","unverifiable","","","","","","","","","","The Encompass page names MERS registration from Encompass and the eClose page names eNotes, but no page read states eRegistry support in Encompass, so the claim rests on inference.","","","","unreviewed"
"ice-mortgage-technology","C13","pricing","Encompass costs $150 to $400 per seat per month.","unverifiable","","","","","","","","","","No page read publishes an Encompass price.","","","","unreviewed"
"ice-mortgage-technology","C14","pricing","Encompass pricing is enterprise-level, not published, and volume-based.","unverifiable","","","","","","","","","","No page read states how Encompass is priced.","","","","unreviewed"
"abrigo","C01","product_names","Abrigo is the successor name of Sageworks (Abrigo, formerly Sageworks; Abrigo / Sageworks).","true","https://www.abrigo.com/company/","The company was formed in 2019 through the combination of Banker's Toolbox, MainStreet Technologies, and Sageworks.","2026-10-08T03:20:57.806Z","","","","","","","The company page states that Abrigo was formed in 2019 from Sageworks together with Banker's Toolbox and MainStreet Technologies, so naming Sageworks as Abrigo's former or paired name is consistent with the vendor's history; Sageworks was one of three predecessors, not the only one.","","","","unreviewed"
"abrigo","C02","acquisitions","Abrigo was formed by combining Sageworks and Banker's Toolbox.","true","https://www.abrigo.com/company/","The company was formed in 2019 through the combination of Banker's Toolbox, MainStreet Technologies, and Sageworks.","2026-10-08T03:20:57.806Z","","","","","","","The company page states Abrigo was formed through the combination of Banker's Toolbox, MainStreet Technologies and Sageworks; the claim names two of the three combined companies and does not contradict the page.","","","","unreviewed"
"abrigo","C03","plans","Abrigo offers a Community Lending package designed for smaller institutions.","true","https://www.abrigo.com/software/lending-and-credit-risk/community-lending/","Abrigo Community Lending is a lending solution designed for small banks and credit unions .","2026-10-08T03:21:33.822Z","","","","","","","The Community Lending page describes Abrigo Community Lending as a lending solution designed for small banks and credit unions.","","","","unreviewed"
"abrigo","C04","product_names","Abrigo's lending product is named the Abrigo Lending Platform.","true","https://www.abrigo.com/software/lending-and-credit-risk/","The Abrigo Lending Platform combines proven loan origination automation with AI-powered agents that work across the lending lifecycle","2026-10-08T03:20:52.463Z","","","","","","","The lending and credit risk page names the product the Abrigo Lending Platform.","","","","unreviewed"
"abrigo","C05","product_names","Abrigo has an AI agent named AskAbrigo.","true","https://www.abrigo.com/software/lending-and-credit-risk/","AskAbrigo is an AI-powered banking agent that delivers clear, actionable answers, insights, and guidance","2026-10-08T03:20:52.463Z","","","","","","","The lending page names AskAbrigo as Abrigo's AI-powered banking agent, which settles the name; the answer's description of what it automates is a capability description and is not classed.","","","","unreviewed"
"abrigo","C06","platforms","Abrigo is cloud-based (SaaS).","unverifiable","","","","","","","","","","The pages read describe a web-based platform and mention hosted clients, but none states that Abrigo is cloud-based or delivered as SaaS, so the claim is not settled.","","","","unreviewed"
"baker-hill","C01","product_names","Baker Hill's loan origination platform is named Baker Hill NextGen.","unverifiable","","","","","","","","","","Pass 2 re-classed this from stale: the vendor's November 6, 2025 release says the NextGen name will be retired in 2026 without giving a date, the partner page read on 8 Oct 2026 still says Microsoft Azure provides the channel foundation to Baker Hill NextGen, and the UN/FY page says it is built on NextGen, so the pages read do not show that the name had been retired by the 22 to 23 Sep 2026 capture date.","","","","unreviewed"
"baker-hill","C02","product_names","Baker Hill's platform is named UN/FY (Baker Hill UN/FY).","true","https://bakerhill.com/commercial-lending","Baker Hill UN/FY Commercial Loan Origination","2026-10-08T03:23:47.424Z","","","","","","","The commercial lending page names the platform Baker Hill UN/FY, and the home page lists UN/FY as the all-in-one lending and risk platform.","","","","unreviewed"
"baker-hill","C03","product_names","UN/FY is Baker Hill's current offering and succeeds NextGen.","true","https://bakerhill.com/news/baker-hill-launches-un-fy","As part of this evolution, Baker Hill will retire the NextGen name in 2026, bringing the LOS suite under the UN/FY brand","2026-10-08T03:23:05.086Z","","","","","","","The launch release describes UN/FY as the evolution of Baker Hill's LOS for existing NextGen clients and states that the LOS suite moves under the UN/FY brand as the NextGen name is retired.","","","","unreviewed"
"baker-hill","C04","platforms","Baker Hill's platform is cloud-based.","true","https://bakerhill.com/partners-integrations","Microsoft Azure enables Baker Hill to quickly deploy, scale, and manage our solutions across a vast array of Microsoft data centers.","2026-10-08T03:23:52.653Z","","","","","","","The partners page states that Baker Hill deploys and manages its solutions on Microsoft Azure, the cloud platform, across Microsoft data centers.","","","","unreviewed"
"baker-hill","C05","platforms","UN/FY is built on Microsoft Azure and Microsoft Fabric.","true","https://bakerhill.com/unify","With Microsoft Azure Cosmos DB and Microsoft Fabric at its core, this architecture keeps intelligence fresh and data in motion","2026-10-08T03:23:09.761Z","","","","","","","The UN/FY page states that Microsoft Azure Cosmos DB and Microsoft Fabric are at the core of its architecture.","","","","unreviewed"
"sectra","C01","platforms","Sectra PACS is available as a cloud deployment.","true","https://medical.sectra.com/product/sectra-one-cloud/","Sectra One Cloud is a fully managed SaaS intended to provide you with smooth upgrades, reliability, and a scalable solution.","2026-10-08T03:00:54.713Z","","","","","","","Sectra's own product page describes Sectra One Cloud as a fully managed SaaS delivery of its imaging software, so a cloud deployment option exists.","","","","unreviewed"
"sectra","C02","platforms","Sectra PACS is available as an on-premise deployment.","true","https://medical.sectra.com/resources/cloud-this-is-enterprise-imaging/","You always have the possibility of a hybrid solution where the long-term image archive is stored securely in the cloud, and readily accessible from your on-premises solution.","2026-10-08T03:01:41.779Z","","","","","","","Sectra's own article quotes its cloud director offering customers a hybrid in which they keep an on-premises solution and archive to the cloud (""They still have control on prem""), so an on-premises deployment is part of Sectra's published offer.","","","","unreviewed"
"sectra","C03","platforms","Sectra offers a hybrid deployment (on-premises with cloud).","true","https://medical.sectra.com/resources/cloud-this-is-enterprise-imaging/","You always have the possibility of a hybrid solution where the long-term image archive is stored securely in the cloud, and readily accessible from your on-premises solution.","2026-10-08T03:01:41.779Z","","","","","","","Sectra's own article states that a hybrid solution (cloud archive accessed from an on-premises solution) is always possible.","","","","unreviewed"
"sectra","C04","platforms","Sectra One Cloud is a managed (hosted) service: Sectra hosts, operates, maintains and upgrades the system.","true","https://medical.sectra.com/product/sectra-one-cloud/","With Sectra One Cloud, we operate, support, govern, update, and provide knowledge resources for as long as you subscribe.","2026-10-08T03:00:54.713Z","","","","","","","The Sectra One Cloud page describes a fully managed SaaS in which Sectra hosts, operates, supports and updates the software, with 24/7 service operations.","","","","unreviewed"
"sectra","C05","platforms","Sectra One Cloud is hosted on Microsoft Azure.","true","https://medical.sectra.com/product/sectra-one-cloud/","Sectra One Cloud, powered by Service Operations , delivers a secure, scalable, and efficient imaging platform—built on Sectra software, cloud expertise, and Microsoft Azure.","2026-10-08T03:00:54.713Z","","","","","","","The Sectra One Cloud page states the service is built on Microsoft Azure.","","","","unreviewed"
"sectra","C06","product_names","Sectra One Cloud is the name of Sectra's cloud (SaaS) offering.","true","https://medical.sectra.com/product/sectra-one-cloud/","With Sectra One Cloud our SaaS subscription, we ensure a secure, resilient, and future-proof experience.","2026-10-08T03:00:54.713Z","","","","","","","Sectra names its SaaS subscription Sectra One Cloud on its own product page.","","","","unreviewed"
"sectra","C07","product_names","Sectra One is a Sectra product (named separately from Sectra One Cloud).","unverifiable","","","","","","","","","","The pages read name Sectra One Cloud and a transition program called the Sectra One journey, but no product called Sectra One; they neither confirm nor explicitly contradict it.","","","","unreviewed"
"sectra","C08","product_names","Sectra Radiology Suite is a Sectra product.","unverifiable","","","","","","","","","","No page read in this study names a Sectra Radiology Suite; the radiology page calls the offer the Radiology imaging solution, which does not explicitly rule the name out.","","","","unreviewed"
"sectra","C09","product_names","Sectra sells a RIS (radiology information system) as part of a Sectra RIS/PACS (Sectra RIS-PACS).","unverifiable","","","","","","","","","","None of the pages read mentions a Sectra RIS; the platform pages list PACS, VNA, reporting and workflow modules only, which neither confirms nor explicitly contradicts a RIS.","","","","unreviewed"
"sectra","C10","product_names","Sectra Enterprise Imaging is a Sectra product name.","true","https://medical.sectra.com/","Click and explore Sectra Enterprise Imaging","2026-10-08T03:00:44.189Z","","","","","","","Sectra's own medical home page and customer stories use the name Sectra Enterprise Imaging for its offer.","","","","unreviewed"
"sectra","C11","product_names","Sectra Secure Desktop is a Sectra product (part of Sectra Radiology Suite).","unverifiable","","","","","","","","","","No page read in this study mentions Sectra Secure Desktop.","","","","unreviewed"
"sectra","C12","product_names","Sectra Teleradiology is a Sectra product.","unverifiable","","","","","","","","","","The pages read describe teleradiology customers (Medica) but name no product called Sectra Teleradiology.","","","","unreviewed"
"sectra","C13","product_names","Sectra's diagnostic workstation is named IDS7 (Sectra IDS7).","true","https://medical.sectra.com/solutionarea/radiology-imaging/","AI applications from the Sectra Amplifier Marketplace are contracted through Sectra and activated in Sectra IDS7, so radiologists work with them inside the diagnostic application from day one.","2026-10-08T03:00:55.566Z","","","","","","","The radiology imaging page names Sectra IDS7 as the diagnostic application radiologists work in.","","","","unreviewed"
"sectra","C14","product_names","Sectra Amplifier Services is Sectra's AI marketplace.","true","https://medical.sectra.com/solutionarea/radiology-imaging/","Access the latest AI applications through Sectra Amplifier Services, our AI as a Service offering.","2026-10-08T03:00:55.566Z","","","","","","","The radiology imaging page names Sectra Amplifier Services as the AI offering through which customers browse a marketplace of AI apps.","","","","unreviewed"
"sectra","C15","customer_counts","Sectra manages 170 million imaging exams a year.","true","https://medical.sectra.com/about-sectra/this-is-sectra/","With over 30 years of innovation, Sectra manages 170 million annual imaging exams and is a leading provider to health systems worldwide.","2026-10-08T03:01:15.145Z","","","","","","","The about page states the same figure, 170 million annual imaging exams.","","","","unreviewed"
"sectra","C16","platforms","Sectra PACS is only partly cloud-native.","unverifiable","","","","","","","","","","Sectra's pages describe Sectra One Cloud as a cloud-based, fully managed SaaS built on Microsoft Azure and also describe on-premises and hybrid set-ups, but no page read calls any Sectra product cloud-native or partly cloud-native, so they neither confirm nor explicitly contradict the table cell.","","","","unreviewed"
"intelerad","C01","acquisitions","GE HealthCare acquired Intelerad.","true","https://www.intelerad.com/en/newsroom/","GE HealthCare Completes Intelerad Acquisition","2026-10-08T03:07:56.975Z","","","","","","","Intelerad's newsroom features the completed GE HealthCare acquisition of Intelerad; the date is coded separately in C02 and C03.","","","","unreviewed"
"intelerad","C02","acquisitions","GE HealthCare completed the Intelerad acquisition on 18 March 2026.","unverifiable","","","","","","","","","","The Intelerad pages read report that the acquisition was completed but print no completion date.","","","","unreviewed"
"intelerad","C03","acquisitions","GE HealthCare acquired Intelerad in November 2025.","unverifiable","","","","","","","","","","The Intelerad pages read state the acquisition was completed but give no date, so neither confirm nor explicitly contradict November 2025.","","","","unreviewed"
"intelerad","C04","ownership","Intelerad is owned by (backed by) GE HealthCare.","true","https://intelerad.com/","Intelerad is now a GE HealthCare company.","2026-10-08T03:07:02.501Z","","","","","","","Intelerad's home page states it is now a GE HealthCare company.","","","","unreviewed"
"intelerad","C05","acquisitions","Intelerad acquired Ambra Health.","true","https://www.intelerad.com/en/about-us/","Some of our acquisitions include Clario for workflow orchestration and worklist automation, Ambra for VNA and image sharing, and HeartIT for advanced cardio viewing.","2026-10-08T03:08:01.494Z","","","","","","","Intelerad's about page lists Ambra among its acquisitions.","","","","unreviewed"
"intelerad","C06","ownership","Ambra Health is part of Intelerad (in Intelerad's product lineup).","true","https://www.intelerad.com/en/client-support-resources/","InteleShare (formerly Ambra)","2026-10-08T03:07:56.530Z","","","","","","","Intelerad lists Ambra in its own rebranded product portfolio as InteleShare (formerly Ambra), and its about page lists Ambra among its acquisitions.","","","","unreviewed"
"intelerad","C07","ownership","Ambra Health is part of an Enlitic ecosystem.","unverifiable","","","","","","","","","","No page read in this study mentions Enlitic; the pages place Ambra (InteleShare) within Intelerad, which does not explicitly rule out an Enlitic link.","","","","unreviewed"
"intelerad","C08","product_names","InteleShare is the new name of Ambra (InteleShare, formerly Ambra).","true","https://www.intelerad.com/en/client-support-resources/","InteleShare (formerly Ambra)","2026-10-08T03:07:56.530Z","","","","","","","Intelerad's client support page lists the product as InteleShare (formerly Ambra).","","","","unreviewed"
"intelerad","C09","product_names","InteleViewer is Intelerad's diagnostic viewer (used with IntelePACS).","true","https://www.intelerad.com/en/all-products/intelepacs/","For the past eight years, VetMed Group has relied on IntelePACS and InteleViewer for fast, efficient imaging.","2026-10-08T03:07:25.330Z","","","","","","","The IntelePACS page lists InteleViewer as the IntelePACS viewer feature and names it in customer stories.","","","","unreviewed"
"intelerad","C10","product_names","InteleOrchestrator is Intelerad's workflow orchestration (worklist) product.","true","https://www.intelerad.com/en/all-products/","InteleOrchestrator™ View the right study at the right time, without any hassle.","2026-10-08T03:07:20.889Z","","","","","","","Intelerad's product list names InteleOrchestrator, and its home page describes it as an AI-enhanced worklist for orchestrating clinical workflows.","","","","unreviewed"
"intelerad","C11","product_names","InteleRIS is an Intelerad product.","unverifiable","","","","","","","","","","InteleRIS does not appear on the product list or any other page read; absence from a list is not an explicit contradiction.","","","","unreviewed"
"intelerad","C12","product_names","InteleOne is an Intelerad platform for connecting systems and reading workflows.","true","https://www.intelerad.com/en/all-products/","InteleOne® Connects systems & information to streamline reading workflows.","2026-10-08T03:07:20.889Z","","","","","","","Intelerad's product list names InteleOne and describes it as connecting systems to streamline reading workflows.","","","","unreviewed"
"intelerad","C13","product_names","Clario Worklist is one of Intelerad's product suites.","unverifiable","","","","","","","","","","The about page says Intelerad acquired Clario for worklist automation, but no page read names a current product called Clario Worklist and the product list does not explicitly retire it.","","","","unreviewed"
"intelerad","C14","product_names","Ambra Health's product is called DG Suite.","unverifiable","","","","","","","","","","No page read mentions DG Suite.","","","","unreviewed"
"intelerad","C15","product_names","ProtonPACS is an Intelerad product (ProtonPACS/Intelerad).","unverifiable","","","","","","","","","","No page read mentions ProtonPACS; it is absent from the product list, which is not an explicit contradiction.","","","","unreviewed"
"intelerad","C16","platforms","Intelerad's PACS and workflow products are offered in the cloud (cloud-first, cloud-based).","true","https://www.intelerad.com/en/all-products/intelepacs/","IntelePACS® delivers a cloud -first, scalable, high-performance image access that seamlessly integrates with your existing infrastructure, enabling your radiologists to read anytime, from anywhere.","2026-10-08T03:07:25.330Z","","","","","","","The IntelePACS page describes it as cloud-first with cloud-based worklists, and customers host their PACS in Intelerad's cloud.","","","","unreviewed"
"intelerad","C17","platforms","Ambra Health (now InteleShare) is a cloud-based (cloud-native) image management and sharing platform.","true","https://www.intelerad.com/en/all-products/inteleshare/","Seamlessly exchange medical images across the world's largest cloud-native healthcare network","2026-10-08T03:07:29.335Z","","","","","","","InteleShare, which Intelerad lists as formerly Ambra, is described on its product page as cloud-native, cloud-based image sharing.","","","","unreviewed"
"intelerad","C18","platforms","Intelerad is available as an on-premise deployment.","unverifiable","","","","","","","","","","The pages read describe cloud delivery and integration with a customer's on-premise systems, but do not state that Intelerad software is offered on premise.","","","","unreviewed"
"intelerad","C19","platforms","Intelerad offers hybrid (on-premise plus cloud) deployment.","unverifiable","","","","","","","","","","InteleShare's gateway links a customer's on-premise systems with the cloud, but no page read states a hybrid deployment of Intelerad's PACS.","","","","unreviewed"
"intelerad","C20","platforms","Intelerad offers a zero-footprint, web-based image viewer.","true","https://www.intelerad.com/en/all-products/inteleshare/","provide a better viewing experience through a zero-footprint, FDA-cleared image viewer.","2026-10-08T03:07:29.335Z","","","","","","","The InteleShare page describes a zero-footprint image viewer, and the product list describes an Enterprise Viewer usable from any device.","","","","unreviewed"
"visage-imaging","C01","platforms","Visage 7 is available in the cloud (cloud-delivered, cloud-native).","true","https://visageimaging.com/","Visage 7 is the industry’s leading cloud-native, server-side platform for PACS and Enterprise Imaging operations.","2026-10-08T03:13:21.492Z","","","","","","","Visage's home page describes Visage 7 as a cloud-native platform available in the cloud for complete PACS operations.","","","","unreviewed"
"visage-imaging","C02","platforms","Visage 7 is also implemented on premise.","true","https://visageimaging.com/company/","providing a fast, clinically rich, and highly scalable growth platform deliverable entirely from the cloud or on-premise.","2026-10-08T03:13:33.153Z","","","","","","","Visage's company page states the platform is deliverable from the cloud or on-premise.","","","","unreviewed"
"visage-imaging","C03","platforms","Visage's cloud offering is a fully managed service.","true","https://visageimaging.com/platform/cloud/","Visage provides a fully managed service with a service level agreement (SLA) between Visage and your organization.","2026-10-08T03:13:34.237Z","","","","","","","The cloud page describes Visage in the cloud as a fully managed SaaS with an SLA.","","","","unreviewed"
"visage-imaging","C04","platforms","Visage 7 CloudPACS runs on AWS.","true","https://info.visageimaging.com/tiwcloudpacs","Visage 7 on AWS offers ultrafast PACS that's cloud-engineered to maximize PACS performance, security, and scale as a fully managed service (SaaS).","2026-10-08T03:14:00.583Z","","","","","","","Visage's CloudPACS page states Visage 7 is offered on AWS.","","","","unreviewed"
"visage-imaging","C05","platforms","Visage runs on Microsoft Azure.","unverifiable","","","","","","","","","","The pages read name AWS and 'top cloud hyperscalers' but do not mention Azure, which is not an explicit contradiction.","","","","unreviewed"
"visage-imaging","C06","platforms","Over the past five years, 100% of Visage's new PACS customers have been implemented in the cloud.","unverifiable","","","","","","","","","","No page read in this study states the share of new customers implemented in the cloud.","","","","unreviewed"
"visage-imaging","C07","platforms","Visage 7 has a native Windows client.","true","https://visageimaging.com/platform/technical/","Visage 7 is a smart-client application and is native on devices running either Windows or macOS.","2026-10-08T03:13:38.747Z","","","","","","","The technical page states Visage 7 is native on Windows devices.","","","","unreviewed"
"visage-imaging","C08","platforms","Visage 7 has a native macOS client.","true","https://visageimaging.com/platform/technical/","Visage 7 is a smart-client application and is native on devices running either Windows or macOS.","2026-10-08T03:13:38.747Z","","","","","","","The technical page states Visage 7 is native on macOS devices.","","","","unreviewed"
"visage-imaging","C09","platforms","Visage offers zero-footprint diagnostic viewing.","unverifiable","","","","","","","","","","The pages read describe Visage 7 as a native smart-client application with zero client-side dependencies and list a 2026 'Visage 7 Web' release, but none says zero-footprint, so the claim is neither confirmed nor explicitly contradicted.","","","","unreviewed"
"visage-imaging","C10","platforms","Visage 7 supports mobile imaging workflows.","true","https://visageimaging.com/company/","Visage 7 supports the simplicity of a One Viewer™ philosophy, that enables diagnostic, clinical, specialty, research, and mobile imaging workflows from a singular platform.","2026-10-08T03:13:33.153Z","","","","","","","The company page states Visage 7 enables mobile imaging workflows, and the home page lists a native iOS/iPadOS app.","","","","unreviewed"
"visage-imaging","C11","product_names","One Viewer is Visage's named viewer approach for Visage 7.","true","https://visageimaging.com/company/","Visage 7 supports the simplicity of a One Viewer™ philosophy, that enables diagnostic, clinical, specialty, research, and mobile imaging workflows from a singular platform.","2026-10-08T03:13:33.153Z","","","","","","","Visage's own pages name the One Viewer philosophy for Visage 7.","","","","unreviewed"
"visage-imaging","C12","product_names","Visage 7 Workflow is Visage's workflow module.","true","https://visageimaging.com/company/","Visage 7 also offers modular scalability and future-proof flexibility with enterprise workflow (Visage 7 Workflow), vendor-neutral archive (Visage 7 Open Archive) and artificial intelligence (Visage AI Accelerator) solutions, all 100% native.","2026-10-08T03:13:33.153Z","","","","","","","The company page names Visage 7 Workflow as the enterprise workflow module.","","","","unreviewed"
"visage-imaging","C13","product_names","Visage 7 Open Archive is Visage's archive (VNA) module.","true","https://visageimaging.com/company/","Visage 7 also offers modular scalability and future-proof flexibility with enterprise workflow (Visage 7 Workflow), vendor-neutral archive (Visage 7 Open Archive) and artificial intelligence (Visage AI Accelerator) solutions, all 100% native.","2026-10-08T03:13:33.153Z","","","","","","","The company page names Visage 7 Open Archive as the vendor-neutral archive module.","","","","unreviewed"
"visage-imaging","C14","plans","In Visage's cloud offering, the workflow and archive modules are optional additions to the Visage 7 viewer.","true","https://info.visageimaging.com/tiwcloudpacs","pairing the Visage 7 Viewer with Visage 7 Workflow (Optional) and Visage 7 Open Archive (Optional) for a complete, full stack of Visage 7 offerings in the cloud.","2026-10-08T03:14:00.583Z","","","","","","","The CloudPACS page lists Visage 7 Workflow and Visage 7 Open Archive as optional components paired with the viewer.","","","","unreviewed"
"visage-imaging","C15","product_names","Visage 7 CloudPACS is the name of Visage's cloud PACS offering.","true","https://visageimaging.com/platform/cloud/","Visage 7 CloudPACS™ is here","2026-10-08T03:13:34.237Z","","","","","","","Visage's cloud page names the offering Visage 7 CloudPACS.","","","","unreviewed"
"visage-imaging","C16","product_names","Visage has an AI Accelerator program.","true","https://visageimaging.com/","The Visage AI Accelerator program bridges both research and diagnostic imaging with a unified platform, rapidly accelerating the time from code-to-bedside.","2026-10-08T03:13:21.492Z","","","","","","","The home page names the Visage AI Accelerator program.","","","","unreviewed"
"visage-imaging","C17","product_names","Visage 7 is a Pro Medicus product (Visage 7 by Pro Medicus).","true","https://visageimaging.com/company/","is a wholly-owned subsidiary of Pro Medicus Limited [ASX:PME], with more than 30 years of experience in medical imaging.","2026-10-08T03:13:33.153Z","","","","","","","Visage Imaging, maker of Visage 7, is a wholly-owned subsidiary of Pro Medicus, so the 'by Pro Medicus' naming matches.","","","","unreviewed"
"visage-imaging","C18","ownership","Visage Imaging is owned by (backed by) Pro Medicus.","true","https://visageimaging.com/company/","is a wholly-owned subsidiary of Pro Medicus Limited [ASX:PME], with more than 30 years of experience in medical imaging.","2026-10-08T03:13:33.153Z","","","","","","","The company page states Visage is a wholly-owned subsidiary of Pro Medicus Limited.","","","","unreviewed"
"visage-imaging","C19","ownership","Visage's parent Pro Medicus is listed on the ASX.","true","https://visageimaging.com/company/","is a wholly-owned subsidiary of Pro Medicus Limited [ASX:PME], with more than 30 years of experience in medical imaging.","2026-10-08T03:13:33.153Z","","","","","","","The company page gives the parent's listing as ASX:PME.","","","","unreviewed"
"visage-imaging","C20","integrations","Visage 7 integrates with Pro Medicus RIS.","unverifiable","","","","","","","","","","No page read mentions a Pro Medicus RIS or an integration with it.","","","","unreviewed"
"visage-imaging","C21","pricing","Visage pricing is custom enterprise pricing, quote only.","unverifiable","","","","","","","","","","No page read publishes prices or a pricing basis.","","","","unreviewed"
"visage-imaging","C22","free_tier","Visage offers no public free trial.","unverifiable","","","","","","","","","","The pages read offer demos but say nothing about a trial.","","","","unreviewed"
"visage-imaging","C23","pricing","Visage uses a tiered or per-study pricing model.","unverifiable","","","","","","","","","","No page read states a pricing basis.","","","","unreviewed"
"fujifilm-synapse","C01","product_names","Synapse RIS is Fujifilm's radiology information system.","true","https://healthcaresolutions-us.fujifilm.com/products/enterprise-imaging/synapse-eis-ris/","With Synapse Radiology Information System (RIS) as the foundation, Synapse ® Enterprise Information System (EIS) streamlines radiologist and staff workflows","2026-10-08T03:17:50.125Z","","","","","","","Fujifilm's Synapse EIS/RIS page names Synapse Radiology Information System (RIS).","","","","unreviewed"
"fujifilm-synapse","C02","product_names","Synapse EIS (Enterprise Information System) is a Fujifilm product.","true","https://healthcaresolutions-us.fujifilm.com/products/enterprise-imaging/synapse-eis-ris/","With Synapse Radiology Information System (RIS) as the foundation, Synapse ® Enterprise Information System (EIS) streamlines radiologist and staff workflows","2026-10-08T03:17:50.125Z","","","","","","","Fujifilm's Synapse EIS/RIS page names Synapse Enterprise Information System (EIS).","","","","unreviewed"
"fujifilm-synapse","C03","product_names","Synapse Enterprise PACS is a Fujifilm product.","true","https://healthcaresolutions-us.fujifilm.com/products/enterprise-imaging/synapse-ai-orchestrator/","Fujifilm’s Synapse Enterprise PACS provides clinicians with unrestricted cross-departmental image access","2026-10-08T03:18:40.331Z","","","","","","","Fujifilm's product pages name Synapse Enterprise PACS, with its own product page.","","","","unreviewed"
"fujifilm-synapse","C04","product_names","Synapse 7x is Fujifilm's enterprise PACS release name.","true","https://healthcaresolutions-us.fujifilm.com/products/enterprise-imaging/synapse-cloud-services/","Fujifilm’s enterprise PACS Synapse 7x supports cloud-based and on-premise hosting","2026-10-08T03:18:14.065Z","","","","","","","The Synapse Cloud Services page names Fujifilm's enterprise PACS Synapse 7x.","","","","unreviewed"
"fujifilm-synapse","C05","product_names","Synapse Universal Viewer is the name of the Synapse Enterprise viewer.","unverifiable","","","","","","","","","","The pages read describe 'one universal diagnostic viewer' and name Synapse Viewer eXtension and Synapse Mobility, but no product called Synapse Universal Viewer; that is not an explicit contradiction.","","","","unreviewed"
"fujifilm-synapse","C06","product_names","REiLI is Fujifilm's AI initiative behind Synapse AI integration.","true","https://healthcaresolutions-us.fujifilm.com/products/enterprise-imaging/synapse-ai-orchestrator/","As part of Fujifilm’s global AI initiative, REiLI, the Synapse AI Orchestrator is laying the foundation for the future of imaging interpretation.","2026-10-08T03:18:40.331Z","","","","","","","The Synapse AI Orchestrator page names REiLI as Fujifilm's global AI initiative.","","","","unreviewed"
"fujifilm-synapse","C07","integrations","Synapse RIS integrates with ImagineSoftware for revenue-cycle and billing.","true","https://healthcaresolutions-us.fujifilm.com/products/enterprise-imaging/synapse-eis-ris/","Improve the payment lifecycle with integrated and intuitive financial tools from ImagineSoftware","2026-10-08T03:17:50.125Z","","","","","","","The Synapse EIS/RIS page describes integrated revenue-cycle tools from ImagineSoftware through a strategic partnership.","","","","unreviewed"
"fujifilm-synapse","C08","platforms","Synapse can be deployed in the cloud (cloud hosting).","true","https://healthcaresolutions-us.fujifilm.com/products/enterprise-imaging/synapse-cloud-services/","Fujifilm’s enterprise PACS Synapse 7x supports cloud-based and on-premise hosting","2026-10-08T03:18:14.065Z","","","","","","","The Synapse Cloud Services page states Synapse 7x supports cloud-based hosting, and the Enterprise PACS page calls it cloud-enabled.","","","","unreviewed"
"fujifilm-synapse","C09","platforms","Synapse can be hosted on premise.","true","https://healthcaresolutions-us.fujifilm.com/products/enterprise-imaging/synapse-cloud-services/","Fujifilm’s enterprise PACS Synapse 7x supports cloud-based and on-premise hosting","2026-10-08T03:18:14.065Z","","","","","","","The Synapse Cloud Services page states Synapse 7x supports on-premise hosting.","","","","unreviewed"
"fujifilm-synapse","C10","platforms","Synapse offers hybrid deployment options.","true","https://healthcaresolutions-us.fujifilm.com/products/enterprise-imaging/synapse-cloud-services/","Dedicated informatics experts can work with you to identify the right private, public, or adaptable hybrid cloud-based delivery model for your enterprise based on your unique challenges, needs, goals, and budget.","2026-10-08T03:18:14.065Z","","","","","","","The Synapse Cloud Services page offers an adaptable hybrid delivery model alongside private and public cloud.","","","","unreviewed"
"fujifilm-synapse","C11","platforms","Synapse offers web-based (zero-footprint) image viewing and distribution.","true","https://healthcaresolutions-us.fujifilm.com/products/enterprise-imaging/synapse-mobility-enterprise-viewer/","Extend image visibility through browser-neutral access, multi-monitor viewing, inherent DICOM and non-DICOM display, and more.","2026-10-08T03:18:50.509Z","","","","","","","The Synapse Mobility page lists a zero-footprint client with browser-neutral access, and the Radiology PACS page describes a zero-download viewer.","","","","unreviewed"
"ramsoft","C01","platforms","RamSoft's OmegaAI is a cloud-native platform delivered from the cloud (SaaS); RamSoft's software is cloud-based.","true","https://www.ramsoft.com/solutions/products/omegaai","A fully cloud-native platform unifying RIS, PACS, and VNA — built for the demands of modern radiology.","2026-10-08T03:21:10.164Z","","","","","","","The OmegaAI page describes a fully cloud-native platform with no on-prem infrastructure, and RamSoft's pages call its RIS/PACS solutions cloud-based.","","","","unreviewed"
"ramsoft","C02","platforms","OmegaAI is built on (hosted on) Microsoft Azure.","true","https://www.ramsoft.com/solutions/products/omegaai","Built entirely on Microsoft Azure, OmegaAI runs on microservices with no on-prem infrastructure","2026-10-08T03:21:10.164Z","","","","","","","The OmegaAI page states it is built entirely on Microsoft Azure.","","","","unreviewed"
"ramsoft","C03","platforms","OmegaAI is browser-based and zero-footprint (no local installation).","true","https://www.ramsoft.com/solutions/products/omegaai","No local installation required. Everything runs securely through a single browser window, accessible from anywhere.","2026-10-08T03:21:10.164Z","","","","","","","The OmegaAI page lists a zero-footprint design that runs in a single browser window with no local installation.","","","","unreviewed"
"ramsoft","C04","platforms","PowerServer can be deployed in the cloud.","true","https://www.ramsoft.com/solutions/products/powerserver","Available for cloud and on-premises implementations.","2026-10-08T03:21:15.056Z","","","","","","","The PowerServer page states it is available for cloud implementations.","","","","unreviewed"
"ramsoft","C05","platforms","PowerServer can be deployed on premises.","true","https://www.ramsoft.com/solutions/products/powerserver","Available for cloud and on-premises implementations.","2026-10-08T03:21:15.056Z","","","","","","","The PowerServer page states it is available for on-premises implementations.","","","","unreviewed"
"ramsoft","C06","platforms","PowerServer is cloud-native.","unverifiable","","","","","","","","","","RamSoft labels PowerServer cloud-based (and available on premises) and reserves cloud-native for OmegaAI, but no page states that PowerServer is not cloud-native.","","","","unreviewed"
"ramsoft","C07","platforms","PowerServer is a fully web-based PACS/RIS.","true","https://www.ramsoft.com/aboutus","In 2003, RamSoft® pioneers a fully web-based platform — years ahead of the industry.","2026-10-08T03:22:02.162Z","","","","","","","RamSoft's history page states that RamSoft's platform (PowerServer, under 'Going Web-Native') became fully web-based in 2003, and the PowerServer page lists a zero-footprint viewer.","","","","unreviewed"
"ramsoft","C08","platforms","RamSoft offers hybrid (cloud plus on-premise) deployment.","unverifiable","","","","","","","","","","The pages read offer PowerServer in the cloud or on premises and OmegaAI as cloud-native, but do not mention a hybrid deployment.","","","","unreviewed"
"ramsoft","C09","product_names","PowerServer LITE PACS is RamSoft's PACS edition for small to mid-sized organizations.","true","https://www.ramsoft.com/solutions/products/powerserver","PowerServer LITE PACS An affordable, fully loaded PACS ideal for small to mid-sized imaging organizations.","2026-10-08T03:21:15.056Z","","","","","","","The PowerServer page lists PowerServer LITE PACS as a PACS for small to mid-sized imaging organizations.","","","","unreviewed"
"ramsoft","C10","product_names","PowerServer TELE PLUS is RamSoft's teleradiology configuration of PowerServer.","true","https://www.ramsoft.com/solutions/products/powerserver","PowerServer TELE PLUS Geared exclusively for teleradiology — access studies anytime, from anywhere.","2026-10-08T03:21:15.056Z","","","","","","","The PowerServer page lists PowerServer TELE PLUS as the teleradiology edition.","","","","unreviewed"
"ramsoft","C11","product_names","Blume is RamSoft's patient engagement portal.","true","https://ramsoft.com/","Blume® — Patient Engagement Portal","2026-10-08T03:20:53.547Z","","","","","","","RamSoft's home page names Blume as its patient engagement portal.","","","","unreviewed"
"ramsoft","C12","product_names","Omega RIS is a RamSoft product.","unverifiable","","","","","","","","","","The pages read name OmegaAI (a RIS/PACS/VNA) but no product called Omega RIS; that is not an explicit contradiction.","","","","unreviewed"
"ramsoft","C13","product_names","KloudPACS is a RamSoft product (PowerServer/KloudPACS).","unverifiable","","","","","","","","","","No page read mentions KloudPACS.","","","","unreviewed"
"ramsoft","C14","product_names","Gateway is a RamSoft product.","true","https://www.ramsoft.com/solutions/products/powerserver","Gateway™ Standalone DICOM viewing solutions","2026-10-08T03:21:15.056Z","","","","","","","The PowerServer page lists the Gateway family (Gateway Router, Gateway Viewer Mini PACS, Gateway Mammo Viewer); the answer's description of it as a VPN-bypassing cloud architecture is a capability description and was not coded.","","","","unreviewed"
"ramsoft","C15","pricing","RamSoft uses a per-study (SaaS) pricing model.","true","https://www.ramsoft.com/who-we-serve/by-industry/teleradiology","Per-study pricing that scales with your volume — not your headcount.","2026-10-08T03:21:23.904Z","","","","","","","RamSoft's teleradiology page states per-study pricing.","","","","unreviewed"
"ramsoft","C16","pricing","RamSoft posts no public prices; pricing is quoted in a sales conversation.","true","https://ramsoft.com/","Transparent pricing discussed on the call","2026-10-08T03:20:53.547Z","","","","","","","The pages read publish no prices and say pricing is discussed on the demo call.","","","","unreviewed"
"ramsoft","C17","pricing","RamSoft is priced on a pay-as-you-go basis.","true","https://www.ramsoft.com/who-we-serve/by-industry/teleradiology","Per-study pricing that scales with your volume — not your headcount.","2026-10-08T03:21:23.904Z","","","","","","","RamSoft's per-study, CapEx-free pricing that scales with volume is a pay-as-you-go basis.","","","","unreviewed"
"ramsoft","C18","certifications","RamSoft (OmegaAI) is HIPAA compliant.","true","https://www.ramsoft.com/who-we-serve/by-industry/teleradiology","HIPAA, SOC 2 Type II, and ISO 13485 certified for full compliance confidence","2026-10-08T03:21:23.904Z","","","","","","","RamSoft's teleradiology and compliance pages list HIPAA among its certifications.","","","","unreviewed"
"ramsoft","C19","certifications","RamSoft (OmegaAI) has SOC 2 Type II.","true","https://www.ramsoft.com/who-we-serve/by-industry/teleradiology","HIPAA, SOC 2 Type II, and ISO 13485 certified for full compliance confidence","2026-10-08T03:21:23.904Z","","","","","","","RamSoft's pages list SOC 2 Type II among its certifications.","","","","unreviewed"
"ramsoft","C20","certifications","RamSoft (OmegaAI) is ISO 13485 certified.","true","https://www.ramsoft.com/who-we-serve/by-industry/teleradiology","HIPAA, SOC 2 Type II, and ISO 13485 certified for full compliance confidence","2026-10-08T03:21:23.904Z","","","","","","","RamSoft's teleradiology page and compliance page (MDSAP EN ISO 13485:2016, audited by TÜV SÜD) state ISO 13485 certification.","","","","unreviewed"
"ramsoft","C21","customer_counts","PowerServer is used by over 750 sites.","unverifiable","","","","","","","","","","RamSoft's home page gives 750+ (and elsewhere 800+) practices for the company as a whole, not sites for PowerServer, so the unit and scope do not match.","","","","unreviewed"
"ramsoft","C22","customer_counts","PowerServer has thousands of customers worldwide.","unverifiable","","","","","","","","","","The pages read count practices (750+ or 800+) for the company, not customers for PowerServer; neither confirms nor explicitly contradicts 'thousands of customers'.","","","","unreviewed"
"buildium","C01","pricing","The Essential plan starts at $62 per month.","true","https://www.buildium.com/pricing/","Essential starting at $62/month","2026-10-08T03:00:09.369Z","","","","","","","The pricing page lists Essential starting at $62 per month.","","","","unreviewed"
"buildium","C02","pricing","The Growth plan starts at $192 per month.","true","https://www.buildium.com/pricing/","Growth starting at $192/month","2026-10-08T03:00:09.369Z","","","","","","","The pricing page lists Growth starting at $192 per month.","","","","unreviewed"
"buildium","C03","pricing","The Premium plan starts at $400 per month.","true","https://www.buildium.com/pricing/","Premium starting at $400/month","2026-10-08T03:00:09.369Z","","","","","","","The pricing page lists Premium starting at $400 per month.","","","","unreviewed"
"buildium","C04","pricing","The Essential plan starts at $58 per month.","true","https://www.buildium.com/","The Essential plan starts at $58/month","2026-10-08T03:00:14.148Z","","","","","","","The home page FAQ states the Essential plan starts at $58 per month (the pricing page shows $62 without stating a billing basis for either figure).","","","","unreviewed"
"buildium","C05","pricing","The Growth plan (a tier) is priced at $183 per month.","true","https://www.buildium.com/","The Growth plan starts at $183/ month","2026-10-08T03:00:14.148Z","","","","","","","The home page FAQ states the Growth plan starts at $183 per month.","","","","unreviewed"
"buildium","C06","pricing","The Premium plan starts at $375 per month.","true","https://www.buildium.com/","The Premium plan starts at $375/month","2026-10-08T03:00:14.148Z","","","","","","","The home page FAQ states the Premium plan starts at $375 per month.","","","","unreviewed"
"buildium","C07","pricing","Pricing starts at $55 per month.","wrong","https://www.buildium.com/","The Essential plan starts at $58/month","2026-10-08T03:00:14.148Z","","","","https://www.shukrentals.com/learn/property-management-software-for-small-landlords","other","The monthly base fee starts at $55 regardless of unit count","The lowest plan's published starting price is $58 per month on the home page and $62 per month on the pricing page, so a starting price stated as $55 (or $55+, read as from $55) contradicts both figures; the approximate around $55 statements were moved to C83 in the pass-2 consistency check.","","","","unreviewed"
"buildium","C08","pricing","Pricing starts at about $50 to $60 per month plus transaction fees.","unverifiable","","","","","","","","","","The pages give point starting prices ($58 on the home page, $62 on the pricing page), so a $50 to $60 range is neither confirmed nor explicitly contradicted.","","","","unreviewed"
"buildium","C09","pricing","Plans start at about $41 to $62 per month.","unverifiable","","","","","","","","","","The range contains the published $58 and $62 starting prices but its $41 floor matches no plan price; the pages give point prices, so the range is not settled.","","","","unreviewed"
"buildium","C10","pricing","Incoming EFT costs $2.35 per transaction on the Essential plan.","true","https://www.buildium.com/pricing/","Essential Incoming EFT: $2.35 per transaction","2026-10-08T03:00:09.369Z","","","","","","","The pricing page lists Essential incoming EFT at $2.35 per transaction.","","","","unreviewed"
"buildium","C11","pricing","Incoming EFT costs $1.35 per transaction on the Growth plan.","true","https://www.buildium.com/pricing/","Growth Incoming EFT: $1.35 per transaction","2026-10-08T03:00:09.369Z","","","","","","","The pricing page lists Growth incoming EFT at $1.35 per transaction.","","","","unreviewed"
"buildium","C12","pricing","Incoming EFT costs $0.60 per transaction on the Premium plan.","true","https://www.buildium.com/pricing/","Premium Incoming EFT: First 12 months free, then $0.60","2026-10-08T03:00:09.369Z","","","","","","","The pricing page lists Premium incoming EFT at $0.60 after the first 12 months free; the answer gives the standing rate and does not claim a first-year price.","","","","unreviewed"
"buildium","C13","pricing","Bank account setup costs $99 per business bank account (Essential).","true","https://www.buildium.com/pricing/","Bank account setup fee: $99 per business bank account","2026-10-08T03:00:09.369Z","","","","","","","The pricing page lists a $99 setup fee per business bank account on Essential.","","","","unreviewed"
"buildium","C14","pricing","The Growth plan includes the first 10 business bank accounts without a setup fee.","true","https://www.buildium.com/pricing/","Growth: 10 free business bank accounts; $99 per additional bank account","2026-10-08T03:00:09.369Z","","","","","","","The pricing page lists 10 free business bank accounts on Growth.","","","","unreviewed"
"buildium","C15","pricing","eSignatures cost $5 per document on the Essential plan.","true","https://www.buildium.com/pricing/","Essential $5 per document Growth $1 per document Premium Unlimited - All fees included","2026-10-08T03:00:09.369Z","","","","","","","The pricing page lists eSignature at $5 per document on Essential.","","","","unreviewed"
"buildium","C16","pricing","eSignatures cost $1 per document on the Growth plan.","true","https://www.buildium.com/pricing/","Essential $5 per document Growth $1 per document Premium Unlimited - All fees included","2026-10-08T03:00:09.369Z","","","","","","","The pricing page lists eSignature at $1 per document on Growth.","","","","unreviewed"
"buildium","C17","pricing","eSignatures carry a per-use charge on the lower plans and are unlimited on the top plan.","true","https://www.buildium.com/pricing/","Essential $5 per document Growth $1 per document Premium Unlimited - All fees included","2026-10-08T03:00:09.369Z","","","","","","","The pricing page charges per eSignature document on Essential and Growth and lists Premium as unlimited with all fees included.","","","","unreviewed"
"buildium","C18","pricing","Payment processing, screening, eSignature and similar services are charged as separate fees that vary by plan.","true","https://www.buildium.com/pricing/","Customize your subscription with the features and services you need. Additional fees apply for these features and services.","2026-10-08T03:00:09.369Z","","","","","","","The pricing page states additional fees apply for add-on services and lists per-plan rates for EFT, card payments, screening, eSignatures, bank setup and inspections.","","","","unreviewed"
"buildium","C19","pricing","Buildium publishes its plan prices openly (not quote only).","true","https://www.buildium.com/pricing/","Essential starting at $62/month","2026-10-08T03:00:09.369Z","","","","","","","The public pricing page lists a starting price for each of the three plans.","","","","unreviewed"
"buildium","C20","plans","Buildium sells three tiered plans: Essential, Growth and Premium.","true","https://www.buildium.com/pricing/","Plans designed for every stage of growth Essential Growth Premium","2026-10-08T03:00:09.369Z","","","","","","","The pricing page presents three tiers named Essential, Growth and Premium.","","","","unreviewed"
"buildium","C21","pricing","Pricing is a flat monthly fee per tier, not charged per unit.","unverifiable","","","","","","","","","","The pricing page gives only starting at prices per tier and does not state whether the price depends on unit count.","","","","unreviewed"
"buildium","C22","pricing","Plan prices scale with the number of units (per-unit fees on top of a base).","unverifiable","","","","","","","","","","The pricing page gives starting at prices and a call-in option above 5,000 units but does not state how price varies with unit count.","","","","unreviewed"
"buildium","C23","pricing","Pricing is usage-based.","unverifiable","","","","","","","","","","The pricing page lists tier starting prices and per-transaction add-on fees but does not describe the subscription itself as usage-based.","","","","unreviewed"
"buildium","C24","pricing","Buildium has no unit minimum.","unverifiable","","","","","","","","","","None of the pages read states a unit minimum or the absence of one.","","","","unreviewed"
"buildium","C25","pricing","Buildium charges a monthly minimum.","unverifiable","","","","","","","","","","The pages give starting prices per plan but do not describe a monthly minimum charge.","","","","unreviewed"
"buildium","C26","plans","The lower tiers have unit caps.","unverifiable","","","","","","","","","","The pricing page does not state unit caps per tier.","","","","unreviewed"
"buildium","C27","plans","The Growth plan covers up to 50 units.","unverifiable","","","","","","","","","","The pages do not state a unit allowance for the Growth plan.","","","","unreviewed"
"buildium","C28","pricing","Annual billing carries a 10% discount.","unverifiable","","","","","","","","","","The pages read do not state an annual-billing discount.","","","","unreviewed"
"buildium","C29","pricing","Contracts run 12 months with auto-renewal.","unverifiable","","","","","","","","","","The pages read do not state contract length or renewal terms.","","","","unreviewed"
"buildium","C30","pricing","Buildium raised prices several times after the RealPage acquisition.","unverifiable","","","","","","","","","","The pages read document no price history.","","","","unreviewed"
"buildium","C31","pricing","Buildium raised EFT transaction fees about 40% in 2023.","unverifiable","","","","","","","","","","The pages read document no dated fee change.","","","","unreviewed"
"buildium","C32","pricing","Transaction, bank setup and eSignature fees add 30 to 50% to the actual cost.","unverifiable","","","","","","","","","","The pricing page lists the fees but not their share of a typical bill.","","","","unreviewed"
"buildium","C33","pricing","At 100 units the real cost is about $340 per month once EFT and eSignature fees are added.","unverifiable","","","","","","","","","","The pages publish no total cost for a given unit count; the figure depends on usage assumptions.","","","","unreviewed"
"buildium","C34","pricing","Estimated cost at 100 units is about $192 to $340 per month.","unverifiable","","","","","","","","","","The pages publish no price for a given unit count.","","","","unreviewed"
"buildium","C35","pricing","Estimated cost at about 100 units is $180 to $250 per month (Growth tier plus unit scaling).","unverifiable","","","","","","","","","","The pages publish no price for a given unit count.","","","","unreviewed"
"buildium","C36","pricing","Estimated cost at 50 units is $62 to $192 per month.","unverifiable","","","","","","","","","","The endpoints equal the Essential and Growth starting prices, but the pages publish no price for a given unit count.","","","","unreviewed"
"buildium","C37","pricing","At 500 units the cost is about $0.37 per unit.","unverifiable","","","","","","","","","","The pages publish no per-unit price or price for a given unit count.","","","","unreviewed"
"buildium","C38","pricing","Cost scales to about $2,000 per month for mid-size operators.","unverifiable","","","","","","","","","","The pages publish no price for a given portfolio size.","","","","unreviewed"
"buildium","C39","pricing","Pricing for HOAs and condo (community association) management is quoted separately.","true","https://www.buildium.com/pricing/","If you have more than 5,000 units or are looking for pricing for community associations please call 877-396-7876.","2026-10-08T03:00:09.369Z","","","","","","","The pricing FAQ directs community association pricing to a sales call rather than the listed plans.","","","","unreviewed"
"buildium","C40","pricing","Onboarding is a paid service, not free.","unverifiable","","","","","","","","","","The pricing page says onboarding is required for Growth and Premium but does not state a fee for it.","","","","unreviewed"
"buildium","C41","free_tier","Buildium has no free plan.","true","https://www.buildium.com/","Buildium has three plans to choose from . The Essential plan starts at $58/month","2026-10-08T03:00:14.148Z","","","","","","","The home page FAQ says Buildium has three plans, the cheapest starting at $58 per month, so no plan is free (the free offer is a 14-day trial).","","","","unreviewed"
"buildium","C42","free_tier","Buildium offers a free trial.","true","https://www.buildium.com/","Yes. Buildium offers a free 14-day trial for new users","2026-10-08T03:00:14.148Z","","","","","","","The home page FAQ states Buildium offers a free trial.","","","","unreviewed"
"buildium","C43","free_tier","The free trial lasts 14 days.","true","https://www.buildium.com/pricing/","When you sign up for a free 14-day trial you’ll be able to use sample data to see how Buildium handles your real-world tasks.","2026-10-08T03:00:09.369Z","","","","","","","The pricing page FAQ describes a free 14-day trial with sample data.","","","","unreviewed"
"buildium","C44","free_tier","The free trial requires no credit card.","true","https://www.buildium.com/pricing/","It takes just 30 seconds. No credit card required.","2026-10-08T03:00:09.369Z","","","","","","","The pricing page states no credit card is required for the trial.","","","","unreviewed"
"buildium","C45","plans","The Open API requires the Premium plan.","true","https://www.buildium.com/pricing/","Get everything in Growth plus Open API, insights-to-action, and the opportunity for money back in your pocket.","2026-10-08T03:00:09.369Z","","","","","","","The pricing page describes Premium as everything in Growth plus Open API, so Open API is a Premium inclusion.","","","","unreviewed"
"buildium","C46","plans","Open API access comes with the higher tiers.","true","https://www.buildium.com/pricing/","Full AI and Automations suite, plus Open API","2026-10-08T03:00:09.369Z","","","","","","","The pricing page lists Open API among Premium's highlights, the top tier.","","","","unreviewed"
"buildium","C47","plans","Live phone support requires the Growth or Premium plan.","true","https://www.buildium.com/pricing/","Live Phone Support is provided for customers who purchase a Growth or Premium plan.","2026-10-08T03:00:09.369Z","","","","","","","The pricing FAQ limits live phone support to Growth and Premium.","","","","unreviewed"
"buildium","C48","plans","Ticket support is available on all plans, including Essential.","true","https://www.buildium.com/pricing/","All Buildium customers have access to Ticket Support","2026-10-08T03:00:09.369Z","","","","","","","The pricing FAQ gives all customers access to ticket support.","","","","unreviewed"
"buildium","C49","plans","Priority support is included with Premium.","true","https://www.buildium.com/pricing/","Priority Support, designed to offer a fast track queue to our Customer Care team, is available for purchase with our Growth plan, but it is included as part of our Premium plan.","2026-10-08T03:00:09.369Z","","","","","","","The pricing FAQ states priority support is included in Premium.","","","","unreviewed"
"buildium","C50","plans","New Growth and Premium customers must use the onboarding service.","true","https://www.buildium.com/pricing/","All new Buildium customers purchasing our Growth or Premium plan must use our customized Onboarding service to get started with Buildium.","2026-10-08T03:00:09.369Z","","","","","","","The pricing FAQ makes onboarding mandatory for new Growth and Premium customers.","","","","unreviewed"
"buildium","C51","plans","Essential includes basic accounting, maintenance and leasing, standard and bulk reporting, and Buildium's AI assistant.","true","https://www.buildium.com/pricing/","All basic Accounting, Maintenance, & Leasing features Basic Communications & Buildium’s AI Assistant Standard & Bulk Reporting","2026-10-08T03:00:09.369Z","","","","","","","These are the Essential plan highlights on the pricing page.","","","","unreviewed"
"buildium","C52","plans","Growth and higher tiers add customization, reporting automation, enhanced screening, business analytics and more AI and automation.","true","https://www.buildium.com/pricing/","Everything in Essential, plus more customization & reporting automation Enhanced Tenant Screening, lower cost eSignatures & EFT transactions AI-enhanced Communications and Business Analytics","2026-10-08T03:00:09.369Z","","","","","","","These are the Growth plan highlights on the pricing page, and Premium adds the full AI and automation suite.","","","","unreviewed"
"buildium","C53","plans","Premium includes the full AI and automation suite.","true","https://www.buildium.com/pricing/","Full AI and Automations suite, plus Open API","2026-10-08T03:00:09.369Z","","","","","","","The Premium plan highlights include the full AI and automations suite.","","","","unreviewed"
"buildium","C54","plans","Buildium's AI assistant Lumina is available only on the Premium tier.","wrong","https://www.buildium.com/pricing/","Plan Highlights All basic Accounting, Maintenance, & Leasing features Basic Communications & Buildium’s AI Assistant","2026-10-08T03:00:09.369Z","","","","","not found","","The Essential plan highlights include Buildium's AI Assistant, which the pricing matrix lists under Lumina AI, and the AI page says Lumina AI is available as part of select Buildium plans, so the assistant is not limited to Premium (the AI page says only that all Lumina features are included with Premium).","","","","unreviewed"
"buildium","C55","plans","Custom reports require Growth or higher.","unverifiable","","","","","","","","","","The pricing matrix lists Customized Reports but its per-plan check marks do not render in the snapshot text, and the plan highlights do not name custom reports.","","","","unreviewed"
"buildium","C56","plans","Marketplace integrations are mainly unlocked on the Premium tier.","unverifiable","","","","","","","","","","The pricing matrix lists Marketplace Integrations but its per-plan check marks do not render in the snapshot text.","","","","unreviewed"
"buildium","C57","plans","Lower tiers can buy live phone support for an extra charge.","unverifiable","","","","","","","","","","The pricing page provides live phone support with Growth and Premium but does not say whether Essential can buy it.","","","","unreviewed"
"buildium","C58","plans","Support is offered by phone, email and live chat depending on plan tier.","unverifiable","","","","","","","","","","The pricing page lists ticket support by email and live phone support by tier but names no live chat channel.","","","","unreviewed"
"buildium","C59","integrations","Buildium integrates with Zillow (Zillow Rental Manager listing syndication).","true","https://www.buildium.com/features/rental-listing-syndication/","Buildium supports rental listing syndication to rental websites such as Zillow, Apartments.com, Apartment List, Dwellsy, RentPath, Zumper, and Rental Beast.","2026-10-08T03:04:35.693Z","","","","","","","The listing syndication page names Zillow among the sites Buildium syndicates to.","","","","unreviewed"
"buildium","C60","integrations","Buildium integrates with Apartments.com (listing syndication).","true","https://www.buildium.com/features/rental-listing-syndication/","Buildium supports rental listing syndication to rental websites such as Zillow, Apartments.com, Apartment List, Dwellsy, RentPath, Zumper, and Rental Beast.","2026-10-08T03:04:35.693Z","","","","","","","The listing syndication page names Apartments.com among the sites Buildium syndicates to.","","","","unreviewed"
"buildium","C61","integrations","Buildium integrates with Tenant Turner.","true","https://www.buildium.com/pricing/","Showings Coordinator, powered by Tenant Turner","2026-10-08T03:00:09.369Z","","","","","","","The pricing page lists the Showings Coordinator add-on powered by Tenant Turner, and the Marketplace page lists Tenant Turner as a partner.","","","","unreviewed"
"buildium","C62","integrations","Buildium integrates with Dropbox Sign for eSignatures.","true","https://www.buildium.com/pricing/","eSignature, powered by Dropbox Sign","2026-10-08T03:00:09.369Z","","","","","","","The pricing page lists eSignature powered by Dropbox Sign.","","","","unreviewed"
"buildium","C63","integrations","Buildium integrates with PayNearMe for (cash) payments.","true","https://www.buildium.com/pricing/","Retail Cash Payments, powered by PayNearMe Residents can easily make cash rent payments at over 20,000 trusted locations nationwide.","2026-10-08T03:00:09.369Z","","","","","","","The pricing page lists retail cash payments powered by PayNearMe.","","","","unreviewed"
"buildium","C64","integrations","Buildium does not offer cash payments through PayNearMe.","wrong","https://www.buildium.com/pricing/","Retail Cash Payments, powered by PayNearMe Residents can easily make cash rent payments at over 20,000 trusted locations nationwide.","2026-10-08T03:00:09.369Z","","","","","not found","","The pricing page offers retail cash payments powered by PayNearMe, contradicting the table's cross for Buildium.","","","","unreviewed"
"buildium","C65","integrations","Buildium integrates with RevSpring.","true","https://www.buildium.com/pricing/","Remote Check Printing, powered by RevSpring","2026-10-08T03:00:09.369Z","","","","","","","The pricing page lists remote check printing and EZMail powered by RevSpring.","","","","unreviewed"
"buildium","C66","integrations","Buildium integrates with Happy Property for inspections.","unverifiable","","","","","","","","","","The pricing page names HappyCo as the inspections partner; no page read names Happy Property, so the named product is not settled.","","","","unreviewed"
"buildium","C67","integrations","Buildium integrates with Forte for payments.","unverifiable","","","","","","","","","","No page read names Forte; the Marketplace page shows a partial partner list.","","","","unreviewed"
"buildium","C68","integrations","Buildium integrates with TransUnion Collections Management.","unverifiable","","","","","","","","","","The pricing page names TransUnion only for tenant screening; no page read names TransUnion Collections Management.","","","","unreviewed"
"buildium","C69","integrations","Buildium integrates (native sync) with QuickBooks.","unverifiable","","","","","","","","","","No page read mentions QuickBooks.","","","","unreviewed"
"buildium","C70","integrations","Buildium has no QuickBooks integration.","unverifiable","","","","","","","","","","No page read mentions QuickBooks, so its absence is not settled either.","","","","unreviewed"
"buildium","C71","integrations","Buildium integrates with 10+ third-party tools.","unverifiable","","","","","","","","","","The Marketplace page lists partners by name with a Load More button but states no integration count.","","","","unreviewed"
"buildium","C72","integrations","Buildium integrates with 10 third-party tools.","unverifiable","","","","","","","","","","The Marketplace page lists partners by name with a Load More button but states no integration count to compare against.","","","","unreviewed"
"buildium","C73","product_names","Buildium's AI product is named Lumina AI.","true","https://www.buildium.com/features/ai-property-management-software/","Lumina AI is Buildium’s intelligent automation suite built specifically for property management.","2026-10-08T03:04:16.681Z","","","","","","","The AI page names Buildium's AI suite Lumina AI.","","","","unreviewed"
"buildium","C74","product_names","Buildium's showing add-on is named Showings Coordinator (powered by Tenant Turner).","true","https://www.buildium.com/pricing/","Showings Coordinator, powered by Tenant Turner","2026-10-08T03:00:09.369Z","","","","","","","The pricing page names the add-on Showings Coordinator, powered by Tenant Turner.","","","","unreviewed"
"buildium","C75","product_names","Buildium offers a service named Maintenance Contact Center.","true","https://www.buildium.com/","Maintenance Contact Center Satisfy residents while reducing property risk","2026-10-08T03:00:14.148Z","","","","","","","The home page navigation names the Maintenance Contact Center.","","","","unreviewed"
"buildium","C76","platforms","Buildium has mobile apps (for managers and residents).","true","https://www.buildium.com/","Highly rated property manager and Resident Center apps","2026-10-08T03:00:14.148Z","","","","","","","The home page describes property manager and Resident Center mobile apps.","","","","unreviewed"
"buildium","C77","ownership","Buildium is owned by RealPage.","true","https://www.buildium.com/","©2026 Buildium, A RealPage Company","2026-10-08T03:00:14.148Z","","","","","","","The site footer identifies Buildium as a RealPage company.","","","","unreviewed"
"buildium","C78","ownership","Buildium's parent RealPage is owned by private equity firm Thoma Bravo (taken private in 2021).","unverifiable","","","","","","","","","","No page read mentions Thoma Bravo or RealPage's ownership.","","","","unreviewed"
"buildium","C79","acquisitions","RealPage acquired Buildium.","unverifiable","","","","","","","","","","The pages state that Buildium is a RealPage company but no page read describes an acquisition.","","","","unreviewed"
"buildium","C80","acquisitions","RealPage acquired Buildium in 2019.","unverifiable","","","","","","","","","","No page read dates an acquisition (the purchase price in the answer is out of scope).","","","","unreviewed"
"buildium","C81","plans","The Essential tier caps units at 150.","unverifiable","","","","","","","","","","The pricing page does not state a unit cap for Essential.","","","","unreviewed"
"buildium","C82","pricing","Incoming ACH (EFT) rent payments are included without a per-transaction fee only on the Premium plan.","true","https://www.buildium.com/pricing/","Free inspections, eSignatures and first year free Incoming EFT transactions","2026-10-08T03:00:09.369Z","","","","","","","Premium is the only plan with fee-free incoming EFT (for the first 12 months, then $0.60), while Essential and Growth charge per incoming EFT; the answer does not state the 12-month limit.","","","","unreviewed"
"buildium","C83","pricing","Pricing starts around $55 per month (stated as an approximation).","unverifiable","","","","","","","","","","Split from C07 in the pass-2 consistency check: an approximate starting price of around $55 sits within about 5% of the home page's $58 (the pricing page says $62, and the two own pages disagree), so it does not clearly understate the published price and is not settled.","","","","unreviewed"
"appfolio","C01","pricing","AppFolio pricing is quote-based (no published prices).","true","https://www.appfolio.com/pricing","Purchase Orders & Inventory Tracking Standard Support Get a Quote *Minimum spend and 50 unit minimum apply. Contact us for details.","2026-10-08T03:20:36.643Z","","","","","","","The pricing page lists the Core, Plus and Max plans with a Get a Quote button each and no dollar prices.","","","","unreviewed"
"appfolio","C02","pricing","AppFolio has a minimum monthly spend.","true","https://www.appfolio.com/pricing","Purchase Orders & Inventory Tracking Standard Support Get a Quote *Minimum spend and 50 unit minimum apply. Contact us for details.","2026-10-08T03:20:36.643Z","","","","","","","The pricing page states that a minimum spend applies to Core (and to Plus and Max).","","","","unreviewed"
"appfolio","C03","pricing","The Core plan requires a minimum of 50 units.","true","https://www.appfolio.com/pricing","Purchase Orders & Inventory Tracking Standard Support Get a Quote *Minimum spend and 50 unit minimum apply. Contact us for details.","2026-10-08T03:20:36.643Z","","","","","","","The Core plan on the pricing page carries the note that a 50 unit minimum applies.","","","","unreviewed"
"appfolio","C04","pricing","AppFolio enforces unit minimums (number not stated).","true","https://www.appfolio.com/pricing","*Minimum spend and units apply. Contact us for details.","2026-10-08T03:20:36.643Z","","","","","","","The pricing page states that unit minimums apply to every plan (50 units on Core).","","","","unreviewed"
"appfolio","C05","pricing","The higher tiers (Plus and Max) also have minimums.","true","https://www.appfolio.com/pricing","*Minimum spend and units apply. Contact us for details.","2026-10-08T03:20:36.643Z","","","","","","","The Plus and Max plans on the pricing page each carry the note that a minimum spend and units apply.","","","","unreviewed"
"appfolio","C06","pricing","Pricing is charged per unit.","unverifiable","","","","","","","","","","The pricing page is quote-based and mentions unit minimums but does not state a per-unit price basis.","","","","unreviewed"
"appfolio","C07","pricing","AppFolio's pricing scales with the size of the portfolio.","true","https://www.appfolio.com/pricing","Flexible Plans That Scale With Your Business","2026-10-08T03:20:36.643Z","","","","","","","The pricing page headline presents the plans as scaling with the customer's business.","","","","unreviewed"
"appfolio","C08","pricing","AppFolio moved to quote-only pricing in 2026.","unverifiable","","","","","","","","","","The pricing page is quote-based now but no page read dates a change from published prices.","","","","unreviewed"
"appfolio","C09","pricing","Core costs $1.40 per unit per month.","unverifiable","","","","","","","","","","The pricing page publishes no dollar prices.","","","","unreviewed"
"appfolio","C10","pricing","Core costs $1.49 per unit per month.","unverifiable","","","","","","","","","","The pricing page publishes no dollar prices.","","","","unreviewed"
"appfolio","C11","pricing","Core costs $1.40 to $1.49 per unit per month.","unverifiable","","","","","","","","","","The pricing page publishes no dollar prices.","","","","unreviewed"
"appfolio","C12","pricing","Core has a $280 monthly minimum.","unverifiable","","","","","","","","","","The pricing page says a minimum spend applies but gives no amount.","","","","unreviewed"
"appfolio","C13","pricing","Core has a $298 monthly minimum.","unverifiable","","","","","","","","","","The pricing page says a minimum spend applies but gives no amount.","","","","unreviewed"
"appfolio","C14","pricing","Core has a monthly minimum of $280 to $298.","unverifiable","","","","","","","","","","The pricing page says a minimum spend applies but gives no amount.","","","","unreviewed"
"appfolio","C15","pricing","Plus costs $3.20 per unit per month.","unverifiable","","","","","","","","","","The pricing page publishes no dollar prices.","","","","unreviewed"
"appfolio","C16","pricing","Plus costs $3.00 to $3.50 per unit per month.","unverifiable","","","","","","","","","","The pricing page publishes no dollar prices.","","","","unreviewed"
"appfolio","C17","pricing","Plus has a $960 monthly minimum.","unverifiable","","","","","","","","","","The pricing page says a minimum spend applies to Plus but gives no amount.","","","","unreviewed"
"appfolio","C18","pricing","Plus requires $900 per month.","unverifiable","","","","","","","","","","The pricing page says a minimum spend applies to Plus but gives no amount.","","","","unreviewed"
"appfolio","C19","pricing","Max costs about $5 per unit per month.","unverifiable","","","","","","","","","","The pricing page publishes no dollar prices.","","","","unreviewed"
"appfolio","C20","pricing","Max has a $1,500 monthly minimum.","unverifiable","","","","","","","","","","The pricing page says a minimum spend applies to Max but gives no amount.","","","","unreviewed"
"appfolio","C21","pricing","AppFolio charges a $400 onboarding fee.","unverifiable","","","","","","","","","","No page read states an onboarding fee.","","","","unreviewed"
"appfolio","C22","pricing","AppFolio charges onboarding fees from $400 to over $1,000.","unverifiable","","","","","","","","","","No page read states an onboarding fee.","","","","unreviewed"
"appfolio","C23","pricing","A 100-unit portfolio on Core would cost about $149 per month at the per-unit rate.","unverifiable","","","","","","","","","","The pricing page publishes no price for any unit count.","","","","unreviewed"
"appfolio","C24","pricing","Estimated cost at about 100 units is $150 to $250 per month.","unverifiable","","","","","","","","","","The pricing page publishes no price for any unit count.","","","","unreviewed"
"appfolio","C25","pricing","At exactly 50 units the minimum works out to about $5.60 per unit.","unverifiable","","","","","","","","","","The pricing page publishes no minimum amount from which an effective per-unit cost could be checked.","","","","unreviewed"
"appfolio","C26","pricing","AppFolio for mid-market operators runs $3,500 to $8,000 per month.","unverifiable","","","","","","","","","","The pricing page publishes no dollar prices.","","","","unreviewed"
"appfolio","C27","free_tier","AppFolio offers no free trial.","unverifiable","","","","","","","","","","The pages offer a free demo but say nothing either way about a free trial.","","","","unreviewed"
"appfolio","C28","free_tier","AppFolio has no free plan.","true","https://www.appfolio.com/pricing","Purchase Orders & Inventory Tracking Standard Support Get a Quote *Minimum spend and 50 unit minimum apply. Contact us for details.","2026-10-08T03:20:36.643Z","","","","","","","Even the entry Core plan carries a minimum spend, and Plus and Max do too, so no AppFolio plan is free.","","","","unreviewed"
"appfolio","C29","plans","AppFolio has three plans: Core, Plus and Max (out of the box, configurable, enterprise).","true","https://www.appfolio.com/pricing","Max An enterprise solution for large operators that are focused on customization, data insights, and driving revenue.","2026-10-08T03:20:36.643Z","","","","","","","The pricing page lists Core (out of the box), Plus (configurable) and Max (enterprise) as its property manager plans.","","","","unreviewed"
"appfolio","C30","plans","Core includes accounting, marketing and leasing, work orders, inspections and unit turns, and purchase orders and inventory.","true","https://www.appfolio.com/pricing","Property Accounting & Reports End-to-End Marketing & Leasing Work Order Management Inspections & Unit Turns","2026-10-08T03:20:36.643Z","","","","","","","These items are in the Core plan list on the pricing page, which also lists Purchase Orders & Inventory Tracking.","","","","unreviewed"
"appfolio","C31","plans","Core includes the Realm-X Assistant and Messages.","true","https://www.appfolio.com/pricing","Realm-X Assistant & Messages Purchase Orders & Inventory Tracking Standard Support Get a Quote *Minimum spend and 50 unit minimum apply.","2026-10-08T03:20:36.643Z","","","","","","","Realm-X Assistant & Messages is in the Core plan list on the pricing page.","","","","unreviewed"
"appfolio","C32","plans","Realm-X Flows (workflow automation) comes with Plus and Max, not Core.","true","https://www.appfolio.com/pricing","Everything in Core , and: Affordable Housing Capabilities Student Housing Capabilities Advanced Budgeting & Accounting Advanced Data Analysis Custom Fields Realm-X Flows","2026-10-08T03:20:36.643Z","","","","","","","Realm-X Flows appears in the Plus additions (and so in Max), not in the Core list.","","","","unreviewed"
"appfolio","C33","plans","Plus and higher tiers add advanced budgeting and accounting, data analysis, custom fields, workflow automation and maintenance scheduling.","true","https://www.appfolio.com/pricing","Everything in Core , and: Affordable Housing Capabilities Student Housing Capabilities Advanced Budgeting & Accounting Advanced Data Analysis Custom Fields Realm-X Flows","2026-10-08T03:20:36.643Z","","","","","","","The Plus additions on the pricing page include advanced budgeting and accounting, advanced data analysis, custom fields, Realm-X Flows, API access and maintenance scheduling and automated billing.","","","","unreviewed"
"appfolio","C34","plans","Core includes standard integrations and Plus adds premium integrations.","true","https://www.appfolio.com/pricing","Realm-X Flows AppFolio Stack™ Premium Integrations Scale & Control AppFolio API (read only)","2026-10-08T03:20:36.643Z","","","","","","","The pricing page lists AppFolio Stack Standard Integrations in Core and AppFolio Stack Premium Integrations in Plus.","","","","unreviewed"
"appfolio","C35","plans","Plus adds advanced leasing metrics and corporate accounting.","unverifiable","","","","","","","","","","The Plus list on the pricing page names advanced budgeting and accounting and advanced data analysis but not leasing metrics or corporate accounting.","","","","unreviewed"
"appfolio","C36","plans","API access is read-only on Plus and read/write on Max.","true","https://www.appfolio.com/pricing","Realm-X Flows AppFolio Stack™ Premium Integrations Scale & Control AppFolio API (read only)","2026-10-08T03:20:36.643Z","","","","","","","The pricing page lists AppFolio API (read only) in Plus and AppFolio API (read/write) in Max.","","","","unreviewed"
"appfolio","C37","plans","Max includes a leasing CRM, leasing signals, custom fields and read/write API access.","true","https://www.appfolio.com/pricing","Everything in Plus , and: Leasing CRM Leasing Signals AppFolio API (read/write) Dedicated Customer Success Management","2026-10-08T03:20:36.643Z","","","","","","","The Max list on the pricing page includes Leasing CRM, Leasing Signals and the read/write API on top of everything in Plus (which includes custom fields).","","","","unreviewed"
"appfolio","C38","plans","Support is standard on Core, enhanced on Plus and dedicated customer success management on Max.","true","https://www.appfolio.com/pricing","Everything in Plus , and: Leasing CRM Leasing Signals AppFolio API (read/write) Dedicated Customer Success Management","2026-10-08T03:20:36.643Z","","","","","","","The pricing page lists Standard Support in Core, Enhanced Support in Plus and Dedicated Customer Success Management in Max.","","","","unreviewed"
"appfolio","C39","plans","Realm-X (the AI assistant) is not in Core; it is limited to the Plus and Max tiers.","wrong","https://www.appfolio.com/pricing","Realm-X Assistant & Messages Purchase Orders & Inventory Tracking Standard Support Get a Quote *Minimum spend and 50 unit minimum apply.","2026-10-08T03:20:36.643Z","","","","https://aitoolsbakery.com/blog/appfolio-pricing-2026/","other","the AI features that justify the platform’s premium got gated behind the quote-heavy tiers","The Core plan list on the pricing page includes the Realm-X Assistant & Messages; only Realm-X Flows is reserved for Plus and Max.","","","","unreviewed"
"appfolio","C40","product_names","AppFolio's AI is named Realm-X.","true","https://www.appfolio.com/ai","Experience Real Performance with AppFolio Realm-X","2026-10-08T03:23:51.820Z","","","","","","","The AI page names AppFolio's AI Realm-X.","","","","unreviewed"
"appfolio","C41","product_names","AppFolio's workflow automation module is named Realm-X Flows.","true","https://www.appfolio.com/","Realm-X Flows is a workflow automation engine that standardizes processes","2026-10-08T03:20:41.332Z","","","","","","","The home page names the workflow automation engine Realm-X Flows.","","","","unreviewed"
"appfolio","C42","product_names","AppFolio has a module named Realm-X Assistant (with Messages).","true","https://www.appfolio.com/pricing","Realm-X Assistant & Messages","2026-10-08T03:20:36.643Z","","","","","","","The pricing page names Realm-X Assistant & Messages in the Core plan.","","","","unreviewed"
"appfolio","C43","integrations","AppFolio syndicates listings to Zillow.","true","https://www.appfolio.com/property-manager/marketing-leasing","Yes. AppFolio automatically syndicates rental listings to major rental platforms including Zillow, Apartments.com, and Zumper directly from within the system","2026-10-08T03:23:43.490Z","","","","","","","The marketing and leasing page names Zillow among the platforms AppFolio syndicates to.","","","","unreviewed"
"appfolio","C44","integrations","AppFolio syndicates listings to Apartments.com.","true","https://www.appfolio.com/property-manager/marketing-leasing","Yes. AppFolio automatically syndicates rental listings to major rental platforms including Zillow, Apartments.com, and Zumper directly from within the system","2026-10-08T03:23:43.490Z","","","","","","","The marketing and leasing page names Apartments.com among the platforms AppFolio syndicates to.","","","","unreviewed"
"appfolio","C45","integrations","AppFolio integrates with Homebase.","unverifiable","","","","","","","","","","The Stack page shows only five featured partners and none of the pages read names Homebase.","","","","unreviewed"
"appfolio","C46","integrations","AppFolio integrates with Birdeye.","unverifiable","","","","","","","","","","The Stack page shows only five featured partners and none of the pages read names Birdeye.","","","","unreviewed"
"appfolio","C47","integrations","AppFolio integrates with Procurify.","unverifiable","","","","","","","","","","The Stack page shows only five featured partners and none of the pages read names Procurify.","","","","unreviewed"
"appfolio","C48","integrations","AppFolio integrates with Stessa.","unverifiable","","","","","","","","","","The Stack page shows only five featured partners and none of the pages read names Stessa.","","","","unreviewed"
"appfolio","C49","integrations","AppFolio integrates with ButterflyMX.","unverifiable","","","","","","","","","","The Stack page shows only five featured partners and none of the pages read names ButterflyMX.","","","","unreviewed"
"appfolio","C50","platforms","AppFolio has mobile apps.","true","https://www.appfolio.com/property-manager/resident-experience","a single mobile application that manages the complete rental lifecycle, from application and screening through move-in, daily living, and lease renewal.","2026-10-08T03:24:25.110Z","","","","","","","The resident experience page describes FolioSpace as AppFolio's mobile application; the pages read do not separately describe a manager app, so the class rests on the generic platform fact.","","","","unreviewed"
"appfolio","C51","platforms","AppFolio offers a mobile-first experience with full mobile functionality.","true","https://www.appfolio.com/property-manager/marketing-leasing","AppFolio stands out with its AI-driven leasing assistants, comprehensive mobile-first experience, and deep accounting features.","2026-10-08T03:23:43.490Z","","","","","","","The marketing and leasing page describes AppFolio's comprehensive mobile-first experience.","","","","unreviewed"
"appfolio","C52","platforms","AppFolio has native iOS and Android apps.","unverifiable","","","","","","","","","","The pages describe a mobile app but none names iOS or Android.","","","","unreviewed"
"appfolio","C53","platforms","AppFolio is a cloud platform.","unverifiable","","","","","","","","","","The pages read describe access from any device but never call AppFolio itself cloud based (the product page mentions cloud only generically).","","","","unreviewed"
"appfolio","C54","pricing","Estimated cost at 100 units is about $149 to $280 per month.","unverifiable","","","","","","","","","","The pricing page publishes no price for any unit count.","","","","unreviewed"
"appfolio","C55","pricing","Estimated cost at 100 units is about $298 or more per month.","unverifiable","","","","","","","","","","The pricing page publishes no price for any unit count and no minimum spend amount.","","","","unreviewed"
"appfolio","C56","plans","Affordable housing and student housing capabilities come with the Plus and Max plans.","true","https://www.appfolio.com/pricing","Everything in Core , and: Affordable Housing Capabilities Student Housing Capabilities","2026-10-08T03:20:36.643Z","","","","","","","The pricing page lists Affordable Housing Capabilities and Student Housing Capabilities among the Plus additions to Core, and Max includes everything in Plus; the answer maps these needs to the Plus and Max offerings.","","","","unreviewed"
"doorloop","C01","pricing","The Starter plan costs $69 per month billed annually, covering up to 10 units.","true","https://www.doorloop.com/pricing","Only $3/unit STARTER Max 10 units $ 99 00 $ 69 00 Per month. Billed yearly .","2026-10-08T03:32:36.414Z","","","","","","","The pricing page shows Starter at $69 per month billed yearly for a maximum of 10 units (the $99 figure is the monthly-billing price in the page markup), and the FAQ says prices start at $69 per month for the first 10 units.","","","","unreviewed"
"doorloop","C02","pricing","Plans start at $69 per month (billing basis not stated).","true","https://www.doorloop.com/pricing","Prices start at only $69/month for your first 10 units.","2026-10-08T03:32:36.414Z","","","","","","","The pricing FAQ states that prices start at $69 per month; the answers do not claim a monthly-billing price.","","","","unreviewed"
"doorloop","C03","pricing","The Starter plan costs $99 per month on month-to-month billing.","true","https://www.doorloop.com/pricing","Only $3/unit STARTER Max 10 units $ 99 00 $ 69 00 Per month. Billed yearly .","2026-10-08T03:32:36.414Z","","","","","","","The pricing page shows $99 for Starter beside the $69 yearly price; the page markup labels $99 as the monthly-billing price and the FAQ confirms any plan can be paid monthly.","","","","unreviewed"
"doorloop","C04","plans","The Starter plan is capped at 10 units.","true","https://www.doorloop.com/pricing","Only $3/unit STARTER Max 10 units","2026-10-08T03:32:36.414Z","","","","","","","The pricing page marks Starter as Max 10 units.","","","","unreviewed"
"doorloop","C05","pricing","The Pro plan costs $149 per month billed annually.","true","https://www.doorloop.com/pricing","PRO Book a Free Demo $ 189 00 $ 149 00 Per month. Billed yearly .","2026-10-08T03:32:36.414Z","","","","","","","The pricing page shows Pro at $149 per month billed yearly ($189 on monthly billing).","","","","unreviewed"
"doorloop","C06","pricing","The Starter plan covers up to 20 units.","wrong","https://www.doorloop.com/pricing","Only $3/unit STARTER Max 10 units","2026-10-08T03:32:36.414Z","","","","https://ustechautomations.com/resources/blog/automate-doorloop-vs-buildium-for-property-managers-2026","other","Pricing (base tier) | $59/mo (up to 20 units)","The pricing page caps the Starter plan at 10 units, not 20.","","","","unreviewed"
"doorloop","C07","pricing","Plans start at $59 per month.","unverifiable","","","","","","","","","","Re-classed from wrong in the pass-2 consistency check: the pricing page says prices start at $69 per month, but its own annual-billing example prices 10 units on the basic plan at $708 for the year, which is $59 per month, so the vendor page is internally inconsistent and does not explicitly contradict a $59 starting price.","","","","unreviewed"
"doorloop","C08","pricing","DoorLoop charges no per-unit fees.","wrong","https://www.doorloop.com/pricing","If you remove any units in the middle of the month, they will automatically be removed from your next monthly bill.","2026-10-08T03:32:36.414Z","","","","https://www.re-leased.com/software/best-10-buildium-alternatives-for-property-management-in-2026","other","DoorLoop offers comparable residential property management features starting at $59/month with no per-unit fees.","The pricing page bills by unit count (each plan card notes Only $3/unit and the FAQ says units are added to or removed from the bill).","","","","unreviewed"
"doorloop","C09","pricing","Price depends on the number of units (and plan and billing term).","true","https://www.doorloop.com/pricing","If you remove any units in the middle of the month, they will automatically be removed from your next monthly bill.","2026-10-08T03:32:36.414Z","","","","","","","The pricing page asks for the number of units, notes Only $3/unit on each plan and bills by units, with separate monthly and yearly prices.","","","","unreviewed"
"doorloop","C10","pricing","Pricing varies by plan tier.","true","https://www.doorloop.com/pricing","PRO Book a Free Demo $ 189 00 $ 149 00 Per month. Billed yearly .","2026-10-08T03:32:36.414Z","","","","","","","The pricing page lists different prices for Starter, Pro and Premium.","","","","unreviewed"
"doorloop","C11","pricing","Phone support, listings, API access and payment and eSignature fees differ by plan.","true","https://www.doorloop.com/pricing","eSignature Electronically sign any agreement. $3 per Document $1 per Document Free","2026-10-08T03:32:36.414Z","","","","","","","The pricing page charges eSignatures and ACH payments at different rates per plan and places phone support and listings in Pro and API access in Premium.","","","","unreviewed"
"doorloop","C12","plans","Pro adds budgeting, listings, showings, workflows, bank reconciliation, user access roles and phone and Zoom support.","true","https://www.doorloop.com/pricing","Email, chat, phone & Zoom support Get world-class support by email, chat, phone, and Zoom, as well as unlimited access to our Help Center. Listings List your vacant units on Zillow, Dwellsy, Trulia, HotPads, and more. User access roles","2026-10-08T03:32:36.414Z","","","","","","","The Pro list on the pricing page (everything in Starter and) includes workflows, live bank connect, budgeting, phone and Zoom support, listings, user access roles and showings; Starter support is email and chat.","","","","unreviewed"
"doorloop","C13","plans","Premium adds API access, audit logs, unlimited users, free incoming ACH and free eSignatures.","true","https://www.doorloop.com/pricing","API access Integrate with any app using our open API, or use Zapier to connect DoorLoop with thousands of programs. CAM Reconciliation Automatically calculates true-ups, generates tenant statements, and handles pro rata splits. Audit Logs","2026-10-08T03:32:36.414Z","","","","","","","The Premium list on the pricing page (everything in Pro and) includes free incoming ACH payments, free eSignatures, unlimited additional users, API access and audit logs.","","","","unreviewed"
"doorloop","C14","pricing","DoorLoop offers month-to-month billing without a long contract.","true","https://www.doorloop.com/pricing","You can select to pay monthly for any of our plans (pay as you go).","2026-10-08T03:32:36.414Z","","","","","","","The pricing FAQ allows monthly payment on any plan and says customers are free to cancel at any time.","","","","unreviewed"
"doorloop","C15","pricing","DoorLoop publishes its prices.","true","https://www.doorloop.com/pricing","Prices start at only $69/month for your first 10 units.","2026-10-08T03:32:36.414Z","","","","","","","The public pricing page lists a price for each plan.","","","","unreviewed"
"doorloop","C16","pricing","DoorLoop's starting price is a custom quote.","wrong","https://www.doorloop.com/pricing","Prices start at only $69/month for your first 10 units.","2026-10-08T03:32:36.414Z","","","","","not found","","The pricing page publishes a starting price of $69 per month; only portfolios over 300 units are sent to a demo.","","","","unreviewed"
"doorloop","C17","pricing","Plans start at about $49 per month.","wrong","https://www.doorloop.com/pricing","Prices start at only $69/month for your first 10 units.","2026-10-08T03:32:36.414Z","","","","","not found","","The pricing page gives $69 per month as the lowest plan price, so a $49 starting price contradicts it.","","","","unreviewed"
"doorloop","C18","pricing","Yearly-billed prices run $99 to $239 per month.","wrong","https://www.doorloop.com/pricing","Only $3/unit STARTER Max 10 units $ 99 00 $ 69 00 Per month. Billed yearly .","2026-10-08T03:32:36.414Z","","","","https://aitoolsbakery.com/blog/buildium-alternatives/","other","DoorLoop, at a real yearly-billed $99 to $239 per month plus $3 per unit","The pricing page gives yearly-billed prices of $69, $149 and $209 per month and its FAQ says prices start at $69 per month; $99, $189 and $239 are the monthly-billing prices in the page markup, so a yearly-billed range of $99 to $239 contradicts it (Premium billed yearly is $209, not $239).","","","","unreviewed"
"doorloop","C19","free_tier","DoorLoop has no free plan (it is paid only).","true","https://www.doorloop.com/pricing","Prices start at only $69/month for your first 10 units.","2026-10-08T03:32:36.414Z","","","","","","","The pricing FAQ says prices start at $69 per month, and all three plans are priced.","","","","unreviewed"
"doorloop","C20","pricing","DoorLoop has a 10-unit minimum.","unverifiable","","","","","","","","","","The page prices the first 10 units and caps Starter at 10 units but does not state a unit minimum.","","","","unreviewed"
"doorloop","C21","pricing","DoorLoop has no unit minimum.","unverifiable","","","","","","","","","","The pages read do not state whether a unit minimum applies.","","","","unreviewed"
"doorloop","C22","pricing","Estimated cost at 100 units is about $69 to $179 per month.","unverifiable","","","","","","","","","","The pricing page requires a unit count and does not publish a price for 100 units.","","","","unreviewed"
"doorloop","C23","pricing","Estimated cost at 50 units is about $69 or more per month.","unverifiable","","","","","","","","","","The pricing page requires a unit count and does not publish a price for 50 units.","","","","unreviewed"
"doorloop","C24","integrations","DoorLoop integrates with QuickBooks Online.","true","https://www.doorloop.com/pricing","Quickbooks online sync Send your income and expense transactions to QuickBooks Online","2026-10-08T03:32:36.414Z","","","","","","","The pricing page lists QuickBooks Online sync (in Pro) and a QuickBooks Integration feature.","","","","unreviewed"
"doorloop","C25","integrations","DoorLoop integrates with Zapier.","true","https://www.doorloop.com/pricing","Zapier Integration Connect DoorLoop with thousands of programs using Zapier.com","2026-10-08T03:32:36.414Z","","","","","","","The pricing page lists a Zapier integration (in Premium).","","","","unreviewed"
"doorloop","C26","platforms","DoorLoop has a mobile app.","true","https://www.doorloop.com/pricing","Yes, in fact, there is even an iPhone, iPad, and Android app available on the Apple App store and Google Play store .","2026-10-08T03:32:36.414Z","","","","","","","The pricing FAQ states DoorLoop has iPhone, iPad and Android apps.","","","","unreviewed"
"doorloop","C27","product_names","DoorLoop has a module named AI Assistant.","true","https://www.doorloop.com/pricing","Includes AI Inspections, AI Assistant and more","2026-10-08T03:32:36.414Z","","","","","","","The pricing page names DoorLoop's AI Assistant (sold as an add-on).","","","","unreviewed"
"doorloop","C28","product_names","DoorLoop has a module named AI Inspections.","true","https://www.doorloop.com/pricing","Includes AI Inspections, AI Assistant and more","2026-10-08T03:32:36.414Z","","","","","","","The pricing page names AI Inspections within the AI add-on.","","","","unreviewed"
"doorloop","C29","product_names","DoorLoop's AI assistant is named Gary.","unverifiable","","","","","","","","","","The pricing and AI Assistant pages call it AI Assistant and never use the name Gary.","","","","unreviewed"
"doorloop","C30","pricing","DoorLoop's advertised headline prices are promotional.","unverifiable","","","","","","","","","","The pricing page runs a welcome offer of 30% off for 3 months but does not label the plan prices it shows as promotional, so the claim is not settled.","","","","unreviewed"
"yardi","C01","pricing","Yardi Breeze for residential costs $1 per unit per month.","true","https://www.yardibreeze.com/pricing/","Starting at $1 per unit per month $100 / minimum per month Based on annual agreement","2026-10-08T03:39:29.251Z","","","","","","","The residential pricing page lists Breeze starting at $1 per unit per month.","","","","unreviewed"
"yardi","C02","pricing","Residential Breeze has a $100 monthly minimum.","true","https://www.yardibreeze.com/faq/","However, there is a minimum monthly charge of $100 per month for residential portfolios and $200 per month minimum charge for commercial or mixed portfolios. The minimum for Breeze Premier is $400 per month.","2026-10-08T03:39:33.988Z","","","","","","","The FAQ sets a $100 monthly minimum charge for residential portfolios.","","","","unreviewed"
"yardi","C03","pricing","Breeze pricing is based on an annual agreement.","true","https://www.yardibreeze.com/faq/","Breeze is billed monthly and is based on an annual agreement. Breeze Premier is billed annually and based on an annual agreement.","2026-10-08T03:39:33.988Z","","","","","","","The FAQ says both Breeze and Breeze Premier are based on an annual agreement.","","","","unreviewed"
"yardi","C04","pricing","Breeze for commercial costs $2 per unit per month with a $200 monthly minimum.","true","https://www.yardibreeze.com/commercial-features/","Starting at $2 per unit per month $200 / minimum per month Based on annual agreement","2026-10-08T03:41:42.007Z","","","","","","","The commercial pricing page lists Breeze at $2 per unit per month with a $200 monthly minimum.","","","","unreviewed"
"yardi","C05","pricing","Breeze Premier has a $400 monthly minimum.","true","https://www.yardibreeze.com/faq/","However, there is a minimum monthly charge of $100 per month for residential portfolios and $200 per month minimum charge for commercial or mixed portfolios. The minimum for Breeze Premier is $400 per month.","2026-10-08T03:39:33.988Z","","","","","","","The FAQ sets the Breeze Premier minimum at $400 per month.","","","","unreviewed"
"yardi","C06","pricing","Breeze Premier for residential costs $2 per unit per month (standard rate).","true","https://www.yardibreeze.com/blog/2024/11/yardi-breeze-pricing/","Otherwise, Breeze Premier stands at $2 per unit per month with a $400 monthly minimum.","2026-10-08T03:41:33.325Z","","","","","","","The vendor's pricing article sets residential Premier at $2 per unit per month unless it is bundled with screening and renters insurance, when it is $1.","","","","unreviewed"
"yardi","C07","pricing","Residential pricing ranges from $1 to $2 per unit per month depending on the tier.","true","https://www.yardibreeze.com/blog/2024/11/yardi-breeze-pricing/","Otherwise, Breeze Premier stands at $2 per unit per month with a $400 monthly minimum.","2026-10-08T03:41:33.325Z","","","","","","","Residential Breeze is $1 per unit and residential Premier is $2 per unit (or $1 when bundled), so the $1 to $2 range matches.","","","","unreviewed"
"yardi","C08","pricing","The lower residential Premier rate depends on bundling conditions.","true","https://www.yardibreeze.com/blog/2024/11/yardi-breeze-pricing/","This deal only applies if you bundle Breeze Premier with our resident screening and renters insurance solutions with a 12-month contract.","2026-10-08T03:41:33.325Z","","","","","","","The vendor's pricing article ties the $1 residential Premier rate to bundling screening and renters insurance on a 12-month contract.","","","","unreviewed"
"yardi","C09","pricing","Breeze Premier is billed annually only.","true","https://www.yardibreeze.com/faq/","Breeze is billed monthly and is based on an annual agreement. Breeze Premier is billed annually and based on an annual agreement.","2026-10-08T03:39:33.988Z","","","","","","","The FAQ says Breeze Premier is billed annually.","","","","unreviewed"
"yardi","C10","pricing","Breeze is billed monthly.","true","https://www.yardibreeze.com/faq/","Breeze is billed monthly and is based on an annual agreement.","2026-10-08T03:39:33.988Z","","","","","","","The FAQ says Breeze is billed monthly (on an annual agreement), in contrast to Premier's annual billing.","","","","unreviewed"
"yardi","C11","pricing","Yardi Breeze charges no onboarding, implementation, training or support fees.","true","https://www.yardibreeze.com/pricing/","No onboarding fees No training fees No support fees","2026-10-08T03:39:29.251Z","","","","","","","The pricing page lists no onboarding, training or support fees, and the pricing article offers free implementation and training on both tiers.","","","","unreviewed"
"yardi","C12","pricing","Yardi Breeze has no hidden fees.","true","https://www.yardibreeze.com/faq/","we proudly offer a no-hidden-fees pricing model","2026-10-08T03:39:33.988Z","","","","","","","The FAQ describes a no-hidden-fees pricing model.","","","","unreviewed"
"yardi","C13","pricing","Yardi Breeze charges $0 ACH fees on rent payments (below a set payment amount).","true","https://www.yardibreeze.com/blog/2024/11/yardi-breeze-pricing/","For every market we support, there are $0 ACH fees for rent payments (under a designated payment amount).","2026-10-08T03:41:33.325Z","","","","","","","The vendor's pricing article offers $0 ACH rent-payment fees under a designated amount on both Breeze and Premier; the tier qualifiers in two answers (select or many tiers) are looser than the page but do not contradict the fee waiver.","","","","unreviewed"
"yardi","C14","plans","Tenant screening (ScreeningWorks Pro) is a separate add-on.","true","https://www.yardibreeze.com/pricing/","Power your business with optional tools RentCafe Corporate websites ScreeningWorks Pro Bill Pay","2026-10-08T03:39:29.251Z","","","","","","","The pricing page lists ScreeningWorks Pro among optional add-ons, and the FAQ names resident screening as an optional per-transaction add-on.","","","","unreviewed"
"yardi","C15","plans","Breeze Premier adds advanced features such as custom reports and financial statements, invoice approval workflows, advanced and corporate general ledger, batch processing, job costing, state-based leases and CRM.","true","https://www.yardibreeze.com/pricing/","Premier Features Get batch processing and advanced general ledger controls Customize financial statements Track job costs including budgets, supplier contracts, payments and retention","2026-10-08T03:39:29.251Z","","","","","","","The residential features page marks these as Premier Features (also corporate general ledgers, menu-level security, approval workflows, state-based lease documents and the CRM queue), and the FAQ says Premier adds custom reporting, invoice processing and job cost tracking.","","","","unreviewed"
"yardi","C16","plans","Affordable housing, HOA/condo, manufactured housing and self storage need Breeze Premier; Breeze covers residential and commercial.","true","https://www.yardibreeze.com/faq/","Breeze is available for residential and commercial properties in the U.S. Breeze Premier is available for residential and commercial properties as well as affordable, HOA/condo, manufactured housing and self storage property types.","2026-10-08T03:39:33.988Z","","","","","","","The FAQ limits Breeze to residential and commercial and adds the other property types only in Premier.","","","","unreviewed"
"yardi","C17","plans","Standard Breeze includes owner tools: report packets, portal sharing, fractional ownership, reserve-aware distributions and trust accounts.","true","https://www.yardibreeze.com/pricing/","Customize report packets by owner or property Generate pro rata statements with a few clicks Share owner reports via email or secure portal Calculate owner payments while maintaining stipulated reserve amounts","2026-10-08T03:39:29.251Z","","","","","","","These owner tools (and escrow and trust accounts) are listed as standard Breeze features, not Premier features, on the residential page.","","","","unreviewed"
"yardi","C18","plans","CAM reconciliation is automated in both Breeze and Breeze Premier.","true","https://www.yardibreeze.com/commercial-features/","CAM Recovery Eliminate spreadsheets and let Breeze do the work Manage triple net (NNN), gross leases or combinations Create custom expense pools and allocate expenses to tenants Set up flexible common area maintenance (CAM) schedules and assign to tenants","2026-10-08T03:41:42.007Z","","","","","","","The commercial features page lists CAM recovery among standard Breeze features, with no Premier label.","","","","unreviewed"
"yardi","C19","plans","CAM reconciliation is available only in Breeze Premier.","wrong","https://www.yardibreeze.com/commercial-features/","CAM Recovery Eliminate spreadsheets and let Breeze do the work Manage triple net (NNN), gross leases or combinations Create custom expense pools and allocate expenses to tenants Set up flexible common area maintenance (CAM) schedules and assign to tenants","2026-10-08T03:41:42.007Z","","","","https://www.bcsolut.com/post/yardi-vs-buildium","other","Breeze Premier adds CAM reconciliation, custom financial statements, and job cost tracking","The commercial features page (priced at the standard Breeze $2 per unit rate) lists CAM recovery, including periodic reconciliation, as a standard Breeze feature and keeps Premier-only items under separate 'Premier Features' headings; the Breeze home page comparison table also checks 'Automated CAM reconciliation' for both Breeze and Breeze Premier. Consistency check (pass 2): explicit on the vendor's own page and like with like (the same feature, Breeze against Premier), so wrong stands.","","","","unreviewed"
"yardi","C20","plans","Commercial properties require Breeze Premier.","wrong","https://www.yardibreeze.com/faq/","Breeze is available for residential and commercial properties in the U.S.","2026-10-08T03:39:33.988Z","","","","","not found","","The FAQ makes standard Breeze available for commercial properties, and the commercial page prices Breeze for commercial at $2 per unit. Consistency check (pass 2): the FAQ answers exactly which property types each tier supports, so the contradiction is explicit and like with like; wrong stands (the same answer's self-storage and affordable housing items are Premier-only and were not coded as wrong).","","","","unreviewed"
"yardi","C21","plans","Owner portals require Breeze Premier.","unverifiable","","","","","","","","","","Re-classed from wrong in the pass 2 consistency check: the residential page lists 'Share owner reports via email or secure portal' as a standard Breeze owner tool, but it names no 'owner portal' as such and lists investor portals in Investment Manager, an add-on 'made just for Breeze Premier', so the pages do not explicitly contradict a Premier requirement for owner portals.","","","","unreviewed"
"yardi","C22","plans","Support is by live chat, email and training resources, with limited phone support during setup.","true","https://www.yardibreeze.com/faq/","You also get up to 8 hours of free phone support during Breeze setup.","2026-10-08T03:39:33.988Z","","","","","","","The FAQ provides live chat during business hours, email after hours, training resources and up to 8 hours of free phone support during setup.","","","","unreviewed"
"yardi","C23","free_tier","Yardi Breeze offers no free trial.","unverifiable","","","","","","","","","","The pages offer a demo and a 30-day cancellation option but say nothing either way about a free trial.","","","","unreviewed"
"yardi","C24","free_tier","Yardi Breeze has no free plan.","true","https://www.yardibreeze.com/faq/","However, there is a minimum monthly charge of $100 per month for residential portfolios and $200 per month minimum charge for commercial or mixed portfolios. The minimum for Breeze Premier is $400 per month.","2026-10-08T03:39:33.988Z","","","","","","","Every portfolio carries a minimum monthly charge, so no plan is free.","","","","unreviewed"
"yardi","C25","pricing","Yardi Breeze is priced per unit.","true","https://www.yardibreeze.com/pricing/","Starting at $1 per unit per month $100 / minimum per month Based on annual agreement","2026-10-08T03:39:29.251Z","","","","","","","The pricing pages quote every Breeze plan per unit per month.","","","","unreviewed"
"yardi","C26","pricing","Yardi Breeze has a monthly minimum charge (amount not stated).","true","https://www.yardibreeze.com/faq/","However, there is a minimum monthly charge of $100 per month for residential portfolios and $200 per month minimum charge for commercial or mixed portfolios. The minimum for Breeze Premier is $400 per month.","2026-10-08T03:39:33.988Z","","","","","","","The FAQ sets a minimum monthly charge for every portfolio type.","","","","unreviewed"
"yardi","C27","pricing","Yardi Breeze has no unit minimum.","true","https://www.yardibreeze.com/faq/","There is no minimum number of units that you must manage.","2026-10-08T03:39:33.988Z","","","","","","","The FAQ states there is no minimum number of units (only a minimum monthly charge).","","","","unreviewed"
"yardi","C28","pricing","Yardi Breeze does not charge per user.","unverifiable","","","","","","","","","","The pages price per unit but do not address user fees.","","","","unreviewed"
"yardi","C29","pricing","Pricing differs by property type (asset type).","true","https://www.yardibreeze.com/blog/2024/11/yardi-breeze-pricing/","Breeze for commercial starts at $2 per unit per month with a $200 monthly minimum.","2026-10-08T03:41:33.325Z","","","","","","","The vendor prices residential, commercial, association and affordable portfolios differently.","","","","unreviewed"
"yardi","C30","pricing","Pricing varies by tier.","true","https://www.yardibreeze.com/blog/2024/11/yardi-breeze-pricing/","Otherwise, Breeze Premier stands at $2 per unit per month with a $400 monthly minimum.","2026-10-08T03:41:33.325Z","","","","","","","Breeze and Breeze Premier carry different rates and minimums.","","","","unreviewed"
"yardi","C31","pricing","Base residential cost follows $1 per unit with the $100 floor (about $100 a month at 50 to 100 units, $150 at 150 units).","true","https://www.yardibreeze.com/faq/","Breeze is billed monthly for an amount based on the number of units you managed during the previous month OR the minimum monthly charge for your portfolio type, whichever is greater.","2026-10-08T03:39:33.988Z","","","","","","","Billing is units times $1 or the $100 residential minimum, whichever is greater, which yields these figures (and $400 for Premier at 150 units at $2 per unit).","","","","unreviewed"
"yardi","C32","pricing","Estimated cost at about 100 units is $100 to $200 per month ($1 to $2 per unit plus minimums).","unverifiable","","","","","","","","","","The range mixes tiers or property types without saying which, and residential Premier at 100 units would hit the $400 minimum, so the estimate is not settled.","","","","unreviewed"
"yardi","C33","platforms","Yardi Breeze is cloud-based.","true","https://www.yardibreeze.com/faq/","Yardi Breeze is cloud-based property management software.","2026-10-08T03:39:33.988Z","","","","","","","The FAQ describes Yardi Breeze as cloud-based software.","","","","unreviewed"
"yardi","C34","platforms","Yardi Breeze can be used from mobile devices (mobile access).","true","https://www.yardibreeze.com/pricing/","Manage all your properties from any device","2026-10-08T03:39:29.251Z","","","","","","","The residential page and FAQ say Breeze is accessible from any device.","","","","unreviewed"
"yardi","C35","platforms","Yardi Breeze has a mobile app for managers.","unverifiable","","","","","","","","","","The pages describe access from any device and a tenant mobile app add-on for commercial Premier, but no manager mobile app.","","","","unreviewed"
"yardi","C36","integrations","Yardi Breeze supports cash payments through PayNearMe.","true","https://www.yardibreeze.com/pricing/","Allow walk-in payments at participating retailers with PayNearMe","2026-10-08T03:39:29.251Z","","","","","","","The residential page offers walk-in payments with PayNearMe.","","","","unreviewed"
"yardi","C37","product_names","Yardi Breeze uses Yardi's RentCafe for marketing and the tenant portal.","true","https://www.yardibreeze.com/faq/","RentCafe includes a resident portal that lets residents apply, make online rent payments* and submit maintenance requests.","2026-10-08T03:39:33.988Z","","","","","","","The FAQ names RentCafe as the resident portal and listing service integrated with Breeze.","","","","unreviewed"
"yardi","C38","product_names","Yardi's screening add-on is named ScreeningWorks Pro.","true","https://www.yardibreeze.com/pricing/","Power your business with optional tools RentCafe Corporate websites ScreeningWorks Pro Bill Pay","2026-10-08T03:39:29.251Z","","","","","","","The pricing page names the screening add-on ScreeningWorks Pro.","","","","unreviewed"
"yardi","C39","integrations","Yardi Breeze has no QuickBooks integration.","unverifiable","","","","","","","","","","No page read mentions QuickBooks.","","","","unreviewed"
"yardi","C40","plans","Yardi Breeze has no open API on any tier.","unverifiable","","","","","","","","","","No page read mentions an API either way.","","","","unreviewed"
"yardi","C41","plans","Yardi's line runs Breeze, Breeze Premier and Voyager (Breeze has two tiers).","true","https://www.yardibreeze.com/faq/","View this infographic to quickly compare Breeze, Breeze Premier and Yardi Voyager features.","2026-10-08T03:39:33.988Z","","","","","","","The FAQ compares Breeze, Breeze Premier and Yardi Voyager and describes an upgrade path from Breeze to Premier or Voyager.","","","","unreviewed"
"yardi","C42","founding","Yardi has decades of industry experience.","true","https://www.yardibreeze.com/faq/","Drawing on Yardi’s 35+ years of providing leading property management software","2026-10-08T03:39:33.988Z","","","","","","","The FAQ cites Yardi's more than 35 years in property management software.","","","","unreviewed"
"yardi","C43","pricing","Yardi Voyager pricing is a custom quote based on portfolio size and modules.","unverifiable","","","","","","","","","","The Voyager page, read once in a real browser on 8 Oct (redirected to /suite/voyager-suite/), offers 'Book a demo' and 'Talk to sales' but states no price or pricing basis, and no Breeze page states Voyager pricing, so the claim is not settled.","","","","unreviewed"
"yardi","C44","platforms","Yardi Voyager is web-based with mobile access.","unverifiable","","","","","","","","","","The Voyager Suite page read in a browser mentions mobility only for some editions (Voyager Commercial 'mobility', Voyager Condo, Co-op & HOA 'on a mobile platform', Voyager PHA 'cloud-based system'), lists the FAQ question 'Is Voyager accessible on mobile devices?' without its answer text, and never says web-based, so the claim as a whole is not settled.","","","","unreviewed"
"yardi","C45","integrations","Yardi Voyager has a 450+ partner ecosystem.","unverifiable","","","","","","","","","","The Voyager Suite page read in a browser names Microsoft SharePoint and Power BI connections but gives no partner count, and no other page read does, so the 450+ figure is not settled.","","","","unreviewed"
"innago","C01","free_tier","Innago is free for landlords (no monthly subscription fee).","true","https://nextapp-dev.innago.com/faq/","Yes, Innago is genuinely 100% free for landlords. There's no monthly subscription fee, setup fee, or contract.","2026-10-08T03:50:14.828Z","","","","","","","The FAQ states Innago is 100% free for landlords with no monthly subscription fee, and the pricing page says no monthly fee.","","","","unreviewed"
"innago","C02","pricing","Innago makes its money from fees tenants pay for screening and online payments.","true","https://nextapp-dev.innago.com/faq/","We make money through small transaction fees paid by tenants. ACH payments incur a $2 transaction fee, and credit/debit card payments incur a 2.99% transaction fee. Additionally, tenants cover the cost of screening reports ($30-35).","2026-10-08T03:50:14.828Z","","","","","","","The FAQ says Innago earns from transaction fees paid by tenants and that tenants pay for screening reports.","","","","unreviewed"
"innago","C03","pricing","Innago has no setup fee and no contract.","true","https://innago.com/pricing/","No monthly fee. No setup fee. No contract.","2026-10-08T03:49:50.512Z","","","","","","","The pricing page states no monthly fee, no setup fee and no contract.","","","","unreviewed"
"innago","C04","pricing","ACH rent payments cost $2 per payment.","true","https://nextapp-dev.innago.com/faq/","ACH payments incur a $2 transaction fee","2026-10-08T03:50:14.828Z","","","","","","","The FAQ sets a $2 transaction fee on ACH payments.","","","","unreviewed"
"innago","C05","pricing","Landlords can choose to absorb the transaction fees instead of charging tenants.","true","https://nextapp-dev.innago.com/faq/","Yes, Innago gives you the choice to absorb transaction fees yourself rather than passing them on to your tenants.","2026-10-08T03:50:14.828Z","","","","","","","The FAQ lets landlords absorb transaction fees.","","","","unreviewed"
"innago","C06","plans","Innago has no unit caps (it stays free however many units you add).","true","https://nextapp-dev.innago.com/faq/","As your portfolio grows, Innago grows with you, and it stays free regardless of how many units you add.","2026-10-08T03:50:14.828Z","","","","","","","The FAQ says Innago stays free regardless of how many units are added and has no starter plan.","","","","unreviewed"
"innago","C07","pricing","Innago has no paid tiers (no hidden monthly tiers).","true","https://nextapp-dev.innago.com/faq/","There's no minimum unit count, no tiered pricing, and no ""starter"" plan. Everyone gets access to the full suite of tools from day one.","2026-10-08T03:50:14.828Z","","","","","","","The FAQ states there is no tiered pricing and everyone gets the full suite of tools.","","","","unreviewed"
"innago","C08","pricing","Innago has no unit minimum.","true","https://nextapp-dev.innago.com/faq/","There's no minimum unit count, no tiered pricing, and no ""starter"" plan.","2026-10-08T03:50:14.828Z","","","","","","","The FAQ states there is no minimum unit count.","","","","unreviewed"
"innago","C09","plans","Innago gives landlords free basic access, with optional paid features and premium add-ons.","wrong","https://nextapp-dev.innago.com/faq/","Yes, Innago is genuinely 100% free for landlords. There's no monthly subscription fee, setup fee, or contract. You get full access to all our features for free.","2026-10-08T03:50:14.828Z","","","","https://agorareal.com/compare/appfolio-alternatives/","other","Pricing: Innago offers free basic access for landlords, with optional paid features and premium add-ons.","The FAQ gives landlords full access to all features for free with no tiered pricing; the only fees are tenant-paid transaction and screening fees, so there are no paid features or premium add-ons for landlords.","","","","unreviewed"
"innago","C10","pricing","E-signatures are an optional paid service.","wrong","https://nextapp-dev.innago.com/faq/","The only fees associated with Innago are small transaction fees charged to tenants for online payments or screening reports.","2026-10-08T03:50:14.828Z","","","","","not found","","The FAQ limits Innago's fees to tenant payment and screening fees and describes a built-in e-signature tool, so e-signatures are not a paid service.","","","","unreviewed"
"ascendtms","C01","pricing","The Basic plan costs $69 per user per month.","true","https://www.thefreetms.com/pricing","Monthly Per User Cost: $69","2026-10-08T03:01:29.071Z","","","","","","","The pricing page lists Basic at $69 per user per month on monthly billing, the basis the answers give.","","","","unreviewed"
"ascendtms","C02","pricing","The Premium plan costs $119 per user per month.","true","https://www.thefreetms.com/pricing","Monthly Per User Cost: $119","2026-10-08T03:01:29.071Z","","","","","","","The pricing page lists Premium at $119 per user per month on monthly billing.","","","","unreviewed"
"ascendtms","C03","pricing","The Pro plan, the most extensive plan, costs $149 per user per month.","true","https://www.thefreetms.com/pricing","Monthly Per User Cost: $149","2026-10-08T03:01:29.071Z","","","","","","","The pricing page lists Pro, its top plan, at $149 per user per month on monthly billing.","","","","unreviewed"
"ascendtms","C04","pricing","Paid plans start at $49 per user per month (billing basis not stated).","unverifiable","","","","","","","","","","The pricing page gives only monthly-billing prices (lowest $69 per user) and has a Yearly toggle whose prices are not in the snapshot, so a $49 entry price with no stated billing basis cannot be compared like with like. Pass 2: the release history (Dec 23, 2024) records 'Added a new paid tier of AscendTMS, the Basic Plan, which can be subscribed to for $49 per user, per month', but no page dates a change from $49 to the current $69, so the claim is not shown to be stale, and the missing Yearly prices still keep it from being wrong.","","","","unreviewed"
"ascendtms","C05","pricing","The Premium plan costs $99 per month.","unverifiable","","","","","","","","","","The pricing page lists Premium at $119 per user per month on monthly billing; the claim gives no billing basis and the page's yearly prices are not in the snapshot, so the comparison is not like with like.","","","","unreviewed"
"ascendtms","C06","pricing","Pricing is per user (not per truck or per load).","true","https://www.thefreetms.com/pricing","$69/month per user","2026-10-08T03:01:29.071Z","","","","","","","The pricing page prices every plan per user per month and states it never charges for drivers, trucks or loads.","","","","unreviewed"
"ascendtms","C07","pricing","There are no per-load charges.","true","https://www.thefreetms.com/pricing","Never charges for drivers, trucks, or loads (ever)","2026-10-08T03:01:29.071Z","","","","","","","The pricing page states under every plan that it never charges for loads.","","","","unreviewed"
"ascendtms","C08","pricing","There are no contracts (no contract period; cancel any time).","true","https://www.thefreetms.com/pricing","No set-up fees. No contract periods ever.","2026-10-08T03:01:29.071Z","","","","","","","The pricing page states no contract periods ever and that customers can cancel at any time.","","","","unreviewed"
"ascendtms","C09","pricing","There are no setup fees (setup is free).","true","https://www.thefreetms.com/pricing","No set-up fees. No contract periods ever.","2026-10-08T03:01:29.071Z","","","","","","","The pricing page states no set-up fees and lists setup as free on every plan.","","","","unreviewed"
"ascendtms","C10","pricing","There are no license fees.","true","https://www.thefreetms.com/","No setup fees. No license fees. No support fees. No training fees.","2026-10-08T03:01:33.892Z","","","","","","","The home page states no license fees.","","","","unreviewed"
"ascendtms","C11","pricing","Support and training are free (no support or training fees).","true","https://www.thefreetms.com/pricing","Setup, Support & Training Free (Forever)","2026-10-08T03:01:29.071Z","","","","","","","The pricing page lists setup, support and training as free on every plan.","","","","unreviewed"
"ascendtms","C12","pricing","Access to the DAT and Truckstop load boards from within AscendTMS requires separate paid DAT or Truckstop subscriptions.","true","https://www.thefreetms.com/pricing","However, a DAT TruckersEdge, DAT Express, DAT Power and/or Truckstop.com paid subscription is required to seamlessly access the DAT and Truckstop.com load board services from within AscendTMS.","2026-10-08T03:01:29.071Z","","","","","","","The pricing page states a paid DAT or Truckstop.com subscription is required to use those load board services from within AscendTMS.","","","","unreviewed"
"ascendtms","C13","pricing","The DAT and Truckstop load board integrations are included rather than sold separately.","true","https://www.thefreetms.com/pricing","There is no added charge for Basic, Premium or Pro AscendTMS account holders.","2026-10-08T03:01:29.071Z","","","","","","","The pricing page states the DAT and Truckstop.com load board access carries no added charge on Basic, Premium or Pro (the outside subscription is a separate matter, see C12).","","","","unreviewed"
"ascendtms","C14","pricing","The MCP and Triumph integrations are included rather than sold separately.","unverifiable","","","","","","","","","","The pages read confirm the MyCarrierPackets and Triumph integrations exist but do not state whether they carry a charge or which plans include them.","","","","unreviewed"
"ascendtms","C15","pricing","EDI tenders are included rather than sold separately.","unverifiable","","","","","","","","","","The pricing page lists Outbound EDI as a Pro plan feature but also describes EDI connectivity with setup and transaction pricing per trading partner, so the pages do not settle whether EDI tenders are included without a separate charge.","","","","unreviewed"
"ascendtms","C16","pricing","Pricing is tiered (several subscription tiers).","true","https://www.thefreetms.com/pricing","Three AMAZING plans that fit ANY company","2026-10-08T03:01:29.071Z","","","","","","","The pricing page offers three plans, Basic, Premium and Pro, at different per-user prices.","","","","unreviewed"
"ascendtms","C17","pricing","AscendTMS publishes its prices (public, transparent pricing rather than quote only).","true","https://www.thefreetms.com/pricing","Simple, predictable, and honest pricing, billed conveniently to your credit card every month.","2026-10-08T03:01:29.071Z","","","","","","","The public pricing page lists a per-user monthly price for every plan.","","","","unreviewed"
"ascendtms","C18","plans","The Premium plan adds accounts receivable and accounts payable (accounting) tools.","true","https://www.thefreetms.com/pricing","the Premium plan adds accounts receivable management, accounts payable management, advances, customer statements and financial exporting to Excel","2026-10-08T03:01:29.071Z","","","","","","","The pricing page states the Premium plan adds accounts receivable and accounts payable management.","","","","unreviewed"
"ascendtms","C19","plans","A paid plan is needed to unlock all tools, including load management, dispatch, accounting, driver communication, real-time tracking and ELD integrations.","unverifiable","","","","","","","","","","The pages say plans start at zero dollars but do not describe what a free plan includes, so they do not settle which tools need a paid plan.","","","","unreviewed"
"ascendtms","C20","free_tier","AscendTMS has a free plan (free tier, freemium model).","true","https://www.thefreetms.com/","Pricing plans start at zero dollars, so your risk is literally NOTHING!","2026-10-08T03:01:33.892Z","","","","","","","The home page states pricing plans start at zero dollars, and the site invites visitors to create a free account; the pricing page itself lists only the three paid plans and a 30-day trial.","","","","unreviewed"
"ascendtms","C21","free_tier","The free tier allows up to 3 users.","unverifiable","","","","","","","","","","The pages state plans start at zero dollars but give no user limit for a free plan (the paid plans show no user limit). Pass 2: the release history mentions only a former 2-user limit on the Basic Plan (Dec 23, 2024), never a 3-user limit.","","","","unreviewed"
"ascendtms","C22","free_tier","The free tier allows up to 2 users.","unverifiable","","","","","","","","","","The pages state plans start at zero dollars but give no user limit for a free plan. Pass 2: the release history (Dec 23, 2024) records 'The Basic Plan is no longer limited to 2 users' alongside Basic becoming a paid tier, which suggests the 2-user limit belonged to an earlier free Basic plan; the page does not say so explicitly, and the home page still says plans start at zero dollars without a user limit, so the claim is not shown to be stale or wrong.","","","","unreviewed"
"ascendtms","C23","free_tier","Signing up for free requires no credit card.","true","https://www.thefreetms.com/pricing","No Contracts. No Setup Fees. No Credit Card Needed.","2026-10-08T03:01:29.071Z","","","","","","","The pricing and home pages state no credit card is needed to get started.","","","","unreviewed"
"ascendtms","C24","free_tier","AscendTMS offers a free 30-day trial.","true","https://www.thefreetms.com/pricing","Free 30 Day Trial","2026-10-08T03:01:29.071Z","","","","","","","The pricing page lists a free 30-day trial on each plan.","","","","unreviewed"
"ascendtms","C25","free_tier","The free plan includes over 230 features.","unverifiable","","","","","","","","","","The pricing page lists over 230 standard features on the Basic, Premium and Pro plans but no page read describes the contents of a free plan.","","","","unreviewed"
"ascendtms","C26","free_tier","Love's Financial offers AscendTMS free to its factoring customers.","unverifiable","","","","","","","","","","The press list and release notes show a Love's Financial factoring relationship but no page read says Love's offers AscendTMS free to its customers.","","","","unreviewed"
"ascendtms","C27","integrations","AscendTMS has more than 140 pre-installed third-party integrations.","true","https://www.thefreetms.com/pricing","plus over 140 pre-installed 3rd party service integrations ready to go","2026-10-08T03:01:29.071Z","","","","","","","The pricing page states over 140 pre-installed third-party service integrations.","","","","unreviewed"
"ascendtms","C28","integrations","AscendTMS integrates with QuickBooks.","true","https://www.thefreetms.com/release-history","Resolved an issue with the QuickBooks Online integration not including the customer address.","2026-10-08T03:04:27.536Z","","","","","","","The vendor's release history documents a QuickBooks Online integration (and QuickBooks Desktop exports).","","","","unreviewed"
"ascendtms","C29","integrations","AscendTMS integrates with the DAT load board.","true","https://www.thefreetms.com/pricing","seamlessly access the DAT and Truckstop.com load board services from within AscendTMS","2026-10-08T03:01:29.071Z","","","","","","","The pricing page states DAT load board services can be accessed from within AscendTMS.","","","","unreviewed"
"ascendtms","C30","integrations","AscendTMS integrates with DAT's Convoy Platform.","true","https://www.thefreetms.com/about-us","AscendTMS is also the ONLY natively connected TMS software to the largest digital payments network (TriumphPay) and to DAT's new 100% digital freight transaction exchange (Convoy Platform).","2026-10-08T03:02:45.825Z","","","","","","","The about page states AscendTMS is natively connected to DAT's Convoy Platform; the answers' January 2026 date matches the 7 Jan 2026 press release, while the release notes date the integration release 12 Nov 2025 (a launch date, not classed).","","","","unreviewed"
"ascendtms","C31","integrations","AscendTMS integrates with the Truckstop load board.","true","https://www.thefreetms.com/pricing","seamlessly access the DAT and Truckstop.com load board services from within AscendTMS","2026-10-08T03:01:29.071Z","","","","","","","The pricing page states Truckstop.com load board services can be accessed from within AscendTMS.","","","","unreviewed"
"ascendtms","C32","integrations","AscendTMS integrates with MyCarrierPackets (MCP).","true","https://www.thefreetms.com/release-history","MyCarrierPackets - Bulk import carrier profile information and completed carrier packets.","2026-10-08T03:04:27.536Z","","","","","","","The vendor's release history documents a MyCarrierPackets integration.","","","","unreviewed"
"ascendtms","C33","integrations","AscendTMS integrates with Triumph.","true","https://www.thefreetms.com/pricing","AscendTMS is seamlessly integrated to Triumph Business Capital, the largest transportation factoring company in the world.","2026-10-08T03:01:29.071Z","","","","","","","The pricing page states AscendTMS is integrated with Triumph Business Capital.","","","","unreviewed"
"ascendtms","C34","integrations","AscendTMS integrates with the Trucker Path load board.","unverifiable","","","","","","","","","","The only mention on the pages read is a 2016 press release title (Trucker Path and AscendTMS join forces to offer a TMS and capacity solution); no page states a current Trucker Path load board integration.","","","","unreviewed"
"ascendtms","C35","integrations","AscendTMS has a carrier-vetting partnership and integration with Highway (October 2025).","true","https://www.thefreetms.com/release-history","New integration with Highway Connect and Load Lock: Highway offers carrier onboarding and monitoring with Highway Connect, and fraud detection with Load Lock.","2026-10-08T03:04:27.536Z","","","","","","","The release history documents the Highway carrier monitoring integration and the press list dates the partnership 7 Oct 2025 (Highway Taps AscendTMS To Move Into SMB Market).","","","","unreviewed"
"ascendtms","C36","integrations","AscendTMS integrates with Carrier411.","unverifiable","","","","","","","","","","No page read names Carrier411; the partners page shows partner logos only, with no names in its text.","","","","unreviewed"
"ascendtms","C37","platforms","AscendTMS is cloud-based software.","true","https://www.thefreetms.com/about-us","we've perfected cloud-based, instant-access TMS software","2026-10-08T03:02:45.825Z","","","","","","","The about page describes AscendTMS as cloud-based, instant-access TMS software usable from any web browser.","","","","unreviewed"
"ascendtms","C38","platforms","AscendTMS has no native dedicated (driver) mobile app.","unverifiable","","","","","","","","","","The pricing page says driver tracking needs no app (it works by text message) but no page read states whether AscendTMS has or lacks its own mobile app.","","","","unreviewed"
"ascendtms","C39","product_names","AscendTracker is AscendTMS's driver tracking module (tracking by text message).","true","https://www.thefreetms.com/pricing","Track any driver and any load in real-time with AscendTracker.","2026-10-08T03:01:29.071Z","","","","","","","The pricing page names AscendTracker as the driver track-and-trace feature that works by text message.","","","","unreviewed"
"alvys","C01","pricing","Pricing is based on monthly load volume (load-based pricing).","true","https://alvys.com/","Alvys’ TMS has simple, transparent pricing that is based on how many loads you move each month.","2026-10-08T03:09:35.970Z","","","","","","","The home page states pricing is based on how many loads the customer moves each month.","","","","unreviewed"
"alvys","C02","pricing","Customers can pay monthly or on annual plans.","true","https://alvys.com/","You can pay by the month or save with annual plans.","2026-10-08T03:09:35.970Z","","","","","","","The home and pricing pages state customers can pay by the month or on annual plans.","","","","unreviewed"
"alvys","C03","pricing","Unlimited users are included at no extra charge.","true","https://alvys.com/","You can add unlimited subsidiaries and users for free.","2026-10-08T03:09:35.970Z","","","","","","","The home page states customers can add unlimited users for free.","","","","unreviewed"
"alvys","C04","pricing","Unlimited business divisions (subsidiaries) are included at no extra charge.","true","https://alvys.com/","free unlimited users and business divisions within our trucking TMS software","2026-10-08T03:09:35.970Z","","","","","","","The home page states free unlimited business divisions and that unlimited subsidiaries can be added for free.","","","","unreviewed"
"alvys","C05","pricing","There are no long-term contracts; customers can cancel anytime.","true","https://alvys.com/","Fast implementation, no long-term contracts, and unlimited users","2026-10-08T03:09:35.970Z","","","","","","","The home page states no long-term contracts and, in its header, cancel anytime.","","","","unreviewed"
"alvys","C06","pricing","There are no hidden fees.","true","https://alvys.com/pricing-info","No hidden fees. We won't nickel and dime you.","2026-10-08T03:09:41.031Z","","","","","","","The pricing page states no hidden fees and the site header says no sneaky fees.","","","","unreviewed"
"alvys","C07","pricing","Integrations carry no setup fees (included at no extra cost).","true","https://alvys.com/pricing-info","Access 120+ integrations with no set-up fees.","2026-10-08T03:09:41.031Z","","","","","","","The pricing page states the 120+ integrations come with no set-up fees.","","","","unreviewed"
"alvys","C08","pricing","Pricing starts at $514 (per month).","unverifiable","","","","","","","","","","The pricing page read shows no price figures and no other page read gives a dollar price.","","","","unreviewed"
"alvys","C09","pricing","Pricing starts at $100 per month.","unverifiable","","","","","","","","","","The pricing page read shows no price figures and no other page read gives a dollar price.","","","","unreviewed"
"alvys","C10","pricing","Alvys TMS cost starts at $183 per month.","unverifiable","","","","","","","","","","The pricing page read shows no price figures and no other page read gives a dollar price.","","","","unreviewed"
"alvys","C11","pricing","Entry-level pricing starts at about $292 per month (for 50 loads per month).","unverifiable","","","","","","","","","","The pricing page read shows no price figures or load tiers, and no other page read gives a dollar price.","","","","unreviewed"
"alvys","C12","pricing","A basic plan starts at around $299 per month.","unverifiable","","","","","","","","","","The pricing page read shows no plan names or price figures, and no other page read gives a dollar price.","","","","unreviewed"
"alvys","C13","pricing","Pricing is quote-based: the pricing page shows no dollar price and a quote or sales conversation is needed.","unverifiable","","","","","","","","","","The pricing page read shows no price figures and offers a demo request, but no page read states that prices are given only by quote, and an absence on a page is not a published fact.","","","","unreviewed"
"alvys","C14","pricing","Alvys publishes its pricing (transparent, published pricing or tiers).","unverifiable","","","","","","","","","","The vendor calls its pricing transparent and load-based, but the pricing page read shows no prices or tiers, so the pages do not settle whether prices are published.","","","","unreviewed"
"alvys","C15","free_tier","Alvys has no permanent free tier; it requires a monthly subscription.","unverifiable","","","","","","","","","","The pages read do not mention a free plan either way; offering free demos does not settle whether a free tier exists.","","","","unreviewed"
"alvys","C16","integrations","Alvys has 120+ integrations.","true","https://alvys.com/","120+ integrations that are ready to use at no extra cost","2026-10-08T03:09:35.970Z","","","","","","","The home, pricing and integrations pages state 120+ integrations.","","","","unreviewed"
"alvys","C17","integrations","Alvys integrates with QuickBooks.","true","https://alvys.com/features/integrations","Alvys is proudly integrated with industry leaders such as Samsara, RMIS, DAT, Motive, RTS, Geotab, QuickBooks, TCS, and a wide range of load boards, visibility tools, and more!","2026-10-08T03:10:50.271Z","","","","","","","The integrations page names QuickBooks among Alvys's integrations.","","","","unreviewed"
"alvys","C18","integrations","Alvys integrates with Microsoft Dynamics.","true","https://alvys.com/features/integrations","Accounting Microsoft Dynamics","2026-10-08T03:10:50.271Z","","","","","","","The integrations directory lists Microsoft Dynamics under Accounting.","","","","unreviewed"
"alvys","C19","integrations","Alvys integrates with NetSuite.","true","https://alvys.com/features/integrations","Accounting NetSuite Oracle","2026-10-08T03:10:50.271Z","","","","","","","The integrations directory lists NetSuite (Oracle) under Accounting.","","","","unreviewed"
"alvys","C20","integrations","Alvys integrates with Samsara.","true","https://alvys.com/features/integrations","Alvys is proudly integrated with industry leaders such as Samsara, RMIS, DAT, Motive, RTS, Geotab, QuickBooks, TCS, and a wide range of load boards, visibility tools, and more!","2026-10-08T03:10:50.271Z","","","","","","","The integrations page names Samsara among Alvys's integrations.","","","","unreviewed"
"alvys","C21","integrations","Alvys integrates with the DAT load board.","true","https://alvys.com/features/integrations","Alvys is proudly integrated with industry leaders such as Samsara, RMIS, DAT, Motive, RTS, Geotab, QuickBooks, TCS, and a wide range of load boards, visibility tools, and more!","2026-10-08T03:10:50.271Z","","","","","","","The integrations page names DAT among Alvys's integrations and lists it under load boards.","","","","unreviewed"
"alvys","C22","integrations","Alvys integrates with the SaferWatch carrier verification tool.","true","https://alvys.com/features/integrations","Carrier Compliance SaferWatch","2026-10-08T03:10:50.271Z","","","","","","","The integrations directory lists SaferWatch under Carrier Compliance.","","","","unreviewed"
"alvys","C23","integrations","Alvys integrates with Fleetrock for maintenance.","true","https://alvys.com/features/integrations","Maintenance Fleetrock","2026-10-08T03:10:50.271Z","","","","","","","The integrations directory lists Fleetrock under Maintenance.","","","","unreviewed"
"alvys","C24","integrations","Alvys integrates with MyCarrierPackets (MCP).","unverifiable","","","","","","","","","","The integrations directory lists MyCarrierPortal under Carrier Compliance, but no page read names MyCarrierPackets or states that the two are the same product.","","","","unreviewed"
"alvys","C25","platforms","Alvys's mobile app is browser-based (no installable app).","wrong","https://alvys.com/","Install Alvys Driver App","2026-10-08T03:09:35.970Z","","","","","not found","","The home page offers an installable Alvys Driver App and the driver app page describes the Alvys driver mobile app, which contradicts a browser-based mobile app; of the cited pages read, two do not carry the statement and two were blocked. Consistency check (pass 2): same subject (Alvys's mobile app) and explicit on the vendor's own pages, where the 'Install Alvys Driver App' line links to App Store and Google Play listings in the page HTML; wrong stands.","","","","unreviewed"
"alvys","C26","platforms","Alvys has a driver mobile app.","true","https://alvys.com/features/driver-mobile-app","Eliminate check calls and give drivers essential capabilities like document scanning and fast eChecks, with the Alvys driver mobile app.","2026-10-08T03:10:50.800Z","","","","","","","The driver app page describes the Alvys driver mobile app.","","","","unreviewed"
"alvys","C27","platforms","Alvys is cloud-based (cloud-native) software.","true","https://alvys.com/","Alvys, for example, is a true cloud-native, API-first solution","2026-10-08T03:09:35.970Z","","","","","","","The home page describes Alvys as a cloud-native, cloud-based TMS.","","","","unreviewed"
"alvys","C28","certifications","Alvys has a SOC 2-compliant security foundation.","unverifiable","","","","","","","","","","The trust center (trust.alvys.com) returned HTTP 403 when read in this study, no browser read of it exists in the manifest as of pass 2, and no other page read mentions SOC 2; it stays listed for a browser read.","","","","unreviewed"
"alvys","C29","product_names","Alvys Foundry is Alvys's AI agent platform.","true","https://alvys.com/","Alvys Foundry Native agentic platform","2026-10-08T03:09:35.970Z","","","","","","","The site menu names Alvys Foundry as Alvys's native agentic platform.","","","","unreviewed"
"alvys","C30","integrations","Alvys has 120+ ELD integrations.","unverifiable","","","","","","","","","","Added in pass 2 from a comparison-table cell. The home page says Alvys integrates with over 120 partners 'including ELDs, load boards, and accounting', so its 120+ figure covers all categories, and no page read states an ELD-specific count; the claim is not settled (counting the directory's ELD entries would be an inference, not a published figure).","","","","unreviewed"
"oracle-transportation-management","C01","pricing","Oracle Transportation Management is priced on request (custom pricing).","unverifiable","","","","","","","","","","The product page and the explainer page (each read once in a browser) offer a free demo and a tour but state no price and no pricing basis, so 'priced on request' is not settled.","","","","unreviewed"
"oracle-transportation-management","C02","integrations","OTM integrates natively with Oracle ERP.","unverifiable","","","","","","","","","","The product page (read once in a browser) does not mention Oracle ERP, and the explainer's line that a standalone TMS can be integrated with existing ERP software is about TMS products in general, not OTM, so the claim is not settled.","","","","unreviewed"
"oracle-transportation-management","C03","integrations","OTM integrates natively with Oracle Fusion Cloud SCM.","unverifiable","","","","","","","","","","The product page (read once in a browser) names Oracle Fusion Cloud Fleet Management and Oracle Digital Assistant for ERP and SCM but does not say OTM integrates natively with Oracle Fusion Cloud SCM, so the claim is not settled.","","","","unreviewed"
"oracle-transportation-management","C04","product_names","OTM is part of Oracle's supply chain management suite.","unverifiable","","","","","","","","","","The product page (read once in a browser) sits under Oracle's SCM navigation, but no sentence on it says OTM is part of Oracle's supply chain suite, and the explainer's 'often part of a larger supply chain management (SCM) system' is about TMS in general, so the claim is not settled.","","","","unreviewed"
"oracle-transportation-management","C05","product_names","The product is named Oracle Transportation Management Cloud (OTM Cloud).","true","https://www.oracle.com/scm/logistics/transportation-management/","Data sheet: Oracle Transportation Management Cloud (PDF)","2026-10-08T03:15:45.638Z","","","","","","","The product page (read once in a browser) lists 'Data sheet: Oracle Transportation Management Cloud (PDF)', so Oracle uses the name Oracle Transportation Management Cloud for the product (alongside Oracle Transportation Management (OTM)).","","","","unreviewed"
"oracle-transportation-management","C06","platforms","OTM is a cloud-native platform.","unverifiable","","","","","","","","","","The product page (read once in a browser) shows a cloud edition (Oracle Transportation Management Cloud data sheet), but no page read says OTM is cloud-native (built for the cloud), so the architecture claim is not settled.","","","","unreviewed"
"oracle-transportation-management","C07","pricing","OTM annual platform fees run $300,000 to $800,000.","unverifiable","","","","","","","","","","Neither the product page nor the explainer page (each read once in a browser) publishes a price or fee, so the annual platform fee range is not settled.","","","","unreviewed"
"tai-tms","C01","pricing","Tai publishes its pricing (transparent, published pricing).","true","https://tai-software.com/pricing/","Growth $ 995 Per Month","2026-10-08T03:17:45.069Z","","","","","","","The public pricing page lists monthly prices for the Growth, Premium, Premium + and Pro tiers (Enterprise is by contact).","","","","unreviewed"
"tai-tms","C02","pricing","Pricing tiers are volume-based (sized by shipment volume).","true","https://tai-software.com/pricing/","2 Staff Logins 10 Client Logins 500 Carrier Profiles 0 Customer EDIs Included Get Started Core Tools 200 Included Shipments","2026-10-08T03:17:45.069Z","","","","","","","Each tier on the pricing page includes a set number of shipments (200, 600, 1,200, 2,500) with overage pricing beyond it.","","","","unreviewed"
"tai-tms","C03","plans","Each pricing tier states its shipment and staff-login allowances.","true","https://tai-software.com/pricing/","2 Staff Logins 10 Client Logins 500 Carrier Profiles 0 Customer EDIs Included Get Started Core Tools 200 Included Shipments","2026-10-08T03:17:45.069Z","","","","","","","The pricing page lists staff logins and included shipments for every tier.","","","","unreviewed"
"tai-tms","C04","pricing","Tai pricing is quote-based (custom quote, no published price).","wrong","https://tai-software.com/pricing/","Growth $ 995 Per Month","2026-10-08T03:17:45.069Z","","","","","not found","","The pricing page publishes monthly prices for four tiers (Growth $995, Premium $2,465, Premium + $4,595, Pro $7,925), with only an Enterprise option by contact; the two cited pages read for a cause do not carry the statement. Pass 2 consistency check: the contradiction is explicit on Tai's own pricing page and compares the same thing (whether prices are published), so wrong stands.","","","","unreviewed"
"tai-tms","C05","pricing","Tai TMS costs about $80 to $200 per month.","wrong","https://tai-software.com/pricing/","Growth $ 995 Per Month","2026-10-08T03:17:45.069Z","","","","","not found","","The lowest published tier is Growth at $995 per month, the same monthly basis as the claim; none of the cited pages read carries the $80 to $200 figure. Pass 2 consistency check: even read per user (Growth includes 2 staff logins, about $498 each) every published tier is far above $200 a month, so wrong stands.","","","","unreviewed"
"tai-tms","C06","founding","Tai has been helping freight brokers for 15 years.","unverifiable","","","","","","","","","","Re-classed from wrong in pass 2: the home page tagline says 'Serving Freight Brokerage in the US for Over 20 Years', but the about page presents the 20+ years as the team's combined experience ('20+ yrs Combined experience in freight and logistics technology') and says the founders had 19+ years in logistics before founding Tai; no page read gives Tai's founding year, so how long Tai itself has served brokers is not stated like with like.","","","","unreviewed"
"tai-tms","C07","product_names","The product is Tai TMS by (from) Teknowlogi.","unverifiable","","","","","","","","","","No page read names Teknowlogi; the pages name the company Tai Software, and the home page announces that Tai has joined forces with the Descartes Systems Group without a date.","","","","unreviewed"
"tai-tms","C08","platforms","Tai TMS is a cloud-based platform.","true","https://tai-software.com/about/","Tai TMS is a cloud-based transportation management system built exclusively for freight brokers and 3PLs","2026-10-08T03:17:40.549Z","","","","","","","The about page describes Tai TMS as a cloud-based transportation management system.","","","","unreviewed"
"tai-tms","C09","integrations","Tai has 500+ carrier and load board integrations.","true","https://tai-software.com/components/integrations/","Tai TMS provides 500+ direct API and EDI integrations for freight brokers, seamlessly connecting major load boards, LTL and FTL carriers, accounting software like QuickBooks, and visibility platforms into one centralized operational dashboard.","2026-10-08T03:18:25.689Z","","","","","","","The integrations page states 500+ direct API and EDI integrations connecting load boards and carriers (other pages also say 100+, see notes).","","","","unreviewed"
"tai-tms","C10","integrations","Tai integrates with QuickBooks.","true","https://tai-software.com/components/integrations/","Tai TMS provides 500+ direct API and EDI integrations for freight brokers, seamlessly connecting major load boards, LTL and FTL carriers, accounting software like QuickBooks, and visibility platforms into one centralized operational dashboard.","2026-10-08T03:18:25.689Z","","","","","","","The integrations page names QuickBooks among Tai's accounting integrations.","","","","unreviewed"
"tai-tms","C11","pricing","Tai TMS pricing starts at about $995 per month.","true","https://tai-software.com/pricing/","Growth $ 995 Per Month","2026-10-08T03:17:45.069Z","","","","","","","The lowest published tier on the pricing page, Growth, costs $995 per month, the same starting price and monthly basis as the claim.","","","","unreviewed"
"sap-transportation-management","C01","product_names","SAP TM is delivered as part of SAP S/4HANA (embedded deployment).","unverifiable","","","","","","","","","","All three SAP hosts the answers cite (www.sap.com, learning.sap.com, help.sap.com) disallow our agent in robots.txt, so no own page was read; listed for a browser read.","","","","unreviewed"
"sap-transportation-management","C02","product_names","SAP TM is deployed as part of the SAP Business Network.","unverifiable","","","","","","","","","","No SAP own page could be read (robots.txt disallows our agent on all three SAP hosts); listed for a browser read.","","","","unreviewed"
"sap-transportation-management","C03","plans","Embedded basic TM and advanced TM differ in scope (and licensing).","unverifiable","","","","","","","","","","No SAP own page could be read (robots.txt disallows our agent on all three SAP hosts), so the editions and their scope are not settled; listed for a browser read.","","","","unreviewed"
"sap-transportation-management","C04","integrations","SAP TM integrates natively with SAP ERP (SAP S/4HANA or ECC), including order-to-cash and procure-to-pay processes.","unverifiable","","","","","","","","","","No SAP own page could be read (robots.txt disallows our agent on all three SAP hosts); listed for a browser read.","","","","unreviewed"
"sap-transportation-management","C05","integrations","SAP TM integrates with SAP Extended Warehouse Management (EWM).","unverifiable","","","","","","","","","","No SAP own page could be read (robots.txt disallows our agent on all three SAP hosts); listed for a browser read.","","","","unreviewed"
"sap-transportation-management","C06","integrations","SAP TM's carbon-optimized routing is tied to SAP Green Ledger.","unverifiable","","","","","","","","","","No SAP own page could be read (robots.txt disallows our agent on all three SAP hosts); listed for a browser read.","","","","unreviewed"
"ezyvet","C01","pricing","ezyVet's starting price is $260.50 per month (no per-user basis stated).","true","https://www.ezyvet.com/pricing","Get started for as little as $260.50 per month.","2026-10-08T03:03:28.567Z","","","","","","","The pricing page gives the same starting price on the same per-month basis.","","","","unreviewed"
"ezyvet","C02","pricing","Pricing starts at $260.50 (about $260) per user per month.","unverifiable","","","","","","","","","","The pricing page states a starting price of $260.50 per month but no per-user basis, so the per-user claim cannot be compared like with like.","","","","unreviewed"
"ezyvet","C03","pricing","The Basic plan costs $260.50 per user per month.","unverifiable","","","","","","","","","","The pricing page names no plans and gives no per-user basis, so a Basic plan price per user cannot be checked.","","","","unreviewed"
"ezyvet","C04","pricing","ezyVet is priced per user (per user per month).","unverifiable","","","","","","","","","","The pricing page gives a per-month starting price and offers custom quotes but does not state the price basis (per user or otherwise).","","","","unreviewed"
"ezyvet","C05","pricing","Pricing starts at $245 per month.","wrong","https://www.ezyvet.com/pricing","Get started for as little as $260.50 per month.","2026-10-08T03:03:28.567Z","","","","https://co.vet/post/veterinary-management-software/","other","ezyVet lists pricing starting around $245 per month, with separate implementation fees.","Compared on the same basis (starting price per month), the pricing page's lowest price is $260.50, not $245; a cited third-party comparison article carries the $245 figure.","","","","unreviewed"
"ezyvet","C06","pricing","Pricing starts at about $245 to $260 per user per month.","unverifiable","","","","","","","","","","The claim is per user; the pricing page states no per-user basis, so it cannot be compared like with like.","","","","unreviewed"
"ezyvet","C07","pricing","Pricing starts around $230 to $260+ per user per month.","unverifiable","","","","","","","","","","The claim is per user; the pricing page states no per-user basis, so it cannot be compared like with like.","","","","unreviewed"
"ezyvet","C08","pricing","Pricing is about $245 to $260 per month per veterinarian, plus data migration fees.","unverifiable","","","","","","","","","","The pricing page gives no per-veterinarian basis and does not state data conversion fees in its text, so the claim cannot be compared like with like.","","","","unreviewed"
"ezyvet","C09","ownership","ezyVet is owned by IDEXX (an IDEXX product, part of IDEXX).","true","https://www.idexx.com/en/about-idexx/news/newsroom-archive/idexx-acquires-ezyvet","IDEXX Laboratories, Inc. (NASDAQ: IDXX), a global leader in veterinary diagnostics and software, announced today the acquisition of ezyVet","2026-10-08T03:04:47.876Z","","","","","","","IDEXX's newsroom announces its acquisition of ezyVet (2 June 2021), and the current ezyVet site describes it as backed by IDEXX and practice software in the IDEXX family.","","","","unreviewed"
"ezyvet","C10","product_names","The product is named ezyVet by IDEXX.","true","https://software.idexx.com/top-veterinary-software-solutions-a-2025-comparison-guide","ezyVet (by IDEXX)","2026-10-08T03:14:45.799Z","","","","","","","IDEXX's own software site (the product family site, read for the IDEXX vendor in this study) lists the product as ezyVet (by IDEXX).","","","","unreviewed"
"ezyvet","C11","platforms","ezyVet is cloud-based (cloud-native) software.","true","https://www.ezyvet.com/pricing","Cloud-based software Access ezyVet any time, anywhere, from any device.","2026-10-08T03:03:28.567Z","","","","","","","The pricing page lists cloud-based software as part of ezyVet, and IDEXX's acquisition release calls it a cloud-native solution.","","","","unreviewed"
"ezyvet","C12","platforms","ezyVet can be accessed from anywhere and from any device, including mobile devices.","true","https://www.ezyvet.com/pricing","Access ezyVet any time, anywhere, from any device.","2026-10-08T03:03:28.567Z","","","","","","","The pricing page states access any time, anywhere, from any device.","","","","unreviewed"
"ezyvet","C13","platforms","ezyVet is browser-based (used through a web browser).","unverifiable","","","","","","","","","","The pages read describe cloud access from any device but never say the software runs in a web browser.","","","","unreviewed"
"ezyvet","C14","platforms","ezyVet is hosted on Amazon Web Services (AWS).","unverifiable","","","","","","","","","","None of the pages read names a hosting provider.","","","","unreviewed"
"ezyvet","C15","platforms","ezyVet is hosted on Google Cloud (GCP).","unverifiable","","","","","","","","","","None of the pages read names a hosting provider.","","","","unreviewed"
"ezyvet","C16","platforms","ezyVet is hosted on Microsoft Azure.","unverifiable","","","","","","","","","","None of the pages read names a hosting provider.","","","","unreviewed"
"ezyvet","C17","integrations","ezyVet integrates with IDEXX diagnostics (in-house analyzers and reference labs).","true","https://www.ezyvet.com/pricing","For practices that use IDEXX diagnostics (in-house or reference lab), all results, ordering, and insights are available with the click of a button, directly within ezyVet.","2026-10-08T03:03:28.567Z","","","","","","","The pricing page lists IDEXX diagnostic integrations covering in-house and reference lab ordering and results.","","","","unreviewed"
"ezyvet","C18","integrations","ezyVet integrates with IDEXX VetConnect PLUS.","true","https://www.ezyvet.com/integrations","IDEXX VetConnect PLUS Reference Labs","2026-10-08T03:03:33.232Z","","","","","","","The integrations directory lists IDEXX VetConnect PLUS as a featured reference lab integration.","","","","unreviewed"
"ezyvet","C19","integrations","ezyVet integrates with Xero.","true","https://www.ezyvet.com/integrations","Xero Finance & Analytics","2026-10-08T03:03:33.232Z","","","","","","","The integrations directory lists Xero under Finance & Analytics.","","","","unreviewed"
"ezyvet","C20","integrations","ezyVet integrates with SmartFlow.","true","https://www.ezyvet.com/integrations","SmartFlow Patient Care","2026-10-08T03:03:33.232Z","","","","","","","The integrations directory lists SmartFlow as a featured Patient Care integration.","","","","unreviewed"
"ezyvet","C21","integrations","ezyVet integrates with Vet Radar.","true","https://www.ezyvet.com/integrations","Vet Radar Patient Care","2026-10-08T03:03:33.232Z","","","","","","","The integrations directory lists Vet Radar under Patient Care.","","","","unreviewed"
"ezyvet","C22","integrations","ezyVet integrates with Antech diagnostics.","true","https://www.ezyvet.com/integrations/antech-diagnostics","Integrate Antech Diagnostics with ezyVet for seamless lab result delivery.","2026-10-08T03:04:52.779Z","","","","","","","ezyVet's Antech integration page offers Antech Diagnostics lab result delivery into ezyVet.","","","","unreviewed"
"ezyvet","C23","integrations","ezyVet integrates with Zoetis labs.","true","https://www.ezyvet.com/integrations","Zoetis Reference Laboratories Reference Labs","2026-10-08T03:03:33.232Z","","","","","","","The integrations directory lists Zoetis Reference Laboratories under Reference Labs.","","","","unreviewed"
"ezyvet","C24","integrations","ezyVet integrates with Weave.","true","https://www.ezyvet.com/integrations","Weave Marketing Client Engagement","2026-10-08T03:03:33.232Z","","","","","","","The integrations directory lists Weave under Marketing and Client Engagement.","","","","unreviewed"
"ezyvet","C25","integrations","ezyVet has 100+ integrations (integration partners).","true","https://ezyvet.com/","Diagnostics, imaging, payments, inpatient care, and client communication run natively through ezyVet, plus 100+ certified integrations.","2026-10-08T03:03:12.056Z","","","","","","","The home page states 100+ certified integrations, the same count as the claim.","","","","unreviewed"
"ezyvet","C26","pricing","ezyVet does not publicly list pricing; it is custom-quoted only.","wrong","https://www.ezyvet.com/pricing","Get started for as little as $260.50 per month.","2026-10-08T03:03:28.567Z","","","","","not found","","The pricing page publicly lists a starting price of $260.50 per month (custom quotes are offered only for additional details and enterprise pricing), which contradicts the claim of no publicly listed rates.","","","","unreviewed"
"idexx-cornerstone-neo","C01","platforms","Cornerstone is server-based (on-premise) software.","true","https://software.idexx.com/products/cornerstone","Integrated, server-based veterinary software packed with features to streamline your workflows and save your team time.","2026-10-08T03:13:13.526Z","","","","","","","IDEXX describes Cornerstone as server-based software on its product page and on its product comparison page.","","","","unreviewed"
"idexx-cornerstone-neo","C02","platforms","Cornerstone is also offered with cloud-hosted or hybrid deployment options.","unverifiable","","","","","","","","","","The pages read describe Cornerstone only as server-based and list a cloud backup service, but neither state nor rule out a hosted or cloud deployment option.","","","","unreviewed"
"idexx-cornerstone-neo","C03","platforms","Cornerstone is desktop (installed) software.","unverifiable","","","","","","","","","","The pages read call Cornerstone server-based but do not describe it as desktop software.","","","","unreviewed"
"idexx-cornerstone-neo","C04","platforms","Cornerstone runs on Windows.","unverifiable","","","","","","","","","","No page read names the operating system Cornerstone runs on.","","","","unreviewed"
"idexx-cornerstone-neo","C05","integrations","Cornerstone integrates with IDEXX diagnostics (in-house analyzers such as Catalyst and ProCyte, and reference labs).","true","https://software.idexx.com/products/cornerstone","Unmatched integration with the IDEXX diagnostics you use every day.","2026-10-08T03:13:13.526Z","","","","","","","The Cornerstone page states integration with IDEXX diagnostics and lists IDEXX In-House Diagnostics and IDEXX Reference Laboratories among Cornerstone partners and integrations.","","","","unreviewed"
"idexx-cornerstone-neo","C06","integrations","Cornerstone integrates with IDEXX VetConnect PLUS.","true","https://software.idexx.com/products/cornerstone","Vello VetConnect PLUS Veterinary Pharmacy Reference (VPR)","2026-10-08T03:13:13.526Z","","","","","","","VetConnect PLUS appears in the Cornerstone Partners and Integrations list on the Cornerstone page.","","","","unreviewed"
"idexx-cornerstone-neo","C07","integrations","Cornerstone integrates with PetDesk (for online booking).","true","https://software.idexx.com/cornerstone-integrations","PetDesk Direct Booking Client Engagement Cornerstone","2026-10-08T03:13:26.024Z","","","","","","","The integrations page lists PetDesk Direct Booking (and PetDesk Communications) as client engagement integrations available for Cornerstone.","","","","unreviewed"
"idexx-cornerstone-neo","C08","integrations","Cornerstone integrates with VetPort (for online booking).","unverifiable","","","","","","","","","","VetPort is not among the integrations listed on the pages read; absence from a list does not settle the claim.","","","","unreviewed"
"idexx-cornerstone-neo","C09","integrations","Cornerstone integrates with Weave.","true","https://software.idexx.com/cornerstone-integrations","Weave Telecommunications & Scheduling Cornerstone ezyVet Neo","2026-10-08T03:13:26.024Z","","","","","","","The integrations page lists Weave as an integration for Cornerstone, ezyVet and Neo.","","","","unreviewed"
"idexx-cornerstone-neo","C10","pricing","Cornerstone has custom subscription pricing starting at about $200 to $500 per vet per month, based on practice size, users and modules.","unverifiable","","","","","","","","","","No page read states Cornerstone pricing.","","","","unreviewed"
"idexx-cornerstone-neo","C11","pricing","Cornerstone pricing is not published; it is quote-based (custom quote).","unverifiable","","","","","","","","","","The pages read show no Cornerstone price and do not state how it is priced or quoted.","","","","unreviewed"
"idexx-cornerstone-neo","C12","pricing","On-premise Cornerstone lists around $420 per month.","unverifiable","","","","","","","","","","No page read states a Cornerstone price.","","","","unreviewed"
"idexx-cornerstone-neo","C13","pricing","Cornerstone starts at around $549+ per month.","unverifiable","","","","","","","","","","No page read states a Cornerstone price.","","","","unreviewed"
"idexx-cornerstone-neo","C14","pricing","Cornerstone requires significant upfront licensing costs.","unverifiable","","","","","","","","","","No page read states Cornerstone's price basis (license or subscription).","","","","unreviewed"
"idexx-cornerstone-neo","C15","ownership","Cornerstone is an IDEXX product (owned by IDEXX).","true","https://software.idexx.com/products/cornerstone","Cornerstone Veterinary Software | IDEXX Practice Management Software | IDEXX Software","2026-10-08T03:13:13.526Z","","","","","","","IDEXX's software site presents Cornerstone as IDEXX practice management software.","","","","unreviewed"
"idexx-cornerstone-neo","C16","ownership","Cornerstone is a Covetrus system.","wrong","https://software.idexx.com/products/cornerstone","Cornerstone Veterinary Software | IDEXX Practice Management Software | IDEXX Software","2026-10-08T03:13:13.526Z","","","","","not found","","IDEXX's software site presents Cornerstone as IDEXX practice management software, which contradicts Covetrus ownership; the two cited pages read both attribute Cornerstone to IDEXX.","","","","unreviewed"
"idexx-cornerstone-neo","C17","product_names","The product is named Cornerstone by IDEXX.","unverifiable","","","","","","","","","","IDEXX's pages call the product Cornerstone Software and IDEXX practice management software, but none uses the name Cornerstone by IDEXX.","","","","unreviewed"
"idexx-cornerstone-neo","C18","platforms","Neo is cloud-based software.","true","https://software.idexx.com/products","Brilliantly simple veterinary cloud software that’s easy to implement, learn, and use.","2026-10-08T03:13:12.538Z","","","","","","","IDEXX describes Neo as veterinary cloud software.","","","","unreviewed"
"idexx-cornerstone-neo","C19","platforms","Neo can be accessed from anywhere on any device, including a tablet.","true","https://software.idexx.com/products/neo","Review practice information on any internet connected device, anywhere – from your smartphone, tablet, or desktop.","2026-10-08T03:13:17.659Z","","","","","","","The Neo page states access on any internet-connected device, anywhere, including tablets.","","","","unreviewed"
"idexx-cornerstone-neo","C20","platforms","Neo runs in a web browser (web-based interface).","unverifiable","","","","","","","","","","The pages read describe Neo as cloud software reachable from any device but do not mention a browser or web interface.","","","","unreviewed"
"idexx-cornerstone-neo","C21","platforms","Neo has no dedicated pet-parent (client) app.","unverifiable","","","","","","","","","","The pages mention an integrated Neo Patient Portal and a pet owner mobile app within the add-on Vello subscription, but do not say whether Neo itself has a dedicated client app.","","","","unreviewed"
"idexx-cornerstone-neo","C22","integrations","Neo integrates with IDEXX diagnostics (in-house analyzers and reference labs).","true","https://software.idexx.com/products/neo/features","Integrated diagnostics ordering for IDEXX and ANTECH from anywhere in your practice with real-time results","2026-10-08T03:13:21.676Z","","","","","","","The Neo features page lists integrated IDEXX diagnostics ordering with real-time results.","","","","unreviewed"
"idexx-cornerstone-neo","C23","integrations","Neo integrates with Antech diagnostics (ordering and results).","true","https://software.idexx.com/products/neo/features","Integrated diagnostics ordering for IDEXX and ANTECH from anywhere in your practice with real-time results","2026-10-08T03:13:21.676Z","","","","","","","The Neo features page lists integrated diagnostics ordering for Antech with real-time results.","","","","unreviewed"
"idexx-cornerstone-neo","C24","integrations","Neo integrates with the Vello client communication platform.","true","https://software.idexx.com/products/neo/features","Plus, add on Vello for additional, fully integrated client communications functionality.","2026-10-08T03:13:21.676Z","","","","","","","The Neo features page offers Vello as a fully integrated client communications add-on.","","","","unreviewed"
"idexx-cornerstone-neo","C25","plans","Vello client engagement (and integrated payments) are optional add-on subscriptions for Neo.","true","https://software.idexx.com/products/neo","Option to add-on subscriptions for integrated payments and Vello client engagement functionality, all managed and recorded within Neo.","2026-10-08T03:13:17.659Z","","","","","","","The Neo page offers integrated payments and Vello client engagement as add-on subscriptions.","","","","unreviewed"
"idexx-cornerstone-neo","C26","integrations","Neo integrates with Weave.","true","https://software.idexx.com/cornerstone-integrations","Weave Telecommunications & Scheduling Cornerstone ezyVet Neo","2026-10-08T03:13:26.024Z","","","","","","","The integrations page lists Weave as an integration for Neo.","","","","unreviewed"
"idexx-cornerstone-neo","C27","plans","Neo's base subscription includes three users; additional staff users cost extra.","unverifiable","","","","","","","","","","The Neo pages read (including the page titled as the Neo price page) state no user allowance or per-user charge.","","","","unreviewed"
"idexx-cornerstone-neo","C28","pricing","Neo costs about $260 per user per month.","unverifiable","","","","","","","","","","No page read states a Neo price.","","","","unreviewed"
"idexx-cornerstone-neo","C29","pricing","Neo costs about $249+ per month.","unverifiable","","","","","","","","","","No page read states a Neo price.","","","","unreviewed"
"idexx-cornerstone-neo","C30","pricing","Neo pricing is not published; it is quote-based (contact IDEXX).","unverifiable","","","","","","","","","","The Neo pages read show no price and do not state how Neo is priced or quoted.","","","","unreviewed"
"idexx-cornerstone-neo","C31","ownership","Neo is an IDEXX product (owned by IDEXX).","true","https://software.idexx.com/top-veterinary-software-solutions-a-2025-comparison-guide","You’ll see familiar names, including our own: ezyVet and Neo.","2026-10-08T03:14:45.799Z","","","","","","","IDEXX's own comparison guide calls Neo one of its own products.","","","","unreviewed"
"idexx-cornerstone-neo","C32","product_names","IDEXX offers a practice management product named Animana (IDEXX Animana).","unverifiable","","","","","","","","","","The US product-family pages read list ezyVet, Neo and Cornerstone and do not mention Animana.","","","","unreviewed"
"idexx-cornerstone-neo","C33","platforms","IDEXX Animana is cloud-based.","unverifiable","","","","","","","","","","No page read mentions Animana.","","","","unreviewed"
"digitail","C01","platforms","Digitail is cloud-based (cloud-native) software.","true","https://digitail.io/","Cloud-based, AI-native veterinary practice management software","2026-10-08T03:24:33.125Z","","","","","","","The home page describes Digitail as cloud-based veterinary practice management software.","","","","unreviewed"
"digitail","C02","platforms","Digitail has a mobile app for pet parents (clients).","true","https://digitail.io/","Pet owners can book appointments, view their pet’s records, and message the clinic from a pet parent mobile app.","2026-10-08T03:24:33.125Z","","","","","","","The home page describes a pet parent mobile app for booking, records and messaging, and a dedicated Pet Parent App page exists.","","","","unreviewed"
"digitail","C03","platforms","Digitail has a native mobile app for clinic staff (clinical work).","true","https://digitail.com/features/tails-vip/","Record any visit and get a complete SOAP note right on your phone.","2026-10-08T03:25:15.120Z","","","","","","","Digitail's Tails VIP clinical companion app runs on phones (iOS and Android) for SOAP charting by clinic staff.","","","","unreviewed"
"digitail","C04","platforms","Digitail has a mobile-friendly interface that works on mobile devices.","true","https://digitail.com/plans/","Works on Any Device Desktop, Tablet, Mobile, etc.","2026-10-08T03:24:53.218Z","","","","","","","The plans page lists Works on Any Device (desktop, tablet, mobile) as a core feature.","","","","unreviewed"
"digitail","C05","pricing","Digitail offers a Kick Start program with first-year discounts for new (startup) clinics.","true","https://digitail.com/plans/","plus a Kick Start program with first-year discounts to help new clinics get up and running faster.","2026-10-08T03:24:53.218Z","","","","","","","The plans page FAQ describes the Kick Start program with first-year discounts for new clinics.","","","","unreviewed"
"digitail","C06","pricing","Digitail's plans page publishes plan tiers but no dollar prices.","true","https://digitail.com/plans/","Flexible plans for every veterinary clinic Book a Free Demo Mobile Simple, essential tools to get your mobile clinic running quickly.","2026-10-08T03:24:53.218Z","","","","","","","The plans page presents the Mobile, Growth, Growth AI and Enterprise tiers with features and demo or sales calls to action; its text contains no dollar amount.","","","","unreviewed"
"digitail","C07","pricing","Digitail pricing is tiered (tiered plans).","true","https://digitail.com/plans/","Core Features Mobile Growth Growth AI Cloud-based","2026-10-08T03:24:53.218Z","","","","","","","The plans page compares features across the Mobile, Growth and Growth AI tiers.","","","","unreviewed"
"digitail","C08","pricing","Digitail costs approximately $300 per month.","unverifiable","","","","","","","","","","No page read states a Digitail price.","","","","unreviewed"
"digitail","C09","pricing","The Brick & Mortar plan costs $300 per month per veterinarian.","unverifiable","","","","","","","","","","The plans page shows no prices and lists the Mobile, Growth, Growth AI and Enterprise tiers; it neither prices nor mentions a Brick & Mortar plan, so the claim cannot be compared like with like.","","","","unreviewed"
"digitail","C10","pricing","The Mobile plan costs $149 per month per veterinarian.","unverifiable","","","","","","","","","","The plans page lists a Mobile plan but shows no price.","","","","unreviewed"
"digitail","C11","pricing","Digitail is priced per veterinarian (per-DVM subscription).","unverifiable","","","","","","","","","","The plans page lists unlimited staff users and relief DVMs as an add-on but does not state the price basis.","","","","unreviewed"
"digitail","C12","pricing","Digitail pricing is quote-based (contact for pricing, custom).","unverifiable","","","","","","","","","","The plans page shows no prices and offers demos, but does not state that prices are given by quote.","","","","unreviewed"
"digitail","C13","pricing","Digitail pricing is tiered, starting around $149 per month (up to about $289 to $299+).","unverifiable","","","","","","","","","","No page read states a Digitail price.","","","","unreviewed"
"digitail","C14","pricing","Digitail starts at about $289 per month.","unverifiable","","","","","","","","","","No page read states a Digitail price.","","","","unreviewed"
"digitail","C15","pricing","Digitail costs around $289 per user per month.","unverifiable","","","","","","","","","","No page read states a Digitail price or a per-user basis.","","","","unreviewed"
"digitail","C16","plans","Digitail's plan tiers include Growth and Growth AI.","true","https://digitail.com/plans/","Growth AI Operate with AI workflows supercharging your entire practice. Standout features Everything in Growth","2026-10-08T03:24:53.218Z","","","","","","","The plans page lists Growth and Growth AI among its plans (with Mobile and Enterprise).","","","","unreviewed"
"digitail","C17","plans","The Growth plan includes an AI scribe, smart dental charts, a whiteboard and anesthesia/vitals monitoring.","true","https://digitail.com/plans/","Everything in Mobile Tails AI Scribe Smart Dental Charts Whiteboard Boarding Calendar Room Management Anesthesia & Vitals Monitoring","2026-10-08T03:24:53.218Z","","","","","","","The plans page lists Tails AI Scribe, Smart Dental Charts, Whiteboard, Room Management and Anesthesia & Vitals Monitoring as Growth features.","","","","unreviewed"
"digitail","C18","plans","The Growth AI plan adds AI intake, record summaries, voice-to-invoice, discharge notes and further AI workflows.","true","https://digitail.com/plans/","Everything in Growth Tails AI Assistant Tails AI Intake Tails AI Scribe Tails AI Medical Record Summaries Tails AI Voice to Invoice Tails AI Practice Manager Tails AI Commission Calculator Tails AI Concierge Tails AI Discharge Notes","2026-10-08T03:24:53.218Z","","","","","","","The plans page lists these Tails AI workflows as Growth AI features on top of everything in Growth.","","","","unreviewed"
"digitail","C19","plans","Digitail plans include medical records, scheduling and online booking, inventory, billing and a pet-parent app.","true","https://digitail.com/plans/","Mobile Simple, essential tools to get your mobile clinic running quickly. Standout features Cloud-based SOAP Medical Records Scheduling & Online Booking Inventory Management Billing & Payments Wellness Plans Email Campaigns Pet Parent App","2026-10-08T03:24:53.218Z","","","","","","","The entry Mobile plan lists these features and the higher plans include everything in Mobile.","","","","unreviewed"
"digitail","C20","plans","Digitail includes unlimited staff users at no additional cost.","true","https://digitail.com/plans/","Digitail supports unlimited staff roles at no additional cost.","2026-10-08T03:24:53.218Z","","","","","","","The plans page lists Unlimited Staff Users on every plan and its FAQ states unlimited staff roles at no additional cost.","","","","unreviewed"
"digitail","C21","plans","On-demand SMS texting and the integrated phone system (VoIP) are add-ons (as is enterprise reporting), and some services carry usage fees.","true","https://digitail.com/plans/","Integrated Phone System ( VoIP ) Add-on Add-on Add-on Automated Confirmations Direct In-App Chat & Emails On-demand SMS Texting SMS, MMS, 2-way, and Mass Texting Add-on Add-on Add-on","2026-10-08T03:24:53.218Z","","","","","","","The plans table marks VoIP, on-demand SMS texting and enterprise reporting as add-ons on every plan, and notes usage fees for some payment services.","","","","unreviewed"
"digitail","C22","customer_counts","Digitail is used by 10,000+ teams.","unverifiable","","","","","","","","","","The pages count 10,000+ veterinarians, not teams; the units differ, so the claim cannot be compared like with like.","","","","unreviewed"
"digitail","C23","customer_counts","Digitail is trusted by over 10,000 veterinary professionals worldwide.","true","https://digitail.io/","Trusted by over 10,000 veterinarians","2026-10-08T03:24:33.125Z","","","","","","","The home page states over 10,000 veterinarians, which meets the claimed lower bound of 10,000 veterinary professionals.","","","","unreviewed"
"digitail","C24","integrations","Digitail has 30+ integrations.","true","https://digitail.io/","Over 40 integration partners power the Digitail ecosystem","2026-10-08T03:24:33.125Z","","","","","","","The home page states over 40 integration partners, so 30+ is true as a lower bound.","","","","unreviewed"
"digitail","C25","integrations","Digitail has over 40 integration partners.","true","https://digitail.io/","Over 40 integration partners power the Digitail ecosystem","2026-10-08T03:24:33.125Z","","","","","","","The home page states over 40 integration partners.","","","","unreviewed"
"digitail","C26","integrations","Digitail integrates with IDEXX (described as partial).","true","https://digitail.com/integrations/","Send diagnostic requests to IDEXX Reference Labs , print requisition forms, track and receive results.","2026-10-08T03:25:02.619Z","","","","","","","The integrations page lists IDEXX Reference Labs (and IDEXX VetLab Station) integrations; the depth qualifier 'partial' is not assessed.","","","","unreviewed"
"digitail","C27","product_names","Digitail's AI assistant is named Tails AI.","true","https://digitail.com/tails-ai/","Tails AI automates routine work so you can focus on delivering high-value care","2026-10-08T03:25:10.908Z","","","","","","","Digitail's AI page names its AI assistants Tails AI.","","","","unreviewed"
"digitail","C28","product_names","Digitail's AI scribe module is named Tails AI Scribe.","true","https://digitail.com/plans/","Everything in Mobile Tails AI Scribe Smart Dental Charts","2026-10-08T03:24:53.218Z","","","","","","","The plans page lists Tails AI Scribe as a plan feature.","","","","unreviewed"
"digitail","C29","product_names","Digitail's AI product suite is named Tails Suite.","unverifiable","","","","","","","","","","The pages read name Tails AI, Tails Concierge, Tails PM, Tails Medical and Tails VIP, but no Tails Suite.","","","","unreviewed"
"digitail","C30","product_names","Digitail's pet parent app is named Pawly.","unverifiable","","","","","","","","","","Digitail's pages call the client app the Pet Parent App and never mention Pawly; they do not state that no other name is used, so the claim is not explicitly contradicted.","","","","unreviewed"
"digitail","C31","product_names","Digitail's pet parent app is named Pawp.","unverifiable","","","","","","","","","","Digitail's pages call the client app the Pet Parent App and never mention Pawp; they do not state that no other name is used, so the claim is not explicitly contradicted.","","","","unreviewed"
"digitail","C32","ownership","Digitail is independently owned.","unverifiable","","","","","","","","","","The about page names the co-founders and venture investors but does not describe the ownership as independent.","","","","unreviewed"
"digitail","C33","pricing","Digitail's pricing is transparent.","true","https://digitail.com/tails-ai/","pricing is transparent so you know exactly what’s included before you begin.","2026-10-08T03:25:10.908Z","","","","","","","Judgement call: the Tails AI page FAQ ('what does it cost?') states that pricing is transparent, which matches the claim as worded; the plans page itself shows tiers but no dollar amounts (C06), so a reading of 'transparent' as 'prices published' would not be settled.","","","","unreviewed"
"daysmart-vet","C01","pricing","DaySmart Vet plans start at $123 per month.","true","https://www.daysmart.com/vet/pricing","Plans starting at $123/month. Built for practices of every size.","2026-10-08T03:31:16.588Z","","","","","","","The pricing page states plans starting at $123 per month, the same starting price and period.","","","","unreviewed"
"daysmart-vet","C02","pricing","DaySmart Vet plans start at $116 per month (for a single user).","wrong","https://www.daysmart.com/vet/pricing","Plans starting at $123/month. Built for practices of every size.","2026-10-08T03:31:16.588Z","","","","https://co.vet/post/veterinary-management-software/","other","DaySmart Vet publishes pricing starting at $116 per month for one user and up to $565 per month for 20 users.","Compared on the same basis (lowest plan price per month), the pricing page starts at $123, not $116; no dated price change is documented, so the claim is wrong rather than stale. A cited CoVet comparison article carries the $116 figure. Pass 2 consistency check: the vendor's own pricing page states the starting monthly price explicitly, and a single-user plan at $116 would sit below the published floor, so wrong stands; the instances worded 'around' or '~$116' give the same specific figure.","","","","unreviewed"
"daysmart-vet","C03","pricing","Pricing scales up to approximately $565 per month for 20 users.","unverifiable","","","","","","","","","","The pricing page gives only the starting price and refers larger practices to sales; it states no price for 20 users.","","","","unreviewed"
"daysmart-vet","C04","pricing","DaySmart Vet pricing is tiered by the number of users.","unverifiable","","","","","","","","","","The pricing page says plans can be adjusted to add features or users, but does not state that price tiers are set by user count.","","","","unreviewed"
"daysmart-vet","C05","pricing","DaySmart Vet charges no per-user or per-doctor fees.","unverifiable","","","","","","","","","","The pricing page does not state the price basis (per user, per doctor or otherwise).","","","","unreviewed"
"daysmart-vet","C06","pricing","DaySmart Vet has no hidden fees.","true","https://www.daysmart.com/vet/pricing","All the features you need. No hidden fees.","2026-10-08T03:31:16.588Z","","","","","","","The pricing page states no hidden fees.","","","","unreviewed"
"daysmart-vet","C07","pricing","DaySmart Vet publishes its (starting) pricing openly.","true","https://www.daysmart.com/vet/pricing","Plans starting at $123/month. Built for practices of every size.","2026-10-08T03:31:16.588Z","","","","","","","The pricing page publishes a starting price and states that DaySmart Vet believes in transparent pricing.","","","","unreviewed"
"daysmart-vet","C08","plans","AI voice-to-SOAP (Daisy Voice) is an add-on.","true","https://www.daysmart.com/vet/pricing","let Daisy Voice save you valuable time as an add-on voice to SOAP note AI too.","2026-10-08T03:31:16.588Z","","","","","","","The pricing page describes Daisy Voice as an add-on voice-to-SOAP AI tool.","","","","unreviewed"
"daysmart-vet","C09","product_names","DaySmart Vet was formerly Vetter (Vetter Software).","true","https://www.daysmart.com/vet/about-daysmart-vet/","Vetter Joins the DaySmart Family of Brands Vetter joined DaySmart, bringing its veterinary expertise to a company focused on building and supporting great software.","2026-10-08T03:31:18.483Z","","","","","","","The about page's history of DaySmart Vet begins with the founding of Vetter and records Vetter joining DaySmart in 2021.","","","","unreviewed"
"daysmart-vet","C10","founding","DaySmart Vet has been around since 2011.","true","https://www.daysmart.com/vet/pricing","Since 2011, DaySmart Vet has supported veterinary practices with reliable, easy to use, cloud-based software built for real clinic workflows.","2026-10-08T03:31:16.588Z","","","","","","","The pricing page states DaySmart Vet has supported practices since 2011 (the about page dates Vetter's founding to 2010; the claim matches the vendor's own 'since 2011' wording).","","","","unreviewed"
"daysmart-vet","C11","product_names","DaySmart Vet's AI scribe is named Daisy Voice.","true","https://www.daysmart.com/vet/","Explore Daisy Voice Built-in AI captures and creates accurate SOAP notes during the visit, not after.","2026-10-08T03:31:03.499Z","","","","","","","The home page names the AI SOAP-note tool Daisy Voice; whether it is still a pilot is not assessed.","","","","unreviewed"
"daysmart-vet","C12","platforms","DaySmart Vet is cloud-based software.","true","https://www.daysmart.com/vet/","From first call to final chart, DaySmart Vet is a cloud-based veterinary software platform","2026-10-08T03:31:03.499Z","","","","","","","The home page describes DaySmart Vet as a cloud-based veterinary software platform.","","","","unreviewed"
"daysmart-vet","C13","platforms","DaySmart Vet can be accessed from anywhere, on any device, including mobile.","true","https://www.daysmart.com/vet/pricing","Anywhere access Goodbye, servers! Run your practice on any device with a stable internet connection.","2026-10-08T03:31:16.588Z","","","","","","","The pricing page lists anywhere access on any device with an internet connection.","","","","unreviewed"
"daysmart-vet","C14","platforms","DaySmart Vet has a mobile app for pet owners.","true","https://www.daysmart.com/vet/pricing","Eliminate the need for third-party client communication tools with email and texting options, and the PetCare mobile app.","2026-10-08T03:31:16.588Z","","","","","","","The pricing page includes the PetCare mobile app for clients.","","","","unreviewed"
"daysmart-vet","C15","integrations","DaySmart Vet integrates with IDEXX (described as limited).","true","https://www.daysmart.com/vet/integrations/","Heska Learn more HomeAgain Learn more IDEXX Learn more","2026-10-08T03:31:21.437Z","","","","","","","IDEXX is listed among DaySmart Vet's integration partners; the depth qualifier 'limited' is not assessed.","","","","unreviewed"
"shepherd","C01","platforms","Shepherd is cloud-based software.","true","https://shepherd.vet/","Shepherd is intuitive cloud-based veterinary practice management software that helps you take home more stories and less stress.","2026-10-08T03:35:56.693Z","","","","","","","The home page describes Shepherd as cloud-based veterinary practice management software.","","","","unreviewed"
"shepherd","C02","platforms","Shepherd has a mobile-friendly layout.","unverifiable","","","","","","","","","","The features page says Shepherd can be used from anywhere on a desktop or tablet; it does not describe a mobile (phone) layout.","","","","unreviewed"
"shepherd","C03","platforms","Shepherd has no standalone native pet-parent (client) app.","unverifiable","","","","","","","","","","The pages describe a pet portal and client portal and do not mention a native app; absence of a mention does not settle the claim.","","","","unreviewed"
"shepherd","C04","platforms","Shepherd has a pet parent app.","unverifiable","","","","","","","","","","The pages read describe an online pet portal but no pet parent app.","","","","unreviewed"
"shepherd","C05","pricing","Shepherd costs about $299 per month, flat, with unlimited users.","unverifiable","","","","","","","","","","Shepherd's pages publish no price; the general-practice page says pricing is discussed during a demo.","","","","unreviewed"
"shepherd","C06","pricing","Shepherd pricing starts at around $299 per month.","unverifiable","","","","","","","","","","Shepherd's pages publish no price; the general-practice page says pricing is discussed during a demo.","","","","unreviewed"
"shepherd","C07","pricing","Shepherd costs about $299 per month for one vet, with additional-vet pricing.","unverifiable","","","","","","","","","","Shepherd's pages publish no price or per-vet basis.","","","","unreviewed"
"shepherd","C08","pricing","Shepherd costs $299 per doctor per month.","unverifiable","","","","","","","","","","Shepherd's pages publish no price or per-doctor basis.","","","","unreviewed"
"shepherd","C09","pricing","Shepherd costs $299 per month for the first doctor plus $99 per additional doctor.","unverifiable","","","","","","","","","","Shepherd's pages publish no price or per-doctor tiers.","","","","unreviewed"
"shepherd","C10","pricing","Shepherd's pricing is not publicly listed; it is quoted during a demo.","true","https://www.shepherd.vet/shepherd-for/general-practice","Pricing is discussed during a demo.","2026-10-08T03:36:19.091Z","","","","","","","The general-practice page FAQ states that pricing is discussed during a demo, and no page read shows a price.","","","","unreviewed"
"shepherd","C11","pricing","Shepherd's pricing is public (a published starting price).","wrong","https://www.shepherd.vet/shepherd-for/general-practice","Pricing is discussed during a demo.","2026-10-08T03:36:19.091Z","","","","https://www.layer3labs.io/comparisons/best-veterinary-practice-management-software","other","it pairs deep workflow automation with flat, transparent pricing and unlimited users","Shepherd states that pricing is discussed during a demo and its pages publish no price, contradicting a public starting price; a cited third-party comparison describes Shepherd's pricing as flat and transparent.","","","","unreviewed"
"shepherd","C12","pricing","Shepherd operates on a per-user SaaS pricing model.","wrong","https://www.shepherd.vet/features","Your subscription always includes Unlimited users Expert training Vet-experienced support Unlimited work stations Shepherd Pay No implementation fees","2026-10-08T03:36:14.152Z","","","","","not found","","The features page states every subscription includes unlimited users, which contradicts per-user pricing; the cited pages read describe Shepherd as not charging per user.","","","","unreviewed"
"shepherd","C13","plans","The Shepherd subscription includes unlimited users (no per-user charges) and workstations, training, vet-experienced support, and no implementation fees.","true","https://www.shepherd.vet/features","Your subscription always includes Unlimited users Expert training Vet-experienced support Unlimited work stations Shepherd Pay No implementation fees","2026-10-08T03:36:14.152Z","","","","","","","The features page lists unlimited users, expert training, vet-experienced support, unlimited workstations and no implementation fees as always included.","","","","unreviewed"
"shepherd","C14","plans","Shepherd's AI features (ShepherdAI) are optional.","true","https://www.shepherd.vet/shepherd-for/general-practice","ShepherdAI features are optional.","2026-10-08T03:36:19.091Z","","","","","","","The general-practice page FAQ states that ShepherdAI features are optional.","","","","unreviewed"
"shepherd","C15","plans","Two-way texting, reminders, the client portal and digital forms are included.","true","https://www.shepherd.vet/shepherd-for/general-practice","Scheduling, SOAPs, charge capture, two-way texting, automated reminders, the client portal, digital forms, and Shepherd Pay are all included.","2026-10-08T03:36:19.091Z","","","","","","","The general-practice page FAQ lists these as included.","","","","unreviewed"
"shepherd","C16","pricing","Messaging was previously free but is now charged per credit.","unverifiable","","","","","","","","","","The pages list two-way texting as included but say nothing about message credits or a dated change.","","","","unreviewed"
"shepherd","C17","pricing","Shepherd does not charge for data migration (for a limited subset of data).","unverifiable","","","","","","","","","","The pages say Shepherd's migration team handles record transfers but state no migration fee or scope limit.","","","","unreviewed"
"shepherd","C18","pricing","Shepherd data migration is a paid third-party service.","unverifiable","","","","","","","","","","The general-practice page says Shepherd's migration team handles the transfer but states no migration fee, so the paid aspect cannot be settled.","","","","unreviewed"
"shepherd","C19","founding","Shepherd was founded (created) by a practicing veterinarian.","true","https://www.shepherd.vet/about/","Meet our founder Dr. Cindy Barnes is an experienced emergency vet and medical director of the first 24/7 emergency animal hospital in Northern Arizona.","2026-10-08T03:36:23.276Z","","","","","","","The about page names Shepherd's founder as Dr. Cindy Barnes, an experienced emergency veterinarian; the home page says it was built by vets.","","","","unreviewed"
"shepherd","C20","founding","Shepherd was founded by Dr. Cindy Barnes, a veterinarian of 20+ years.","true","https://www.shepherd.vet/about/","Dr. Cindy Barnes, DVM, CVSMT Founder Read more Dr. Cindy Barnes Dr. Cindy Barnes knows how difficult it is to run a veterinary practice, provide the best care, and, on top of it all, try to savor life too. With 20+ years in the field","2026-10-08T03:36:23.276Z","","","","","","","The about page names Dr. Cindy Barnes as founder with 20+ years in the field.","","","","unreviewed"
"shepherd","C21","founding","Shepherd was founded in 2016.","unverifiable","","","","","","","","","","No page read gives Shepherd's founding year.","","","","unreviewed"
"shepherd","C22","acquisitions","Shepherd acquired Hippo Manager in March 2025.","unverifiable","","","","","","","","","","None of the pages read, including the about page and the blog index, mentions Hippo Manager or an acquisition.","","","","unreviewed"
"shepherd","C23","product_names","Shepherd's AI suite is named ShepherdAI.","true","https://www.shepherd.vet/shepherd-for/general-practice","ShepherdAI is part of the same workflow:","2026-10-08T03:36:19.091Z","","","","","","","The general-practice page names the AI suite ShepherdAI.","","","","unreviewed"
"shepherd","C24","product_names","Shepherd's AI transcription tool is named TranscribeAI.","true","https://www.shepherd.vet/features","TranscribeAI auto-generates SOAP notes right in your PIMS","2026-10-08T03:36:14.152Z","","","","","","","The features page names the transcription tool TranscribeAI.","","","","unreviewed"
"shepherd","C25","product_names","Shepherd's clinical decision-support tool is named DiagnoseAI.","true","https://www.shepherd.vet/features","Trained on real clinical cases, DiagnoseAI offers peer-reviewed, evidence-backed treatment suggestions","2026-10-08T03:36:14.152Z","","","","","","","The features page names the decision-support tool DiagnoseAI.","","","","unreviewed"
"shepherd","C26","product_names","Shepherd has an AI feature named Sheppy.","unverifiable","","","","","","","","","","The pages read name ShepherdAI, TranscribeAI, DiagnoseAI and SummarizeAI, but no Sheppy.","","","","unreviewed"
"shepherd","C27","integrations","Shepherd integrates with IDEXX labs and imaging.","true","https://www.shepherd.vet/integrations","Our integration with IDEXX Laboratories Diagnostics offers full comprehensive access to in-house and Reference Laboratories","2026-10-08T03:36:27.304Z","","","","","","","The integrations page lists IDEXX laboratory diagnostics and IDEXX Web PACS imaging integrations.","","","","unreviewed"
"shepherd","C28","integrations","Shepherd integrates with Scout (dental and anesthesia).","true","https://help.shepherd.vet/en/collections/3426100-integrations-data-connections","Scout Cloud-based dental charting & anesthesia management platform for veterinary teams","2026-10-08T03:37:00.196Z","","","","","","","Shepherd's help-center integrations directory lists Scout for dental charting and anesthesia.","","","","unreviewed"
"shepherd","C29","integrations","Shepherd integrates with PetDesk.","true","https://help.shepherd.vet/en/collections/3426100-integrations-data-connections","PetDesk Simplify your clinic with PetDesk’s user-friendly client engagement tools","2026-10-08T03:37:00.196Z","","","","","","","Shepherd's help-center integrations directory and integrations page list PetDesk.","","","","unreviewed"
"shepherd","C30","integrations","Shepherd integrates with AllyDVM.","true","https://www.shepherd.vet/integrations","Shepherd's integration with AllyDVM further streamlines client communication, retention, and loyalty","2026-10-08T03:36:27.304Z","","","","","","","The integrations page describes the AllyDVM integration.","","","","unreviewed"
"shepherd","C31","integrations","Shepherd integrates with AutoRemind.","true","https://www.shepherd.vet/integrations","Further customize and streamline your veterinary practice today by utilizing the Shepherd and AutoRemind integration!","2026-10-08T03:36:27.304Z","","","","","","","The integrations page describes the AutoRemind integration.","","","","unreviewed"
"shepherd","C32","integrations","Shepherd integrates with iVET360 PULSE (analytics).","true","https://www.shepherd.vet/integrations","The iVET360 integration lets Shepherd users connect their practice data to PULSE","2026-10-08T03:36:27.304Z","","","","","","","The integrations page describes the iVET360 integration with its PULSE dashboard.","","","","unreviewed"
"shepherd","C33","integrations","Shepherd integrates with Weave.","true","https://help.shepherd.vet/en/collections/3426100-integrations-data-connections","Weave Connect your Weave VoIP phone system to Shepherd to surface client and patient information automatically during calls.","2026-10-08T03:37:00.196Z","","","","","","","Shepherd's help-center integrations directory lists the Weave integration.","","","","unreviewed"
"shepherd","C34","pricing","Shepherd uses flat pricing (one price regardless of practice size).","unverifiable","","","","","","","","","","The pages say subscriptions include unlimited users but publish no price and do not state whether the price varies by doctors or locations.","","","","unreviewed"
"hubspot-crm","C01","pricing","Sales Hub Professional costs $90 per seat per month billed annually.","true","https://www.hubspot.com/pricing/sales","Professional Comprehensive sales software to automate and scale your sales processes Starts at $90/mo/seat $100/mo/seat Billing period Pay Monthly Commit annually Pay Annually BEST VALUE","2026-10-08T03:02:13.093Z","","","","","","","The browser-read pricing page shows Professional 'Starts at $90/mo/seat' next to $100/mo/seat and the billing options, with Pay Annually marked best value; the $90 starting price matches and the annual qualifier is consistent with it and not contradicted.","","","","unreviewed"
"hubspot-crm","C02","pricing","Sales Hub Professional carries a required one-time onboarding fee of $1,500.","true","https://www.hubspot.com/pricing/sales","*Cost shown does not include the required, one-time Professional Onboarding for a fee of $1,500.","2026-10-08T03:02:13.093Z","","","","","","","The browser-read pricing page states a required, one-time Professional Onboarding fee of $1,500.","","","","unreviewed"
"hubspot-crm","C03","pricing","Sales Hub Enterprise costs $150 per seat per month (stated as billed annually).","true","https://www.hubspot.com/products/sales","Enterprise Starts at $150/month per seat","2026-10-08T03:03:15.360Z","","","","","","","The Sales Hub product page lists Enterprise at $150/month per seat, the same plan, amount and unit (the browser-read pricing page also shows 'Starts at $150/mo/seat'); no billing period contradicts the annual qualifier.","","","","unreviewed"
"hubspot-crm","C04","pricing","Sales Hub Enterprise carries a required one-time onboarding fee of $3,500.","true","https://www.hubspot.com/pricing/sales","*Cost shown does not include the required, one-time Enterprise Onboarding for a fee of $3,500.","2026-10-08T03:02:13.093Z","","","","","","","The browser-read pricing page states a required, one-time Enterprise Onboarding fee of $3,500.","","","","unreviewed"
"hubspot-crm","C05","pricing","Sales Hub Professional and Enterprise have required onboarding fees.","true","https://www.hubspot.com/pricing/sales","*Cost shown does not include the required, one-time Professional Onboarding for a fee of $1,500.","2026-10-08T03:02:13.093Z","","","","","","","The browser-read pricing page states a required one-time onboarding fee under Professional ($1,500) and under Enterprise ('the required, one-time Enterprise Onboarding for a fee of $3,500').","","","","unreviewed"
"hubspot-crm","C06","pricing","Sales Hub Professional costs about $100 or more per user per month.","true","https://www.hubspot.com/products/sales","Professional Starts at $100/month per seat","2026-10-08T03:03:15.360Z","","","","","","","The Sales Hub product page lists Professional starting at $100/month per seat; neither the answer nor that page states a billing period (the pricing page shows $90 and $100 per seat by billing option, so about $100 holds).","","","","unreviewed"
"hubspot-crm","C07","pricing","Paid HubSpot plans start at about $20 per user per month.","unverifiable","","","","","","","","","","The browser-read pricing page shows Sales Hub Starter at both '$7/mo/seat' and '$20/mo/seat' without saying which is the new-customer discount or which billing period applies, and the CRM page shows Smart CRM Starter from $15/month per seat under a new-customer discount, so the lowest regular paid price is not settled like with like.","","","","unreviewed"
"hubspot-crm","C08","pricing","HubSpot Professional costs $25 to $75 per user per month.","unverifiable","","","","","","","","","","The answer does not say which Professional product it prices; the pages show Sales Hub Professional from $90 to $100 per seat per month and Smart CRM Professional from $50/month per seat, so the range is neither confirmed nor contradicted for a named plan.","","","","unreviewed"
"hubspot-crm","C09","pricing","Paid plans are priced per seat (per user), so cost rises with seats.","true","https://www.hubspot.com/products/sales","Professional Starts at $100/month per seat","2026-10-08T03:03:15.360Z","","","","","","","The Sales Hub product page prices Starter, Professional and Enterprise per seat per month (the browser-read pricing page FAQ also says 'Paid Sales Hub plans are priced per seat').","","","","unreviewed"
"hubspot-crm","C10","pricing","Usage credits add to HubSpot's cost on top of seats.","true","https://www.hubspot.com/pricing/sales","You can choose when and how to add HubSpot Credits to your account at $0.010 per credit.","2026-10-08T03:02:13.093Z","","","","","","","The browser-read pricing page says paid plans include a monthly credit allotment and further HubSpot Credits are bought at $0.010 per credit (in packs or pay-as-you-go), so added credits add to cost.","","","","unreviewed"
"hubspot-crm","C11","pricing","Ten Sales Hub Professional seats cost about $12,300 in the first year including onboarding.","true","https://www.hubspot.com/pricing/sales","Starts at $90/mo/seat $100/mo/seat Billing period Pay Monthly Commit annually Pay Annually BEST VALUE Buy now Talk to Sales 3,000 HubSpot Credits See Details *Cost shown does not include the required, one-time Professional Onboarding for a fee of $1,500.","2026-10-08T03:02:13.093Z","","","","","","","Arithmetic on the browser-read pricing page's own figures: 10 seats x $90 x 12 months = $10,800, plus the required $1,500 Professional Onboarding, is $12,300, the answer's approximate figure at the starting seat price.","","","","unreviewed"
"hubspot-crm","C12","free_tier","HubSpot offers a free CRM (a permanent free tier, not a time-limited trial).","true","https://www.hubspot.com/products/crm","And unlike a free trial, it's 100% free with no expiration date.","2026-10-08T03:02:18.082Z","","","","","","","The CRM product page states the free CRM is 100% free with no expiration date, and the Sales Hub page lists a Free edition at $0/month.","","","","unreviewed"
"hubspot-crm","C13","free_tier","HubSpot's free CRM supports up to 1,000,000 contacts.","wrong","https://www.hubspot.com/products/crm","With up to two users, 1,000 contacts, and no limits on customer data, HubSpot’s free CRM functionality is 100% free, with no expiration date.","2026-10-08T03:02:18.082Z","","","","https://www.sybill.ai/blogs/best-crm-tools","other","Its free CRM supports up to 1,000,000 contacts","The CRM product page limits the free CRM to up to two users and 1,000 contacts, which contradicts 1,000,000 contacts for the same free plan; no page read dates a change to the limit. Pass 2 check: explicit on HubSpot's own page and like with like (the free plan's contact limit).","","","","unreviewed"
"hubspot-crm","C14","free_tier","HubSpot's free tier includes unlimited contacts.","wrong","https://www.hubspot.com/products/crm","With up to two users, 1,000 contacts, and no limits on customer data, HubSpot’s free CRM functionality is 100% free, with no expiration date.","2026-10-08T03:02:18.082Z","","","","https://pipelinecrm.com/blog/best-sales-crm-software/","other","Free CRM tier with unlimited contacts and 2 free Sales Hub users","The CRM product page limits the free CRM to 1,000 contacts, which contradicts unlimited contacts on the same free plan; no page read dates a change to the limit. Pass 2 check: explicit on HubSpot's own page and like with like (the free plan's contact limit).","","","","unreviewed"
"hubspot-crm","C15","plans","Custom objects are included in Sales Hub Enterprise.","true","https://www.hubspot.com/products/sales","With custom objects (available in the enterprise edition of Sales Hub)","2026-10-08T03:03:15.360Z","","","","","","","The Sales Hub product page states custom objects are available in the Enterprise edition.","","","","unreviewed"
"hubspot-crm","C16","plans","Sales Hub Enterprise supports custom-object pipelines.","unverifiable","","","","","","","","","","The Enterprise card lists custom objects and managing complex pipelines but no page read mentions pipelines on custom objects; the browser-read pricing page shows edition cards without feature lists.","","","","unreviewed"
"hubspot-crm","C17","plans","Deal approvals are included in Sales Hub Enterprise.","unverifiable","","","","","","","","","","No page read mentions deal approvals or assigns them to an edition; the browser-read pricing page shows edition cards without feature lists.","","","","unreviewed"
"hubspot-crm","C18","plans","Sales forecasting is available in Sales Hub Professional and Enterprise, not the entry-level plans.","unverifiable","","","","","","","","","","The Sales Hub page lists Forecasting as a feature but its edition cards do not say which editions include it, and the browser-read pricing page shows edition cards without feature lists.","","","","unreviewed"
"hubspot-crm","C19","plans","Advanced forecasting features require the Professional plan or above.","unverifiable","","","","","","","","","","No page read assigns forecasting features to an edition; the browser-read pricing page shows edition cards without feature lists.","","","","unreviewed"
"hubspot-crm","C20","plans","Custom reporting requires Professional or Enterprise, not the entry-level plans.","true","https://www.hubspot.com/products/crm","Professional Starts at $50/month per seat Popular features Everything in Starter AI customer agent Duplicate management Standard contact scoring Calculated properties Custom reporting","2026-10-08T03:02:18.082Z","","","","","","","The CRM product page adds Custom reporting at the Professional edition, after Free and Starter, matching the claim that custom reporting starts at Professional.","","","","unreviewed"
"hubspot-crm","C21","plans","Team-hierarchy forecasting is an Enterprise feature.","unverifiable","","","","","","","","","","No page read mentions team-hierarchy forecasting or its edition.","","","","unreviewed"
"hubspot-crm","C22","plans","Revenue attribution reporting is available only at higher tiers.","unverifiable","","","","","","","","","","No page read mentions attribution reporting or its edition.","","","","unreviewed"
"hubspot-crm","C23","plans","Advanced multi-touch attribution requires Enterprise plans.","unverifiable","","","","","","","","","","No page read mentions multi-touch attribution or its edition.","","","","unreviewed"
"hubspot-crm","C24","plans","Advanced custom forecasting requires the Enterprise tier.","unverifiable","","","","","","","","","","The Enterprise card lists advanced analytics and reporting but no page read assigns forecasting to an edition.","","","","unreviewed"
"hubspot-crm","C25","plans","Advanced multi-object custom reporting requires Enterprise plans.","unverifiable","","","","","","","","","","The Enterprise card lists advanced analytics and reporting, while the CRM page already lists custom reporting at Professional; no page read says multi-object reporting needs Enterprise.","","","","unreviewed"
"hubspot-crm","C26","plans","Advanced reporting and advanced (custom) sales automation sit in higher paid tiers (Professional or Enterprise).","true","https://www.hubspot.com/products/sales","Customize sales workflows and sequences Record and transcribe calls Enterprise Starts at $150/month per seat Create custom objects for unique processes Manage complex pipelines Advanced analytics and reporting","2026-10-08T03:03:15.360Z","","","","","","","The Sales Hub edition cards add customized workflows and sequences at Professional and advanced analytics and reporting at Enterprise, above Free and Starter (the CRM page likewise adds the AI customer agent at Professional, while the free CRM has only basic AI tools).","","","","unreviewed"
"hubspot-crm","C27","product_names","HubSpot's CRM product is named Smart CRM.","true","https://www.hubspot.com/","Smart CRM ™ All your customer data in one place.","2026-10-08T03:03:09.613Z","","","","","","","The home page lists Smart CRM among HubSpot's products.","","","","unreviewed"
"hubspot-crm","C28","product_names","HubSpot has a product named Marketing Hub.","true","https://www.hubspot.com/","Marketing Hub ® Attract and convert the right leads.","2026-10-08T03:03:09.613Z","","","","","","","The home page lists Marketing Hub.","","","","unreviewed"
"hubspot-crm","C29","product_names","HubSpot has a product named Service Hub.","true","https://www.hubspot.com/","Service Hub ® Streamline and scale support to serve customers faster.","2026-10-08T03:03:09.613Z","","","","","","","The home page lists Service Hub.","","","","unreviewed"
"hubspot-crm","C30","product_names","HubSpot has a product named Content Hub.","true","https://www.hubspot.com/","Content Hub ™ Create content that clicks with your audience.","2026-10-08T03:03:09.613Z","","","","","","","The home page lists Content Hub.","","","","unreviewed"
"hubspot-crm","C31","product_names","HubSpot has a product named Operations Hub.","unverifiable","","","","","","","","","","The home and product pages list Marketing, Sales, Service, Content, Data, Revenue and Agent Hubs and no Operations Hub, but no page read documents a rename or retirement, so neither wrong nor stale can be shown from the vendor's own text.","","","","unreviewed"
"hubspot-crm","C32","product_names","HubSpot's AI is named Breeze.","true","https://www.hubspot.com/products/crm","Breeze Assistant Use HubSpot’s AI-powered assistant to research companies, prep for sales calls, summarize CRM records, and more.","2026-10-08T03:02:18.082Z","","","","","","","The CRM product page names HubSpot's AI-powered assistant Breeze Assistant (and the Sales Hub page names the Breeze Prospecting Agent).","","","","unreviewed"
"hubspot-crm","C33","integrations","HubSpot integrates with hundreds of other business tools.","true","https://www.hubspot.com/","Works with the tools you already use. 2,000+ integrations.","2026-10-08T03:03:09.613Z","","","","","","","The home page states 2,000+ integrations, which satisfies hundreds as a lower bound.","","","","unreviewed"
"hubspot-crm","C34","plans","Forecasting is offered in HubSpot's paid tiers.","unverifiable","","","","","","","","","","Split from a plan-inclusion line whose automation and reporting parts are C26: the Sales Hub page lists Forecasting as a feature but no page read assigns it to an edition, and the browser-read pricing page shows edition cards without feature lists.","","","","unreviewed"
"salesforce-sales-cloud","C01","pricing","Pro Suite costs $100 per user per month billed annually.","true","https://www.salesforce.com/sales/pricing/","Pro Suite The flexible CRM suite with more automation and customization across sales, service, marketing, and commerce. $ 100 USD/User/Month (Billed annually)","2026-10-08T03:10:41.185Z","","","","","","","The pricing page lists Pro Suite at $100 USD per user per month billed annually, the same plan, unit and billing basis (the two ChatGPT benchmark lists state annual billing for all prices).","","","","unreviewed"
"salesforce-sales-cloud","C02","pricing","Sales Cloud Core costs $195 per user per month billed annually.","true","https://www.salesforce.com/sales/pricing/","Core The CRM for sales with built-in AI, Slack, Tableau, and Agentforce skills to keep every deal moving. $ 195 USD/User/Month (Billed annually)","2026-10-08T03:10:41.185Z","","","","","","","The pricing page lists Core at $195 USD per user per month billed annually, matching plan, unit and billing basis.","","","","unreviewed"
"salesforce-sales-cloud","C03","pricing","The entry (Starter) price is about $25 per user per month.","true","https://www.salesforce.com/sales/pricing/","Starter Suite costs $25 USD per user, per month.","2026-10-08T03:10:41.185Z","","","","","","","The pricing page states Starter Suite costs $25 USD per user per month (billed monthly or annually), the lowest paid suite.","","","","unreviewed"
"salesforce-sales-cloud","C04","pricing","Salesforce Starter costs about $20 per user per month.","wrong","https://www.salesforce.com/sales/pricing/","Starter Suite costs $25 USD per user, per month.","2026-10-08T03:10:41.185Z","","","","https://startups.co.uk/crm-software/best-crm-for-small-business-uk/","other","Salesforce Starter Suite: &pound;20 per user, per month (billed annually)","The pricing page states Starter Suite costs $25 USD per user per month and shows the same $25 for monthly or annual billing, so about $20 in dollars contradicts it; the cited UK article gives 20 pounds, which the answer appears to restate in dollars. Pass 2 consistency check: kept wrong; same plan, unit and either billing period, and about $20 understates the published $25 by a fifth, beyond rounding.","","","","unreviewed"
"salesforce-sales-cloud","C05","pricing","Salesforce costs $100 per seat per month (plan and billing not named).","true","https://www.salesforce.com/sales/pricing/","Pro Suite The flexible CRM suite with more automation and customization across sales, service, marketing, and commerce. $ 100 USD/User/Month (Billed annually)","2026-10-08T03:10:41.185Z","","","","","","","The pricing page lists a $100 per user per month suite (Pro Suite); the answer names no plan or billing period, so the price point matches a published price.","","","","unreviewed"
"salesforce-sales-cloud","C06","pricing","Salesforce costs about $65 to $135 or more per user per month.","unverifiable","","","","","","","","","","The range names no plan; the published suites are $25, $100, $195, $395 and $550 per user per month, so the open range is neither confirmed nor contradicted for a named plan.","","","","unreviewed"
"salesforce-sales-cloud","C07","plans","Pro Suite includes automation, quoting and forecasting.","true","https://www.salesforce.com/sales/pricing/","Everything in Starter Plus Greater Customization and Automation Sales Quoting and Forecasting","2026-10-08T03:10:41.185Z","","","","","","","The Pro Suite card lists greater customization and automation plus sales quoting and forecasting.","","","","unreviewed"
"salesforce-sales-cloud","C08","plans","Sales Cloud Enterprise edition includes advanced pipeline management and forecasting, advanced administration and customization tools, and API access.","unverifiable","","","","","","","","","","The pricing page lists Starter Suite, Pro Suite, Core, Advanced and Max and assigns these features to Core; it does not describe an Enterprise edition, and no page read dates a retirement of Enterprise, so the claim about Enterprise is not settled.","","","","unreviewed"
"salesforce-sales-cloud","C09","plans","Enterprise, Unlimited and Agentforce editions add advanced automation, governance and AI at higher price points.","unverifiable","","","","","","","","","","No page read describes the contents of Enterprise, Unlimited or an Agentforce edition; the pricing page's current suites are Starter Suite, Pro Suite, Core, Advanced and Max.","","","","unreviewed"
"salesforce-sales-cloud","C10","plans","For 200+ users, Professional or Enterprise is the only tier with territory management and advanced forecasting at scale.","unverifiable","","","","","","","","","","The pricing comparison lists Sales Territories and forecasting rows but its edition marks are not in the snapshot text, and it does not use the Professional/Enterprise tiers named in the claim.","","","","unreviewed"
"salesforce-sales-cloud","C11","plans","Enterprise and Unlimited tiers include AI-generated summaries of stalled deals and recommended next actions.","unverifiable","","","","","","","","","","No page read describes these AI features by Enterprise or Unlimited tier.","","","","unreviewed"
"salesforce-sales-cloud","C12","plans","CRM Analytics is not included in every edition.","unverifiable","","","","","","","","","","No page read mentions CRM Analytics or its editions.","","","","unreviewed"
"salesforce-sales-cloud","C13","plans","Salesforce offers a Starter Suite (Starter) plan.","true","https://www.salesforce.com/sales/pricing/","Choose from Starter Suite, Pro Suite, Core, Advanced, and Max","2026-10-08T03:10:41.185Z","","","","","","","The pricing page names Starter Suite among the Sales Cloud plans.","","","","unreviewed"
"salesforce-sales-cloud","C14","plans","Salesforce has a Professional edition.","true","https://www.salesforce.com/sales/pricing/","Everything in Professional Edition plus Momentum and Premier Success","2026-10-08T03:10:41.185Z","","","","","","","The pricing page's Core card refers to the Professional Edition by name.","","","","unreviewed"
"salesforce-sales-cloud","C15","plans","Salesforce has an Essentials edition.","unverifiable","","","","","","","","","","No page read mentions Essentials; the pricing page's current suites do not include it, but no page read documents its retirement.","","","","unreviewed"
"salesforce-sales-cloud","C16","product_names","Salesforce's AI agent product is named Agentforce.","true","https://salesforce.com/","Agentforce The platform for building and running agents.","2026-10-08T03:10:46.423Z","","","","","","","The home page names Agentforce as Salesforce's platform for building and running agents.","","","","unreviewed"
"salesforce-sales-cloud","C17","product_names","Salesforce's AI is branded Einstein.","true","https://www.salesforce.com/products/","Our Einstein Trust Layer prevents sensitive data from leaving the Salesforce trust boundary, so you can use AI in every app","2026-10-08T03:11:40.139Z","","","","","","","The products page uses the Einstein name for Salesforce's AI (the Einstein Trust Layer); no page read documents a retirement of the name.","","","","unreviewed"
"salesforce-sales-cloud","C18","product_names","Salesforce has an AI product named Einstein 1.","unverifiable","","","","","","","","","","No page read mentions Einstein 1 or a rename of it.","","","","unreviewed"
"salesforce-sales-cloud","C19","product_names","Salesforce's app marketplace is named AppExchange.","true","https://www.salesforce.com/sales/pricing/","Lightning App Builder | | | | | | | AppExchange","2026-10-08T03:10:41.185Z","","","","","","","The pricing page's edition comparison lists AppExchange as a Sales Cloud feature; other pages also name AgentExchange as the unified marketplace, but none documents a rename of AppExchange.","","","","unreviewed"
"salesforce-sales-cloud","C20","product_names","Salesforce has a product named Marketing Cloud.","true","https://www.salesforce.com/products/","Service Cloud Field Service and Operations Marketing Cloud Commerce Cloud Tableau","2026-10-08T03:11:40.139Z","","","","","","","The products page lists Marketing Cloud.","","","","unreviewed"
"salesforce-sales-cloud","C21","product_names","Salesforce has a product named Service Cloud.","true","https://www.salesforce.com/products/","Service Cloud Field Service and Operations Marketing Cloud Commerce Cloud Tableau","2026-10-08T03:11:40.139Z","","","","","","","The products page lists Service Cloud.","","","","unreviewed"
"salesforce-sales-cloud","C22","product_names","Salesforce has a product named Analytics Cloud.","unverifiable","","","","","","","","","","The products page lists no Analytics Cloud (its analytics product is Tableau), but no page read documents a rename or retirement of Analytics Cloud.","","","","unreviewed"
"salesforce-sales-cloud","C23","product_names","Salesforce has a product named App Cloud.","unverifiable","","","","","","","","","","The products page lists the Salesforce Platform and Heroku but no App Cloud; no page read documents a rename or retirement.","","","","unreviewed"
"salesforce-sales-cloud","C24","product_names","Salesforce offers an IoT service (IoT Cloud).","unverifiable","","","","","","","","","","No page read mentions an IoT product or its retirement.","","","","unreviewed"
"salesforce-sales-cloud","C25","product_names","Salesforce has an analytics product named CRM Analytics.","unverifiable","","","","","","","","","","No page read mentions CRM Analytics; the pages name Tableau and Tableau Next for analytics.","","","","unreviewed"
"salesforce-sales-cloud","C26","product_names","Tableau is a Salesforce analytics product.","true","https://www.salesforce.com/products/","Once your data is unified, Tableau helps to explore data, uncover patterns, and act on insights across your business.","2026-10-08T03:11:40.139Z","","","","","","","The products page lists Tableau among Salesforce products and describes it as its analytics tool.","","","","unreviewed"
"salesforce-sales-cloud","C27","product_names","Salesforce has a product named Data Cloud.","true","https://www.salesforce.com/sales/pricing/","Limited Data Cloud features","2026-10-08T03:10:41.185Z","","","","","","","The pricing page refers to Data Cloud features by that name (other pages also use Data 360).","","","","unreviewed"
"salesforce-sales-cloud","C28","product_names","Salesforce has a product named Revenue Intelligence.","true","https://www.salesforce.com/sales/pricing/","Revenue Intelligence From $220 USD/user/month","2026-10-08T03:10:41.185Z","","","","","","","The pricing page lists Revenue Intelligence as a Sales Cloud add-on.","","","","unreviewed"
"salesforce-sales-cloud","C29","integrations","Salesforce offers thousands of API integrations.","unverifiable","","","","","","","","","","The pages say Salesforce products integrate with many outside applications but give no integration count.","","","","unreviewed"
"salesforce-sales-cloud","C30","pricing","Starter Suite for five users costs about $100 per month.","wrong","https://www.salesforce.com/sales/pricing/","Starter Suite costs $25 USD per user, per month.","2026-10-08T03:10:41.185Z","","","","","not found","","Added in pass 2 from a line under the answer's 'Option 3: Salesforce Starter Suite' sub-heading that does not repeat the vendor name: at the published $25 per user per month (the same for monthly or annual billing), five users cost $125 a month, so about $100 understates it by a fifth, consistent with the answer's own ~$20 per user (C04). The cited startups.co.uk page gives a per-user price in pounds, not a five-user cost, so no cited page carries the statement.","","","","unreviewed"
"pipedrive","C01","pricing","The Growth plan costs $39 per user per month (billed annually where stated).","true","https://www.pipedrive.com/en/pricing","Growth Automate emails and follow-ups so you can focus on closing US$ 39 One payment of US$ 468 per seat/year Per seat per month, billed annually","2026-10-08T03:17:08.168Z","","","","","","","The browser-read pricing page lists Growth at US$39 per seat per month, billed annually (US$468 per seat a year).","","","","unreviewed"
"pipedrive","C02","pricing","The Premium plan costs $59 per user per month billed annually.","true","https://www.pipedrive.com/en/pricing","Premium Drive success from lead to close with full-cycle sales tools US$ 59 One payment of US$ 708 per seat/year Per seat per month, billed annually","2026-10-08T03:17:08.168Z","","","","","","","The browser-read pricing page lists Premium at US$59 per seat per month, billed annually.","","","","unreviewed"
"pipedrive","C03","pricing","The Ultimate plan costs $79 per user per month billed annually.","true","https://www.pipedrive.com/en/pricing","Ultimate Optimize performance with our complete suite of capabilities US$ 79 One payment of US$ 948 per seat/year Per seat per month, billed annually","2026-10-08T03:17:08.168Z","","","","","","","The browser-read pricing page lists Ultimate at US$79 per seat per month, billed annually.","","","","unreviewed"
"pipedrive","C04","pricing","The entry price (Lite plan) is about $14 per user per month.","true","https://www.pipedrive.com/en/pricing","Lite Organize your sales in one simple, intuitive workspace US$ 14 One payment of US$ 168 per seat/year Per seat per month, billed annually","2026-10-08T03:17:08.168Z","","","","","","","The browser-read pricing page lists Lite, the lowest plan, at US$14 per seat per month, billed annually.","","","","unreviewed"
"pipedrive","C05","pricing","Plans range from $14 to $99 per user per month.","unverifiable","","","","","","","","","","The browser snapshot shows annual-billing prices only (US$14 to US$79 per seat per month); the monthly-billing prices behind the 'Billed monthly' toggle are not in the snapshot, so a $99 top price cannot be compared like with like.","","","","unreviewed"
"pipedrive","C06","pricing","Pipedrive costs about $14 to $39 per user per month.","unverifiable","","","","","","","","","","Both ends are published plan prices (Lite US$14 and Growth US$39 per seat per month, billed annually), but the page also lists Premium US$59 and Ultimate US$79; the table cell does not say whether it gives Pipedrive's full range or the typical range for the 'lean teams' row, so it is neither confirmed nor contradicted like with like.","","","","unreviewed"
"pipedrive","C07","pricing","There are four pricing tiers, billed monthly or annually, each below $100 per user per month.","true","https://www.pipedrive.com/en/pricing","Billed monthly Billed annually (Save up to 42%) Lite Organize your sales in one simple, intuitive workspace US$ 14","2026-10-08T03:17:08.168Z","","","","","","","The browser-read pricing page offers monthly or annual billing and exactly four plans (Lite US$14, Growth US$39, Premium US$59, Ultimate US$79 per seat per month), every listed price below $100; the snapshot shows the annual prices, and nothing on it contradicts the $100 bound.","","","","unreviewed"
"pipedrive","C08","pricing","Pipedrive has five pricing tiers: Essential ($24), Advanced ($44), Professional ($64), Power ($79) and Enterprise ($99) per user per month.","wrong","https://www.pipedrive.com/en/pricing","Lite Organize your sales in one simple, intuitive workspace US$ 14","2026-10-08T03:40:54.552Z","","","","https://vendorbenchmark.com/compare/zoho-crm-vs-pipedrive-pricing","directory","Pipedrive prices on a per-user subscription with five tiers: Essential ($24/user/month), Advanced ($44/user/month), Professional ($64/user/month), Power ($79/user/month), and Enterprise ($99/user/month).","Like with like on the plan lineup: the browser-read pricing page lists exactly four plans, Lite, Growth, Premium and Ultimate, and none named Essential, Advanced, Professional, Power or Enterprise. Not stale: no Pipedrive page read dates a rename (the newsroom lists none). The cited comparison directory carries the five-tier sentence.","","","","unreviewed"
"pipedrive","C09","pricing","Pricing is a tiered subscription per user.","true","https://www.pipedrive.com/en/pricing","Per seat per month, billed annually","2026-10-08T03:17:08.168Z","","","","","","","The browser-read pricing page prices four plans per seat per month, billed monthly or annually.","","","","unreviewed"
"pipedrive","C10","pricing","Some additional tools are paid add-ons.","true","https://www.pipedrive.com/en/pricing","Enrich your plan with more features LeadBooster add-on Capture more leads Starting from $32.50","2026-10-08T03:17:08.168Z","","","","","","","The browser-read pricing page sells add-ons (LeadBooster, Projects, Campaigns, Web Visitors, Smart Docs) with their own prices, which can be added to any plan.","","","","unreviewed"
"pipedrive","C11","plans","In early 2026 Pipedrive restructured its pricing into four plans: Lite, Growth, Premium and Ultimate.","unverifiable","","","","","","","","","","The browser-read pricing page confirms the four current plans (split out as C26, true), but no Pipedrive page read dates a restructuring in early 2026 (the newsroom lists none), so the dated change is not settled.","","","","unreviewed"
"pipedrive","C12","plans","Essential covers basic pipeline management, Advanced adds workflow automation, and Professional adds team management and forecasting.","unverifiable","","","","","","","","","","The browser-read pricing page lists Lite, Growth, Premium and Ultimate; the Essential, Advanced and Professional plans described here are not on it (their existence is coded wrong under C08), so their contents cannot be compared like with like.","","","","unreviewed"
"pipedrive","C13","plans","Revenue forecasting is available on Growth and higher plans (Growth includes forecasting).","true","https://support.pipedrive.com/en/article/insights-reports-revenue-forecast","Note: The Insights Revenue forecast report is only available on our Growth and higher plans.","2026-10-08T03:17:43.996Z","","","","","","","The vendor's knowledge base states the revenue forecast report is only available on Growth and higher plans.","","","","unreviewed"
"pipedrive","C14","plans","The Growth plan includes email sync (with, as some answers list, sequences, automation templates, meeting scheduling or contact enrichment).","unverifiable","","","","","","","","","","The pricing page's Growth line ('Automate emails and follow-ups') settles automated follow-ups, now split out as C25; email sync and the other listed features sit behind 'See all features' and are not in the snapshot, and no other page read assigns them to a plan.","","","","unreviewed"
"pipedrive","C15","plans","Premium (a higher tier) adds lead routing, lead scoring, contracts or proposals with e-signatures, and more granular permissions and customization.","unverifiable","","","","","","","","","","The browser-read pricing page describes Premium only as 'full-cycle sales tools' and keeps feature lists behind 'See all features'; the home page describes lead routing as a feature but no page read assigns these features to Premium.","","","","unreviewed"
"pipedrive","C16","plans","The entry plan includes pipeline management and spreadsheet imports.","unverifiable","","","","","","","","","","The browser-read pricing page describes Lite only as 'one simple, intuitive workspace' and keeps feature lists behind 'See all features'; no page read assigns spreadsheet imports to the entry plan.","","","","unreviewed"
"pipedrive","C17","plans","Unlimited pipelines are included on all plans, including entry-level tiers.","unverifiable","","","","","","","","","","No page read states pipeline limits by plan; the browser-read pricing page keeps feature lists behind 'See all features'.","","","","unreviewed"
"pipedrive","C18","plans","Custom reporting features are only available in higher-tier plans.","unverifiable","","","","","","","","","","No page read assigns custom reporting to plans; the support article only says the number of Insights reports depends on the plan, and the pricing page keeps feature lists behind 'See all features'.","","","","unreviewed"
"pipedrive","C19","free_tier","Pipedrive offers a free 14-day trial.","true","https://pipedrive.com/","14-day free trial, no credit card required","2026-10-08T03:17:12.823Z","","","","","","","The home page offers a 14-day free trial (the pricing page repeats it).","","","","unreviewed"
"pipedrive","C20","customer_counts","Pipedrive has more than 100,000 customers globally.","true","https://pipedrive.com/","Trusted by 100,000+ companies in 179 countries","2026-10-08T03:17:12.823Z","","","","","","","The home page states it is trusted by 100,000+ companies in 179 countries.","","","","unreviewed"
"pipedrive","C21","integrations","Pipedrive offers 500+ integrations.","true","https://pipedrive.com/","500+ integrations to boost workflows","2026-10-08T03:17:12.823Z","","","","","","","The home page states 500+ integrations.","","","","unreviewed"
"pipedrive","C22","platforms","Pipedrive has a mobile app (mobile access).","true","https://pipedrive.com/","With Pipedrive’s mobile apps for Android and iOS, sales efficiency is always at your fingertips","2026-10-08T03:17:12.823Z","","","","","","","The home page describes Pipedrive's mobile apps for Android and iOS.","","","","unreviewed"
"pipedrive","C23","founding","Pipedrive was built by salespeople (its co-founders were salespeople).","true","https://www.pipedrive.com/en/about","Pipedrive’s co-founders were salespeople who needed more from a CRM tool than the software on the market could offer.","2026-10-08T03:17:32.814Z","","","","","","","The about page says the co-founders were salespeople and calls Pipedrive a CRM built by salespeople, for salespeople.","","","","unreviewed"
"pipedrive","C24","pricing","Pipedrive starts at $24 per user per month.","unverifiable","","","","","","","","","","The browser snapshot shows annual-billing prices only, the lowest US$14 per seat per month (Lite); the table cell names no billing period and the monthly-billing prices are not in the snapshot, so the $24 starting price cannot be compared like with like.","","","","unreviewed"
"pipedrive","C25","plans","The Growth plan includes automated email follow-ups.","true","https://www.pipedrive.com/en/pricing","Growth Automate emails and follow-ups so you can focus on closing","2026-10-08T03:17:08.168Z","","","","","","","Split from the Growth inclusion lists (C14): the browser-read pricing page describes the Growth plan as the one that automates emails and follow-ups.","","","","unreviewed"
"pipedrive","C26","plans","Pipedrive has four plans: Lite, Growth, Premium and Ultimate.","true","https://www.pipedrive.com/en/pricing","Ultimate Optimize performance with our complete suite of capabilities","2026-10-08T03:17:08.168Z","","","","","","","Split from C11 (whose 2026 dating stays unverifiable): the browser-read pricing page lists exactly four plans, Lite, Growth, Premium and Ultimate, Ultimate being the top one.","","","","unreviewed"
"zoho-crm","C01","pricing","The Enterprise edition costs $40 per user per month billed annually.","true","https://www.zoho.com/en-us/crm/zohocrm-pricing.html","Enterprise US$40 US$40 /user/month","2026-10-08T03:20:45.297Z","","","","","","","The browser read of the pricing page shows Enterprise at US$40 per user per month in the same view that shows Standard at US$14 and Professional at US$23, which Zoho's own guide gives as the paid-annually prices; answers that state no billing period give the same figure.","","","","unreviewed"
"zoho-crm","C02","pricing","The Standard edition (entry paid price) costs $14 per user per month billed annually.","true","https://www.zoho.com/crm/a-complete-guide-to-zoho-crm.html","The Standard edition start at $14 per user per month (paid annually) and goes up to $23 per user per month for the Professional edition.","2026-10-08T03:22:36.236Z","","","","","","","Zoho's own CRM guide states the Standard edition starts at $14 per user per month paid annually; answers that give no billing period quote the same starting price.","","","","unreviewed"
"zoho-crm","C03","pricing","The Professional edition costs $23 per user per month (billed annually).","true","https://www.zoho.com/crm/a-complete-guide-to-zoho-crm.html","The Standard edition start at $14 per user per month (paid annually) and goes up to $23 per user per month for the Professional edition.","2026-10-08T03:22:36.236Z","","","","","","","Zoho's own CRM guide gives $23 per user per month for the Professional edition in the same annual-billing sentence.","","","","unreviewed"
"zoho-crm","C04","pricing","Paid editions (Standard through Enterprise/Ultimate) range from about $14 to $52 per user per month billed annually.","unverifiable","","","","","","","","","","The guide and the browser read of the pricing page confirm Standard at $14 and Enterprise at $40, but no page read gives the USD price of the Ultimate edition, so the $52 top of the range is not settled.","","","","unreviewed"
"zoho-crm","C05","pricing","Paid tiers cost $20 (per user per month, billing not stated).","unverifiable","","","","","","","","","","The guide gives $14 paid annually for Standard and the browser read of the pricing page shows the same annual view; no page read gives monthly-billing USD prices for the CRM editions (the $20 starting price on that page is for the separate Zoho CRM Plus bundle), so a $20 figure with no billing period is neither confirmed nor contradicted like with like.","","","","unreviewed"
"zoho-crm","C06","pricing","Paid plans start from about $12 to $14 per user per month.","true","https://www.zoho.com/crm/a-complete-guide-to-zoho-crm.html","Paid tiers include additional automation and customization, such as setting up kiosks, customer journeys, workflows, and AI capabilities, and starts at $14 per user per month (billed annually).","2026-10-08T03:22:36.236Z","","","","","","","The guide states paid tiers start at $14 per user per month billed annually, which lies within the approximate range the answer gives.","","","","unreviewed"
"zoho-crm","C07","pricing","Zoho One bundles CRM at $37 per user per month (Flexible User pricing).","unverifiable","","","","","","","","","","The home page describes Zoho One but its price renders blank in the snapshot (""starting at /user/month""); no Zoho One pricing page was read.","","","","unreviewed"
"zoho-crm","C08","free_tier","Zoho CRM has a free edition (free tier).","true","https://www.zoho.com/en-us/crm/zohocrm-pricing.html","Yes, Zoho CRM does have free edition that supports upto 3 users","2026-10-08T03:20:45.297Z","","","","","","","The pricing page FAQ confirms a free edition.","","","","unreviewed"
"zoho-crm","C09","free_tier","The free edition supports up to 3 users with no time limit.","true","https://www.zoho.com/en-us/crm/zohocrm-pricing.html","Forever free, for 3 users","2026-10-08T03:20:45.297Z","","","","","","","The pricing page describes the Free edition as forever free for 3 users.","","","","unreviewed"
"zoho-crm","C10","free_tier","The free plan includes core contact and lead management, basic workflow automation and standard reporting.","true","https://www.zoho.com/en-us/crm/zohocrm-pricing.html","Contact management Manage all contacts important to your business in one place. No more scattered business cards. Follow-up reminders Stay on track with timely reminders to follow-up on a lead. Workflow automation Automate repetitive tasks with workflows.","2026-10-08T03:20:45.297Z","","","","","","","The Free edition list on the pricing page includes contact management, follow-up reminders, workflow automation and, further down the same list, standard reports.","","","","unreviewed"
"zoho-crm","C11","plans","The Enterprise edition includes territory management, approval processes, a sandbox and advanced customization.","true","https://help.zoho.com/portal/en/kb/crm/getting-started/articles/choose-your-path-edition-and-role-guide","Enterprise is where Zoho CRM's power features live: territory management, translations, Sandbox for testing changes safely, advanced customization (subforms, custom buttons, page layouts), and approval/review processes.","2026-10-08T03:22:11.411Z","","","","","","","The browser read of Zoho's edition guide names territory management, Sandbox, advanced customization and approval processes for Enterprise; the pricing page Enterprise list also includes the approval process and developer sandbox.","","","","unreviewed"
"zoho-crm","C12","plans","The Professional edition adds sales-process management (Blueprint), inventory management and quoting.","true","https://help.zoho.com/portal/en/kb/crm/getting-started/articles/choose-your-path-edition-and-role-guide","Move to Professional if you need inventory management (quotes, sales orders, invoices), CPQ (product configurator and price rules), customer portals, Signals (real-time customer activity notifications), or Blueprint for process enforcement.","2026-10-08T03:22:11.411Z","","","","","","","The browser read of Zoho's edition guide places Blueprint, inventory management (quotes) and CPQ in Professional, not Standard; the CRM product page lists the same for Professional.","","","","unreviewed"
"zoho-crm","C13","plans","The Professional edition includes inventory management.","true","https://www.zoho.com/crm/","Professional Growing team, needs automation ₹ 1,400 /user/month AI agents Process management Inventory management Predictive intelligence Unlimited reports Configure, Price, Quote (CPQ)","2026-10-08T03:20:49.731Z","","","","","","","The CRM product page lists inventory management for the Professional edition.","","","","unreviewed"
"zoho-crm","C14","plans","The Professional edition includes scoring rules and custom reports.","unverifiable","","","","","","","","","","The Professional list names predictive intelligence and unlimited reports but not scoring rules or custom reports by those names, and the browser read of the edition guide marks Zia scoring only as Partial on Professional without naming scoring rules or custom reports.","","","","unreviewed"
"zoho-crm","C15","plans","The Standard edition includes multiple sales pipelines.","true","https://www.zoho.com/crm/","Standard Small team, getting started ₹ 800 /user/month Email integration & mass emails Multiple sales pipelines","2026-10-08T03:20:49.731Z","","","","","","","The CRM product page lists multiple sales pipelines for the Standard edition.","","","","unreviewed"
"zoho-crm","C16","plans","Paid editions from Standard up include workflows.","true","https://www.zoho.com/crm/a-complete-guide-to-zoho-crm.html","Paid tiers include additional automation and customization, such as setting up kiosks, customer journeys, workflows, and AI capabilities, and starts at $14 per user per month (billed annually).","2026-10-08T03:22:36.236Z","","","","","","","Zoho's guide says the paid tiers, starting with the $14 Standard edition, include workflows.","","","","unreviewed"
"zoho-crm","C17","plans","The Standard edition includes follow-up cadences.","true","https://help.zoho.com/portal/en/kb/crm/getting-started/articles/choose-your-path-edition-and-role-guide","Cadences (followup flows) — ✓ ✓ ✓ ✓","2026-10-08T03:22:11.411Z","","","","","","","In the browser read of Zoho's edition comparison table (columns Free, Standard, Professional, Enterprise, Ultimate), cadences are marked absent on Free and ticked from Standard up.","","","","unreviewed"
"zoho-crm","C18","plans","Zoho CRM has an Ultimate edition.","true","https://www.zoho.com/en-us/crm/zohocrm-pricing.html","Yes, Zoho CRM has an Ultimate edition tailored for large-scale, bespoke deployments","2026-10-08T03:20:45.297Z","","","","","","","The pricing page FAQ names the Ultimate edition.","","","","unreviewed"
"zoho-crm","C19","plans","There are multiple paid editions, plus broader application bundles.","true","https://www.zoho.com/crm/a-complete-guide-to-zoho-crm.html","Zoho CRM offers four tiers besides the Free edition.","2026-10-08T03:22:36.236Z","","","","","","","The guide states four tiers besides the Free edition, and the pricing page offers Zoho CRM Plus as a combined package.","","","","unreviewed"
"zoho-crm","C20","product_names","Zoho CRM's AI assistant is named Zia.","true","https://www.zoho.com/crm/a-complete-guide-to-zoho-crm.html","Zoho CRM's AI assistant , Zia, scores leads autonomously","2026-10-08T03:22:36.236Z","","","","","","","Zoho's guide names Zia as Zoho CRM's AI assistant (the pricing page also lists insights from Zia).","","","","unreviewed"
"zoho-crm","C21","product_names","Zoho has a suite named Zoho One.","true","https://zoho.com/","Zoho One The operating system for business","2026-10-08T03:22:16.180Z","","","","","","","The Zoho home page names Zoho One as its all-in-one suite.","","","","unreviewed"
"zoho-crm","C22","product_names","Bigin is a Zoho product (Bigin by Zoho).","true","https://zoho.com/","Bigin Pipeline-centric CRM for small businesses","2026-10-08T03:22:16.180Z","","","","","","","The Zoho home page lists Bigin among Zoho's featured apps as a pipeline-centric CRM for small businesses.","","","","unreviewed"
"zoho-crm","C23","product_names","Zoho has a bundle named Zoho CRM Plus.","true","https://www.zoho.com/en-us/crm/zohocrm-pricing.html","Zoho CRM Plus Sales, marketing, service in one unified package.","2026-10-08T03:20:45.297Z","","","","","","","The pricing page offers Zoho CRM Plus as a combined sales, marketing and service package.","","","","unreviewed"
"zoho-crm","C24","product_names","Zoho has an analytics product named Zoho Analytics.","true","https://help.zoho.com/portal/en/kb/crm/getting-started/articles/choose-your-path-edition-and-role-guide","bundles Zoho CRM with 10+ other apps: SalesIQ (live chat), Desk (support), Projects, Campaigns (email marketing), Social, Survey, Analytics, Marketing Automation, and more.","2026-10-08T03:22:11.411Z","","","","","","","The browser read of Zoho's edition guide lists Analytics among the Zoho apps bundled with Zoho CRM in CRM Plus (the apps are named there without the Zoho prefix); no other page read names it.","","","","unreviewed"
"zoho-crm","C25","product_names","Zoho has a product named Zoho CRM Analytics.","unverifiable","","","","","","","","","","No page read names Zoho CRM Analytics.","","","","unreviewed"
"microsoft-dynamics-365","C01","pricing","Dynamics 365 Sales Enterprise costs $105 per user per month billed annually.","true","https://www.microsoft.com/en-us/dynamics-365/products/sales/pricing","Dynamics 365 Sales Enterprise Edition Industry-leading sales force automation with contextual insights, AI, and advanced customization. $105.00 user/month, paid yearly","2026-10-08T03:25:34.359Z","","","","","","","The pricing page lists Sales Enterprise at $105.00 per user per month paid yearly, matching plan, unit and the annual basis both answers state for their price lists.","","","","unreviewed"
"microsoft-dynamics-365","C02","pricing","Dynamics 365 Sales Premium costs $150 per user per month billed annually.","true","https://www.microsoft.com/en-us/dynamics-365/products/sales/pricing","Dynamics 365 Sales Premium Advanced sales intelligence, agentic insights and automation. $150.00 user/month, paid yearly","2026-10-08T03:25:34.359Z","","","","","","","The pricing page lists Sales Premium at $150.00 per user per month paid yearly.","","","","unreviewed"
"microsoft-dynamics-365","C03","pricing","Dynamics 365 Sales Professional costs $65 per user per month.","true","https://www.microsoft.com/en-us/dynamics-365/products/sales/pricing","Dynamics 365 Sales Professional Core sales force automation, Microsoft 365 interoperation, reporting, and dashboards. $65.00 user/month, paid yearly","2026-10-08T03:25:34.359Z","","","","","","","The pricing page lists Sales Professional at $65.00 per user per month (paid yearly); the answer gives no billing period.","","","","unreviewed"
"microsoft-dynamics-365","C04","pricing","Dynamics 365 Sales Enterprise costs $135 per user per month.","wrong","https://www.microsoft.com/en-us/dynamics-365/products/sales/pricing","Dynamics 365 Sales Enterprise Edition Industry-leading sales force automation with contextual insights, AI, and advanced customization. $105.00 user/month, paid yearly","2026-10-08T03:25:34.359Z","","","","","not found","","The pricing page publishes one price for Sales Enterprise, $105.00 per user per month, which contradicts $135 for the same plan and unit; no page read dates a change from $135. Two cited pages give $135 for Sales Premium and $95 for Enterprise, so no cited page carries the claim as stated. Pass 2 consistency check: kept wrong; the answer states no billing period and the page publishes only the paid-yearly price for Enterprise, the same basis used to class C03 true from the same sentence.","","","","unreviewed"
"microsoft-dynamics-365","C05","pricing","Dynamics 365 costs about $65 to $135 per user per month.","unverifiable","","","","","","","","","","The approximate range names no plan for its upper bound; the published Sales plans are $65, $105 and $150, so the range is neither confirmed nor contradicted for a named plan.","","","","unreviewed"
"microsoft-dynamics-365","C06","plans","Advanced customization is included in Sales Enterprise.","true","https://www.microsoft.com/en-us/dynamics-365/products/sales/pricing","Dynamics 365 Sales Enterprise Edition Industry-leading sales force automation with contextual insights, AI, and advanced customization.","2026-10-08T03:25:34.359Z","","","","","","","The pricing page describes Sales Enterprise as including advanced customization.","","","","unreviewed"
"microsoft-dynamics-365","C07","plans","Predictive (premium) forecasting requires specific licensing and is not available in all regions.","true","https://learn.microsoft.com/en-us/dynamics365/sales/configure-premium-forecasting","Premium forecasting requires a specific Dynamics 365 Sales license and is not available in all regions.","2026-10-08T03:26:33.292Z","","","","","","","Microsoft's own documentation states premium forecasting requires a specific Dynamics 365 Sales license and is not available in all regions.","","","","unreviewed"
"microsoft-dynamics-365","C08","plans","Relationship analytics (with dashboards, forecasting and velocity tracking) come through the Sales Premium plan.","unverifiable","","","","","","","","","","The pricing page lists relationship analytics under the sales engagement feature, but its plan check marks are images that the snapshot does not carry, so the plan placement cannot be read.","","","","unreviewed"
"microsoft-dynamics-365","C09","plans","Some premium sales-agent capabilities require Microsoft 365 Copilot licenses.","unverifiable","","","","","","","","","","The pricing page says agents require Copilot Credits (included in Sales Premium or bought separately) and that some Teams capabilities need additional licenses, but no page read says Microsoft 365 Copilot licenses are required.","","","","unreviewed"
"microsoft-dynamics-365","C10","product_names","Dynamics 365's built-in AI is named Copilot.","true","https://www.microsoft.com/en-us/dynamics-365/products/sales/pricing","Includes Copilot in Dynamics 365 and agentic capabilities:","2026-10-08T03:25:34.359Z","","","","","","","The pricing page names the AI included in Sales Enterprise as Copilot in Dynamics 365.","","","","unreviewed"
"microsoft-dynamics-365","C11","integrations","Dynamics 365 Sales integrates with Microsoft 365.","true","https://www.microsoft.com/en-us/dynamics-365/products/sales","Core sales force automation and Microsoft 365 integration","2026-10-08T03:25:39.756Z","","","","","","","The product page describes Sales Professional as including Microsoft 365 integration (the pricing page says Microsoft 365 interoperation).","","","","unreviewed"
"microsoft-dynamics-365","C12","integrations","Dynamics 365 Sales integrates with Outlook.","true","https://www.microsoft.com/en-us/dynamics-365/products/sales/pricing","Included Copilot capabilities in Outlook: Dynamics 365 record creation, editing, and reading","2026-10-08T03:25:34.359Z","","","","","","","The pricing page lists Dynamics 365 record creation, editing and reading in Outlook.","","","","unreviewed"
"microsoft-dynamics-365","C13","integrations","Dynamics 365 Sales integrates with Microsoft Teams.","true","https://www.microsoft.com/en-us/dynamics-365/products/sales/pricing","Included Copilot capabilities in Teams: unlimited conversation intelligence in Teams, collaborative deal rooms","2026-10-08T03:25:34.359Z","","","","","","","The pricing page lists Dynamics 365 Sales capabilities inside Microsoft Teams.","","","","unreviewed"
"microsoft-dynamics-365","C14","integrations","Dynamics 365 Sales integrates with Azure.","unverifiable","","","","","","","","","","The pricing page only says an Azure subscription is required to use and bill agents; no page read describes an integration between Dynamics 365 Sales and Azure services.","","","","unreviewed"
"microsoft-dynamics-365","C15","integrations","Dynamics 365 Sales integrates with Power BI.","true","https://www.microsoft.com/en-us/dynamics-365/products/sales/pricing","Includes export to Excel and advanced analytics with Microsoft Power BI.","2026-10-08T03:25:34.359Z","","","","","","","The pricing page says reporting and dashboards include advanced analytics with Microsoft Power BI.","","","","unreviewed"
"microsoft-dynamics-365","C16","integrations","Dynamics 365 Sales integrates with Excel.","true","https://www.microsoft.com/en-us/dynamics-365/products/sales/pricing","Includes export to Excel and advanced analytics with Microsoft Power BI.","2026-10-08T03:25:34.359Z","","","","","","","The pricing page says reporting includes export to Excel (the product page also mentions exporting to Excel).","","","","unreviewed"
"microsoft-dynamics-365","C17","integrations","Dynamics 365 Sales integrates with Office 365.","unverifiable","","","","","","","","","","The pages read name Microsoft 365, not Office 365, and do not say whether the two names refer to the same suite.","","","","unreviewed"
"microsoft-dynamics-365","C18","integrations","Dynamics 365 Sales integrates with Power Platform.","true","https://www.microsoft.com/en-us/dynamics-365/products/sales","Integrate and extend with Power Platform","2026-10-08T03:25:39.756Z","","","","","","","The product page says Dynamics 365 Sales integrates and extends with Power Platform.","","","","unreviewed"
"asana","C01","pricing","The Starter plan costs $10.99 per user per month billed annually.","true","https://asana.com/pricing","$10.99 Per user, per month billed annually. $13.49 billed monthly","2026-10-08T03:01:09.183Z","","","","","","","The pricing page lists Starter at $10.99 per user per month billed annually, the same plan and billing basis as the claim.","","","","unreviewed"
"asana","C02","pricing","The Advanced plan costs $24.99 per user per month billed annually.","true","https://asana.com/pricing","$24.99 Per user, per month billed annually. $30.49 billed monthly","2026-10-08T03:01:09.183Z","","","","","","","The pricing page lists Advanced at $24.99 per user per month billed annually, the same plan and billing basis as the claim.","","","","unreviewed"
"asana","C03","pricing","Paid plans start at about $10.99 per user per month (billing basis not stated).","true","https://asana.com/pricing","$10.99 Per user, per month billed annually. $13.49 billed monthly","2026-10-08T03:01:09.183Z","","","","","","","Starter is the lowest paid plan on the pricing page at $10.99 per user per month (billed annually), so the stated starting price matches; the answers do not claim a monthly-billing price.","","","","unreviewed"
"asana","C04","free_tier","Asana has a free tier.","true","https://asana.com/pricing","Personal For one or two people managing personal projects. $0 Free forever","2026-10-08T03:01:09.183Z","","","","","","","The pricing page lists the Personal plan at $0, free forever.","","","","unreviewed"
"asana","C05","free_tier","The free tier allows up to 15 users.","wrong","https://asana.com/pricing","Personal For one or two people managing personal projects. $0 Free forever Sign up Manage tasks and personal to-dos: 2 users collaborate for free","2026-10-08T03:01:09.183Z","","","","","not found","","The pricing page gives the free Personal plan 2 users (its user-limit row reads 2 seats), which contradicts 15 for the same free plan; no page read dates a change of the free user limit, so the claim is wrong, not stale.","","","","unreviewed"
"asana","C06","plans","Portfolios, goals, workload within a portfolio, approvals and proofing come with the Advanced plan and higher, not with Starter.","true","https://asana.com/pricing","Everything in Starter, plus: Unlimited portfolios track progress across related projects Goals connect daily work to strategic objectives Resource management balances workloads within a portfolio Approvals and proofing streamline feedback and sign-off","2026-10-08T03:01:09.183Z","","","","","","","The Advanced plan card lists unlimited portfolios, goals, resource management within a portfolio, and approvals and proofing as what it adds over Starter.","","","","unreviewed"
"asana","C07","plans","SAML SSO, automated user provisioning, organization-wide workload and capacity planning require the Enterprise tier, above Advanced.","true","https://asana.com/pricing","SAML authentication connects Asana to your company's single sign-on User provisioning (SCIM) automates employee onboarding and offboarding Universal resource management balances workloads across your organization Capacity planning aligns staffing with upcoming project needs","2026-10-08T03:01:09.183Z","","","","","","","The Enterprise plan card (Everything in Advanced, plus) lists SAML authentication, SCIM user provisioning, universal resource management across the organization and capacity planning; Advanced has resource management only within a portfolio.","","","","unreviewed"
"asana","C08","plans","The Starter plan includes timelines, dashboards, forms and automation.","true","https://asana.com/pricing","Timeline and Gantt views visualize schedules and task dependencies Reporting dashboards turn project data into clear insights Unlimited automations handle routine tasks and handoffs Forms capture requests and turn them into tasks","2026-10-08T03:01:09.183Z","","","","","","","The Starter plan card lists timeline and Gantt views, reporting dashboards, unlimited automations and forms.","","","","unreviewed"
"clickup","C01","pricing","The Unlimited plan costs $7 per user per month billed annually.","true","https://clickup.com/pricing","unlimited yearly price: $7 Per user/month, billed yearly","2026-10-08T03:04:58.761Z","","","","","","","The pricing page lists Unlimited at $7 per user per month billed yearly, the same plan and billing basis as the claim.","","","","unreviewed"
"clickup","C02","pricing","The Business plan costs $12 per user per month billed annually.","true","https://clickup.com/pricing","business yearly price: $12 Per user/month, billed yearly","2026-10-08T03:04:58.761Z","","","","","","","The pricing page lists Business at $12 per user per month billed yearly, the same plan and billing basis as the claim.","","","","unreviewed"
"clickup","C03","plans","The Unlimited plan includes native time tracking, portfolio management, resource management and guest access with permission control.","true","https://clickup.com/pricing","Native Time Tracking Goals & Portfolio Management Guests With Permission Control Resource Management","2026-10-08T03:04:58.761Z","","","","","","","The Unlimited plan card lists native time tracking, goals and portfolio management, guests with permission control and resource management.","","","","unreviewed"
"clickup","C04","plans","SAML SSO, SCIM provisioning, audit logs and advanced governance require the Enterprise plan.","true","https://clickup.com/pricing","Everything in Business, plus: Enterprise Permissions and Governance Unlimited Custom Roles SAML SSO & SCIM Provisioning Audit Log","2026-10-08T03:04:58.761Z","","","","","","","The Enterprise plan card lists enterprise permissions and governance, SAML SSO and SCIM provisioning, and audit log as what it adds over Business.","","","","unreviewed"
"clickup","C05","free_tier","ClickUp has a free plan.","true","https://clickup.com/pricing","free forever yearly price: Free Per user/month, billed yearly","2026-10-08T03:04:58.761Z","","","","","","","The pricing page lists the Free Forever plan at no charge.","","","","unreviewed"
"clickup","C06","platforms","ClickUp runs in the cloud (a cloud environment).","true","https://clickup.com/security","ClickUp is hosted entirely on Amazon Web Services (AWS)","2026-10-08T03:05:19.337Z","","","","","","","The security page states that ClickUp is hosted entirely on Amazon Web Services, a cloud host.","","","","unreviewed"
"jira","C01","free_tier","Jira has a free tier.","true","https://www.atlassian.com/software/jira/guides/more/jira-editions","The Jira Free plan is a no-cost plan for up to 10 users, with no time limit and no credit card required.","2026-10-08T03:07:00.630Z","","","","","","","The vendor's plans guide describes a Free plan at no cost for up to 10 users.","","","","unreviewed"
"jira","C02","plans","Cross-team planning (Plans), with dependency management and team capacity, requires Jira Premium or Enterprise.","true","https://www.atlassian.com/software/jira/guides/advanced-roadmaps/overview","Jira Plans is a cross-team planning tool available in Jira Premium and Jira Enterprise","2026-10-08T03:07:01.668Z","","","","","","","The vendor's guide states that Plans, the cross-team planning tool that tracks capacity and manages dependencies, is available in Premium and Enterprise, and that Standard and Free do not include cross-team planning; the pricing page read in a browser also lists 'Cross-team planning and dependency management' under Premium.","","","","unreviewed"
"jira","C03","plans","Premium and Enterprise offer individual allocations across projects and epics, measured in hours, days or percentages.","unverifiable","","","","","","","","","","The guides read describe team capacity in Plans (days, hours or story points) but say nothing of individual allocations across projects and epics or of percentages; the pricing page, now read in a real browser, lists 'Capacity management' as a comparison row without per-plan text and does not mention individual allocations, so the pages do not settle it.","","","","unreviewed"
"jira","C04","plans","The Enterprise plan adds cross-product analytics and expanded administration and security.","true","https://www.atlassian.com/software/jira/guides/more/jira-editions","Enterprise lets you manage multiple Jira sites (up to 150) while paying for each user only once, and it adds Atlassian Analytics and the Data Lake for cross-product reporting, unlimited automation, advanced admin controls, and a 99.95% uptime SLA.","2026-10-08T03:07:00.630Z","","","","","","","The vendor's plans guide says Enterprise adds Atlassian Analytics and the Data Lake for cross-product reporting and advanced admin controls, with stronger security controls for large deployments; the pricing page read in a browser lists 'Advanced admin controls and security' under Enterprise.","","","","unreviewed"
"jira","C05","product_names","The product is named Atlassian Jira (Jira by Atlassian).","true","https://www.atlassian.com/software/jira","Jira | Project Management for the AI Era | Atlassian","2026-10-08T03:06:36.800Z","","","","","","","Atlassian's product page presents the product as Jira under the Atlassian name, matching the X-by-Y naming Atlassian Jira.","","","","unreviewed"
"jira","C06","ownership","Jira is an Atlassian product (part of the Atlassian ecosystem).","true","https://www.atlassian.com/software/jira/guides/more/jira-editions","If you're on Free, you can try Standard or Premium at no cost during a trial before you commit, and you can contact Atlassian to trial Enterprise.","2026-10-08T03:07:00.630Z","","","","","","","Jira is sold and documented on atlassian.com, whose plans guide directs Enterprise trials to Atlassian and whose footer lists Jira among Atlassian products.","","","","unreviewed"
"jira","C07","integrations","Jira integrates with Confluence.","true","https://www.atlassian.com/software/jira/integrations","Work and knowledge connected for seamless collaboration 76% of Jira Software customers said they shipped projects faster after adding Confluence to help organize and manage agile projects.","2026-10-08T03:07:52.270Z","","","","","","","The Jira integrations page lists Confluence among connected Atlassian products.","","","","unreviewed"
"jira","C08","integrations","Jira integrates with Bitbucket.","true","https://www.atlassian.com/software/jira/integrations","Teams that integrate Jira Software with Bitbucket release versions 14% more often than those who don't.","2026-10-08T03:07:52.270Z","","","","","","","The Jira integrations page describes integrating Jira with Bitbucket.","","","","unreviewed"
"wrike","C01","pricing","The Business plan costs $25 per user per month billed annually.","true","https://www.wrike.com/price/","Business Customizable platform to manage your workflows $25 user/month","2026-10-08T03:09:32.987Z","","","","","","","The pricing page lists Business at $25 per user per month and states that the amount shown is priced per month and billed on an annual per-user basis, the same basis as the claim.","","","","unreviewed"
"wrike","C02","pricing","The Pinnacle plan has custom pricing.","true","https://www.wrike.com/price/","Pinnacle Built for complex workflows Contact us Connect with us for pricing","2026-10-08T03:09:32.987Z","","","","","","","The pricing page shows no list price for Pinnacle and asks buyers to contact Wrike for pricing.","","","","unreviewed"
"wrike","C03","plans","The Business plan supports 5 to 200 users.","true","https://www.wrike.com/price/","$25 user/month Try for free No credit card required All of Team, plus: 5 to 200 users","2026-10-08T03:09:32.987Z","","","","","","","The Business plan card on the pricing page states 5 to 200 users.","","","","unreviewed"
"wrike","C04","plans","Advanced capacity and resource planning, budgeting (financial tracking), role management, time tracking and advanced reporting come with Pinnacle and higher tiers (Apex), not Business.","true","https://www.wrike.com/price/","All of Business, plus: AI Elite features 3 times more AI Elite actions per month to automate targeted workflows with AI agents. Advanced resource and capacity planning Enable extensive role management, user custom fields and time-tracking capabilities. Budgeting (track financials)","2026-10-08T03:09:32.987Z","","","","","","","The Pinnacle plan card adds advanced resource and capacity planning (with role management and time-tracking capabilities), budgeting and advanced reporting and BI over Business, and the Apex plan includes all of Pinnacle.","","","","unreviewed"
"wrike","C05","plans","Bookings require a higher tier such as Pinnacle or Apex.","unverifiable","","","","","","","","","","Neither the pricing page nor the resource management page read in this study says which plan includes bookings.","","","","unreviewed"
"wrike","C06","integrations","Wrike integrates with Microsoft Teams.","true","https://www.wrike.com/","Connect the tools you love with 400+ integrations Wrike Integrate easily syncs Wrike with almost any app your business uses and automates processes both outside and inside our platform. Slack Microsoft Google Adobe Salesforce Zoom Tableau MS Teams","2026-10-08T03:09:37.896Z","","","","","","","The home page lists MS Teams among the apps Wrike connects with.","","","","unreviewed"
"wrike","C07","integrations","Wrike offers 400+ integrations.","true","https://www.wrike.com/","Connect the tools you love with 400+ integrations","2026-10-08T03:09:37.896Z","","","","","","","The home page states 400+ integrations, the same count as the claim.","","","","unreviewed"
"wrike","C08","platforms","Wrike is cloud-based.","true","https://www.wrike.com/price/","Wrike is entirely cloud-based, meaning there is no need for site visits and our software can be used instantly by remote workers.","2026-10-08T03:09:32.987Z","","","","","","","The pricing page FAQ states that Wrike is entirely cloud-based.","","","","unreviewed"
"smartsheet","C01","pricing","The Business plan costs $19 per member per month billed annually.","true","https://www.smartsheet.com/pricing","Most popular Business $ 24 19 per Member/month","2026-10-08T03:11:08.947Z","","","","","","","The pricing page shows Business at $24 (monthly pricing) and $19 (yearly pricing) per member per month, in the order of its Monthly pricing and Yearly pricing toggle (Pro shows $12 and $9 the same way), so $19 billed annually matches.","","","","unreviewed"
"smartsheet","C02","plans","Resource Management is a separately priced add-on, not part of the core plans.","true","https://www.smartsheet.com/platform/resource-planning","Scenario Planning is included in Enterprise plans. Workload tracking is included in Business plans, and Resource Management is a premium add-on.","2026-10-08T03:12:03.038Z","","","","","","","The resource planning page states that Resource Management is a premium add-on, and the pricing table marks it Add-on on Business, Enterprise and Advanced Work Management.","","","","unreviewed"
"smartsheet","C03","plans","The Business plan includes workload tracking.","true","https://www.smartsheet.com/pricing","Includes Pro plan, plus: Unlimited free Guests Timeline view Workload tracking","2026-10-08T03:11:08.947Z","","","","","","","The Business plan card lists workload tracking, and the resource planning page states that workload tracking is included in Business plans.","","","","unreviewed"
"smartsheet","C04","plans","The Enterprise plan includes portfolios and scenario planning.","true","https://www.smartsheet.com/pricing","Includes Business plan, plus: Scenario Planning Portfolios SAML-based SSO","2026-10-08T03:11:08.947Z","","","","","","","The Enterprise plan card lists Scenario Planning and Portfolios as what it adds over Business.","","","","unreviewed"
"smartsheet","C05","plans","Control Center and tools for connecting data across systems come in a higher package, Advanced Work Management.","true","https://www.smartsheet.com/pricing","Includes Enterprise plan, plus: Control Center Dynamic View Data Shuttle Connectors DataMesh","2026-10-08T03:11:08.947Z","","","","","","","The Advanced Work Management plan card adds Control Center and the data tools Data Shuttle, Connectors and DataMesh over Enterprise; on Business and Enterprise, Control Center is a paid add-on.","","","","unreviewed"
"smartsheet","C06","plans","Resource management features for skill-based allocation, utilization tracking and forecasting come built in on higher tiers.","unverifiable","","","","","","","","","","Re-classed from wrong in the pass 2 consistency check: the vendor's pages include workload tracking in Business and make Resource Management (skill-based assignments, capacity forecasting) a premium add-on on Business, Enterprise and Advanced Work Management, so the claim is contradicted only if 'built-in (on higher tiers)' means included in the plan price; read as native and available on higher tiers it matches, and no page states the contradiction explicitly.","","","","unreviewed"
"smartsheet","C07","product_names","Smartsheet's resource management product is named Resource Management (Smartsheet Resource Management).","true","https://www.smartsheet.com/pricing","Resource Planning Resource Management Eligible: Business Enterprise Match people to the right work, balance workloads, and forecast demand to improve project delivery with Resource Management.","2026-10-08T03:11:08.947Z","","","","","","","The pricing page sells a premium feature named Resource Management.","","","","unreviewed"
"smartsheet","C08","product_names","Smartsheet's portfolio management product is named Control Center.","true","https://www.smartsheet.com/pricing","Control Center: Portfolio management","2026-10-08T03:11:08.947Z","","","","","","","The pricing page lists Control Center as its portfolio management feature.","","","","unreviewed"
"smartsheet","C09","platforms","Smartsheet is cloud-based.","true","https://www.smartsheet.com/about","Smartsheet (NYSE:SMAR) is a leading cloud-based platform for work execution","2026-10-08T03:11:58.777Z","","","","","","","The about page describes Smartsheet as a cloud-based platform for work execution.","","","","unreviewed"
